1,45.49287,-73.56487,607184015
2,45.49281,-73.564926,607184015
3,45.491966,-73.56561,607184015
4,45.491108,-73.566345,607184015
5,45.49101,-73.56643,607184015
6,45.490917,-73.566505,607184015
7,45.49082,-73.56658,607184015
8,45.490734,-73.56666,607184015
9,45.49064,-73.566734,607184015
10,45.49056,-73.5668,607184015
11,45.49048,-73.56687,607184015
12,45.490406,-73.56693,607184015
13,45.49035,-73.566986,607184015
14,45.490295,-73.56703,607184015
15,45.490242,-73.56708,607184015
16,45.490185,-73.56713,607184015
17,45.49015,-73.56726,329988460
18,45.490166,-73.5673,329988460
19,45.490192,-73.56736,329988460
20,45.490227,-73.56744,329988460
21,45.49026,-73.56751,329988460
22,45.490303,-73.567604,329988460
23,45.490353,-73.5677,329988460
24,45.4904,-73.56781,329988460
25,45.49045,-73.56792,329988460
26,45.49052,-73.56805,329988460
27,45.49058,-73.568184,329988460
28,45.490646,-73.56831,329988460
29,45.490707,-73.56844,329988460
30,45.49077,-73.56857,329988460
31,45.490833,-73.5687,329988460
32,45.49089,-73.568825,329988460
33,45.490944,-73.56894,329988460
34,45.491,-73.56906,329988460
35,45.491055,-73.56917,329988460
36,45.491104,-73.569275,329988460
37,45.491146,-73.56937,329988460
38,45.49119,-73.56946,329988460
39,45.491226,-73.569534,329988460
40,45.49126,-73.5696,329988460
41,45.491287,-73.569664,329988460
42,45.49131,-73.56971,329988460
43,45.491325,-73.56974,329988460
44,45.49133,-73.56975,329988460
45,45.491333,-73.569756,329988460
46,45.49133,-73.56975,329988460
47,45.49133,-73.56975,329988460
48,45.49133,-73.56975,329988460
49,45.49133,-73.56975,329988460
50,45.491333,-73.569756,329988460
51,45.491333,-73.569756,329988460
52,45.491333,-73.569756,329988460
53,45.491333,-73.569756,329988460
54,45.491333,-73.569756,329988460
55,45.491337,-73.569756,329988460
56,45.491337,-73.56976,329988460
57,45.491337,-73.569756,329988460
58,45.491337,-73.56976,329988460
59,45.491337,-73.56976,329988460
60,45.491337,-73.56976,329988460
61,45.491337,-73.56976,329988460
62,45.491337,-73.56976,329988460
63,45.491337,-73.56976,329988460
64,45.491337,-73.56976,329988460
65,45.491337,-73.56976,329988460
66,45.491337,-73.56976,329988460
67,45.491337,-73.56976,329988460
68,45.491337,-73.56976,329988460
69,45.491337,-73.56976,329988460
70,45.491337,-73.56976,329988460
71,45.491337,-73.56976,329988460
72,45.491337,-73.56976,329988460
73,45.491337,-73.56976,329988460
74,45.491337,-73.56976,329988460
75,45.491337,-73.56976,329988460
76,45.491337,-73.56976,329988460
77,45.491337,-73.56976,329988460
78,45.491337,-73.56976,329988460
79,45.491352,-73.5698,329988460
80,45.491364,-73.56982,329988460
81,45.491398,-73.56989,329988460
82,45.49142,-73.56994,329988460
83,45.49146,-73.57002,111771067
84,45.4915,-73.570114,111771067
85,45.491543,-73.5702,111771067
86,45.491592,-73.5703,111771067
87,45.49165,-73.57042,111771067
88,45.491707,-73.57054,111771067
89,45.491768,-73.57067,111771067
90,45.49183,-73.57079,111771067
91,45.491894,-73.57094,111771067
92,45.491962,-73.57108,111771067
93,45.49203,-73.57123,111771067
94,45.4921,-73.57137,111771067
95,45.49217,-73.57152,111771067
96,45.492245,-73.57168,111771067
97,45.492306,-73.57181,111771067
98,45.49237,-73.57194,111771067
99,45.49243,-73.57207,111771067
100,45.492493,-73.5722,111771067
101,45.492546,-73.57231,465656094
102,45.492588,-73.5724,465656094
103,45.492645,-73.57252,465656094
104,45.492702,-73.57264,465656094
105,45.49276,-73.57276,465656094
106,45.49282,-73.57289,465656094
107,45.492878,-73.57301,465656094
108,45.492935,-73.573135,465656094
109,45.492992,-73.57326,465656094
110,45.493057,-73.573395,111771070
111,45.493126,-73.57353,41258976
112,45.49319,-73.57367,41258976
113,45.49326,-73.573814,41258976
114,45.493324,-73.57395,41258976
115,45.49338,-73.57407,41258976
116,45.493435,-73.57418,41258976
117,45.493492,-73.5743,41258976
118,45.493546,-73.57442,41258976
119,45.493576,-73.57448,41258976
120,45.493607,-73.57454,41258976
121,45.49362,-73.57457,41258976
122,45.49364,-73.57461,41258976
123,45.49365,-73.57463,41258976
124,45.493652,-73.57464,41258976
125,45.493656,-73.574646,41258976
126,45.49365,-73.57463,41258976
127,45.49365,-73.57463,41258976
128,45.493652,-73.57464,41258976
129,45.493652,-73.57464,41258976
130,45.493652,-73.57464,41258976
131,45.493652,-73.57464,41258976
132,45.493652,-73.57464,41258976
133,45.493652,-73.57464,41258976
134,45.493656,-73.574646,41258976
135,45.493664,-73.57466,41258976
136,45.493668,-73.57467,41258976
137,45.493675,-73.574684,41258976
138,45.493675,-73.574684,41258976
139,45.49368,-73.57469,41258976
140,45.493687,-73.57471,41258976
141,45.493706,-73.574745,41258976
142,45.493732,-73.57481,41258976
143,45.493755,-73.57485,41258976
144,45.49379,-73.57493,330153471
145,45.493828,-73.57501,330153471
146,45.49387,-73.5751,455083994
147,45.49391,-73.57521,455083994
148,45.493954,-73.57532,455083994
149,45.49399,-73.57542,455083994
150,45.494034,-73.57552,455083994
151,45.494072,-73.57562,455083994
152,45.49411,-73.57572,455083994
153,45.494144,-73.575806,455083994
154,45.49418,-73.5759,455083994
155,45.494213,-73.57598,455083994
156,45.494247,-73.576065,455083994
157,45.494286,-73.57616,455083994
158,45.494328,-73.576256,455083994
159,45.49437,-73.576355,455083994
160,45.49441,-73.576454,455083994
161,45.494465,-73.57658,455083994
162,45.49451,-73.57669,455083994
163,45.49457,-73.57682,455083994
164,45.494625,-73.576935,455083994
165,45.494686,-73.577065,455083994
166,45.494736,-73.57718,455083994
167,45.494797,-73.57731,455083994
168,45.494854,-73.57744,455083994
169,45.4949,-73.57754,455083994
170,45.49493,-73.57761,455083994
171,45.49496,-73.57767,455083994
172,45.494972,-73.5777,455083994
173,45.494984,-73.57772,455083994
174,45.49498,-73.57771,455083994
175,45.494972,-73.5777,455083994
176,45.49496,-73.577675,455083994
177,45.494957,-73.57766,455083994
178,45.49495,-73.577644,455083994
179,45.49495,-73.577644,455083994
180,45.49495,-73.577644,455083994
181,45.49495,-73.577644,455083994
182,45.49495,-73.577644,455083994
183,45.494946,-73.57764,455083994
184,45.49495,-73.577644,455083994
185,45.49495,-73.577644,455083994
186,45.49495,-73.577644,455083994
187,45.49495,-73.57765,455083994
188,45.49495,-73.57765,455083994
189,45.49495,-73.57765,455083994
190,45.49495,-73.57765,455083994
191,45.49495,-73.57765,455083994
192,45.49495,-73.57765,455083994
193,45.49495,-73.57765,455083994
194,45.494953,-73.57765,455083994
195,45.494953,-73.57765,455083994
196,45.494953,-73.57765,455083994
197,45.494953,-73.57766,455083994
198,45.494953,-73.57766,455083994
199,45.494953,-73.57766,455083994
200,45.49495,-73.57765,455083994
201,45.49495,-73.57765,455083994
202,45.49495,-73.57765,455083994
203,45.494953,-73.57765,455083994
204,45.494953,-73.57765,455083994
205,45.494953,-73.57765,455083994
206,45.494953,-73.57765,455083994
207,45.494953,-73.57766,455083994
208,45.494953,-73.57766,455083994
209,45.494953,-73.57766,455083994
210,45.494953,-73.57766,455083994
211,45.494953,-73.57765,455083994
212,45.494953,-73.57765,455083994
213,45.494953,-73.57765,455083994
214,45.494957,-73.57767,455083994
215,45.494984,-73.57772,455083994
216,45.495014,-73.57778,455083994
217,45.495056,-73.577866,455083993
218,45.495113,-73.57798,455083993
219,45.495155,-73.57808,455083993
220,45.495213,-73.57821,455083993
221,45.495285,-73.57837,48680975
222,45.495358,-73.57853,48680975
223,45.49542,-73.578674,48680975
224,45.495487,-73.57883,48680975
225,45.495552,-73.57897,48680975
226,45.495617,-73.57912,48680975
227,45.495674,-73.57926,48680975
228,45.49574,-73.57939,165217827
229,45.495804,-73.57954,165217827
230,45.49586,-73.57967,165217827
231,45.49593,-73.57983,165217827
232,45.495995,-73.57998,165217827
233,45.496048,-73.58014,165217827
234,45.496094,-73.58029,165217827
235,45.496143,-73.58044,165217827
236,45.496193,-73.58058,165217827
237,45.496243,-73.580734,165217827
238,45.496292,-73.5809,165217827
239,45.496326,-73.581024,165217827
240,45.496365,-73.581154,165217827
241,45.496407,-73.58128,165217827
242,45.49644,-73.58138,165217827
243,45.49648,-73.58149,165217827
244,45.4965,-73.58154,165217827
245,45.496525,-73.58163,165217827
246,45.49655,-73.58171,165217827
247,45.49655,-73.5818,41258974
248,45.496548,-73.58186,41258974
249,45.496544,-73.58195,41258974
250,45.49654,-73.58201,41258974
251,45.496536,-73.58206,41258974
252,45.496532,-73.58213,41258974
253,45.49653,-73.58219,41258974
254,45.496525,-73.582275,41258974
255,45.496517,-73.582375,41258974
256,45.496513,-73.58248,41258974
257,45.49651,-73.58256,41258974
258,45.496502,-73.58266,41258974
259,45.4965,-73.58271,41258974
260,45.496494,-73.58281,41258974
261,45.49649,-73.582886,41258974
262,45.496483,-73.58299,41258974
263,45.49648,-73.583084,41258974
264,45.49647,-73.58318,41258974
265,45.496464,-73.58328,41258974
266,45.49646,-73.58336,41258974
267,45.496452,-73.583435,41258974
268,45.49645,-73.58352,41258974
269,45.49644,-73.583626,41258974
270,45.496433,-73.583725,41258974
271,45.496426,-73.58384,41258974
272,45.49642,-73.58392,143920958
273,45.49641,-73.58402,143920958
274,45.496403,-73.58409,143920958
275,45.496407,-73.58406,143920958
276,45.496407,-73.58406,143920958
277,45.496407,-73.58406,143920958
278,45.496407,-73.584076,143920958
279,45.496407,-73.58408,143920958
280,45.496407,-73.584076,143920958
281,45.496407,-73.58408,143920958
282,45.496407,-73.58408,143920958
283,45.496407,-73.58408,143920958
284,45.496407,-73.584076,143920958
285,45.496407,-73.58407,143920958
286,45.496407,-73.584076,143920958
287,45.496407,-73.584076,143920958
288,45.496407,-73.584076,143920958
289,45.496407,-73.584076,143920958
290,45.496407,-73.584076,143920958
291,45.496407,-73.584076,143920958
292,45.496407,-73.584076,143920958
293,45.496407,-73.584076,143920958
294,45.496407,-73.584076,143920958
295,45.496407,-73.584076,143920958
296,45.496407,-73.584076,143920958
297,45.496407,-73.584076,143920958
298,45.496407,-73.584076,143920958
299,45.496407,-73.58408,143920958
300,45.496403,-73.58412,143920958
301,45.4964,-73.58416,143920958
302,45.496387,-73.584274,143920958
303,45.496376,-73.58439,143920958
304,45.49637,-73.584496,143920958
305,45.496357,-73.58462,143920958
306,45.496353,-73.58474,143920958
307,45.496346,-73.58487,143920958
308,45.49634,-73.585,143920958
309,45.49633,-73.585144,143920958
310,45.49632,-73.585304,143920958
311,45.49631,-73.585464,143920958
312,45.4963,-73.58559,143920958
313,45.496296,-73.5857,143920958
314,45.496292,-73.585785,4872827
315,45.496296,-73.58593,4872827
316,45.4963,-73.58605,4872827
317,45.496304,-73.58611,4872827
318,45.496307,-73.58616,4872827
319,45.496307,-73.586235,4872827
320,45.49631,-73.586266,4872827
321,45.49631,-73.5863,4872827
322,45.496315,-73.58635,4872827
323,45.496323,-73.58641,4872827
324,45.49634,-73.58649,4872827
325,45.496357,-73.58658,4872827
326,45.49638,-73.58668,4872827
327,45.496403,-73.586784,453745825
328,45.49642,-73.58689,453745825
329,45.496445,-73.58701,453745825
330,45.49646,-73.58712,453745825
331,45.496468,-73.58725,453745825
332,45.496464,-73.587364,453745825
333,45.496445,-73.58751,165217806
334,45.49641,-73.58765,165217806
335,45.496376,-73.587746,165217806
336,45.496323,-73.58786,165217806
337,45.496265,-73.58797,165217806
338,45.49622,-73.58805,165217806
339,45.496162,-73.58815,727849147
340,45.496117,-73.588234,727849147
341,45.496063,-73.588326,727849147
342,45.496006,-73.58843,727849147
343,45.49595,-73.58854,727849147
344,45.495888,-73.58865,727849147
345,45.495827,-73.58877,727849147
346,45.495773,-73.58887,727849147
347,45.495712,-73.588974,727849147
348,45.49565,-73.58909,727849147
349,45.495594,-73.589195,727849147
350,45.495533,-73.58931,727849147
351,45.495472,-73.589424,727849147
352,45.4954,-73.58956,727849147
353,45.495335,-73.58969,453745827
354,45.49526,-73.589836,453745827
355,45.49519,-73.590004,453745827
356,45.495144,-73.59015,453745827
357,45.495106,-73.59029,453745827
358,45.49508,-73.59045,453745827
359,45.49506,-73.59061,453745827
360,45.49505,-73.59076,453745827
361,45.495045,-73.59091,453745827
362,45.495045,-73.5911,453745827
363,45.495052,-73.59127,453745827
364,45.49506,-73.59146,453745827
365,45.49507,-73.59164,453745827
366,45.49508,-73.591805,546026783
367,45.495087,-73.59199,329694548
368,45.495094,-73.59216,329694548
369,45.495102,-73.59235,329694548
370,45.49511,-73.59252,329694548
371,45.495117,-73.5927,329694548
372,45.495125,-73.59287,329694548
373,45.49513,-73.59304,329694548
374,45.495136,-73.593216,329694548
375,45.495148,-73.59339,329694548
376,45.495163,-73.59357,329694548
377,45.495186,-73.593735,329694548
378,45.49521,-73.59391,329694548
379,45.495235,-73.59407,329694548
380,45.495262,-73.59422,329694548
381,45.49529,-73.59438,329694548
382,45.49531,-73.594536,329694548
383,45.49534,-73.59468,329694548
384,45.495358,-73.59483,329694548
385,45.49537,-73.594986,329694548
386,45.49538,-73.595146,329694548
387,45.495377,-73.5953,329694548
388,45.495377,-73.59547,329694548
389,45.495373,-73.595634,329694548
390,45.49537,-73.59581,329694548
391,45.495365,-73.59596,329694548
392,45.495365,-73.596115,329694548
393,45.495373,-73.596275,453745823
394,45.495384,-73.59643,453745823
395,45.495396,-73.59659,453745823
396,45.495403,-73.596756,453745823
397,45.49542,-73.596924,453745823
398,45.49543,-73.597084,453745823
399,45.49544,-73.597244,453745823
400,45.49545,-73.59739,453745823
401,45.495457,-73.597534,453745823
402,45.495464,-73.59767,453745823
403,45.495472,-73.59779,453745823
404,45.49548,-73.59791,453745823
405,45.495487,-73.59803,453745823
406,45.495495,-73.59816,453745823
407,45.495502,-73.598305,453745823
408,45.495514,-73.59845,453745823
409,45.49552,-73.59859,453745823
410,45.49553,-73.598724,453745823
411,45.495537,-73.59886,453745828
412,45.49554,-73.59899,453745828
413,45.495544,-73.59914,453745828
414,45.49555,-73.5993,453745828
415,45.495552,-73.59947,453745828
416,45.49556,-73.59966,453745828
417,45.495567,-73.59986,453745828
418,45.495575,-73.60006,453745828
419,45.495583,-73.60025,453745828
420,45.495586,-73.600426,453745828
421,45.495594,-73.60061,453745828
422,45.495598,-73.60079,453745828
423,45.49559,-73.60097,453745828
424,45.495583,-73.601135,453745828
425,45.495567,-73.60132,453745828
426,45.49554,-73.601494,453745828
427,45.495514,-73.60167,453745828
428,45.49548,-73.60185,453745828
429,45.495445,-73.60201,453745828
430,45.49541,-73.60217,453745828
431,45.495373,-73.60235,453745828
432,45.495335,-73.602516,453745828
433,45.4953,-73.60268,453745828
434,45.495266,-73.602844,453745828
435,45.495235,-73.60303,453745828
436,45.49521,-73.60322,453745828
437,45.495197,-73.60341,453745828
438,45.495193,-73.60359,41590837
439,45.495197,-73.603775,41590837
440,45.495205,-73.60395,41590837
441,45.495213,-73.60413,41590838
442,45.49522,-73.604324,41590838
443,45.495228,-73.60451,41590838
444,45.49524,-73.6047,41590838
445,45.495247,-73.60488,41590838
446,45.495255,-73.60507,41590834
447,45.495262,-73.605255,41590834
448,45.495274,-73.605446,41590835
449,45.49528,-73.60563,41590835
450,45.495293,-73.60582,41590835
451,45.495308,-73.606,41590835
452,45.495327,-73.60616,41590835
453,45.49535,-73.6063,41590835
454,45.495377,-73.606415,41590835
455,45.495396,-73.60651,41590835
456,45.49541,-73.60658,433808920
457,45.495426,-73.606636,433808920
458,45.495438,-73.60668,433808920
459,45.495445,-73.606705,433808920
460,45.49545,-73.60672,433808920
461,45.495453,-73.60673,433808920
462,45.495453,-73.606735,433808920
463,45.495457,-73.60674,433808920
464,45.495457,-73.60675,433808920
465,45.495457,-73.60675,433808920
466,45.49546,-73.60676,433808920
467,45.49546,-73.60676,433808920
468,45.49546,-73.60676,433808920
469,45.49546,-73.60676,433808920
470,45.49546,-73.60676,433808920
471,45.495464,-73.60677,433808920
472,45.495472,-73.606804,433808920
473,45.495487,-73.60684,433808920
474,45.495502,-73.6069,433808920
475,45.49553,-73.60699,433808920
476,45.495556,-73.60707,433808920
477,45.495583,-73.60716,433808920
478,45.495617,-73.60728,433808920
479,45.495644,-73.60737,393798979
480,45.495674,-73.60747,393798979
481,45.4957,-73.607574,393798979
482,45.495735,-73.60769,393798979
483,45.49577,-73.6078,393798979
484,45.4958,-73.60792,393798979
485,45.49584,-73.60804,393798979
486,45.495872,-73.60816,393798979
487,45.495903,-73.60829,393798979
488,45.495934,-73.60841,393798979
489,45.495964,-73.60855,393798979
490,45.49599,-73.60868,393798979
491,45.496006,-73.60882,433241183
492,45.49601,-73.60895,433241183
493,45.496014,-73.609085,433241183
494,45.49601,-73.60922,433241183
495,45.496006,-73.60937,433241183
496,45.495995,-73.60952,433241183
497,45.49598,-73.609665,433241183
498,45.49596,-73.60982,433241183
499,45.495937,-73.60997,433241183
500,45.495914,-73.610115,433241183
501,45.49589,-73.610275,433241183
502,45.49586,-73.61045,455707566
503,45.49583,-73.61063,455707566
504,45.4958,-73.6108,455707566
505,45.49577,-73.610985,455707566
506,45.49574,-73.61117,455707566
507,45.495705,-73.61136,455707566
508,45.495674,-73.61154,455707566
509,45.495644,-73.61172,455707566
510,45.495613,-73.6119,393798974
511,45.495583,-73.61207,393798974
512,45.495552,-73.612236,393798974
513,45.49553,-73.612404,393798974
514,45.49551,-73.61261,393798974
515,45.4955,-73.61278,393798974
516,45.495487,-73.612946,393798974
517,45.495487,-73.61311,393798974
518,45.495487,-73.613266,393798974
519,45.495487,-73.613434,393798974
520,45.495483,-73.613594,393798974
521,45.495483,-73.61375,393798974
522,45.495483,-73.6139,393798974
523,45.495483,-73.614044,393798974
524,45.495483,-73.61419,393798974
525,45.495483,-73.61433,393798974
526,45.495483,-73.61446,393798974
527,45.495483,-73.61458,393798974
528,45.495483,-73.61466,393798974
529,45.495483,-73.61472,393798974
530,45.495483,-73.61477,393798974
531,45.495483,-73.61479,393798974
532,45.49548,-73.61482,393798974
533,45.49548,-73.61484,393798974
534,45.49548,-73.61485,393798974
535,45.49548,-73.61486,393798974
536,45.49548,-73.61487,393798974
537,45.49548,-73.61488,393798974
538,45.49548,-73.6149,393798974
539,45.49548,-73.61493,393798974
540,45.49548,-73.61499,393798974
541,45.49548,-73.61507,393798974
542,45.49551,-73.6152,20187992
543,45.495552,-73.61532,20187992
544,45.4956,-73.615425,20187992
545,45.495667,-73.615555,20187992
546,45.49573,-73.61568,20187992
547,45.4958,-73.615814,20187992
548,45.495865,-73.615944,20187992
549,45.495937,-73.61608,20187992
550,45.496,-73.61621,463673422
551,45.496063,-73.61634,463673422
552,45.496128,-73.61647,463673422
553,45.49619,-73.6166,463673422
554,45.496243,-73.61671,463673422
555,45.4963,-73.61682,463673422
556,45.496346,-73.61692,463673422
557,45.496384,-73.617,463673422
558,45.496414,-73.61706,463673422
559,45.49644,-73.61711,463673422
560,45.49646,-73.61716,463673422
561,45.49648,-73.61719,463673422
562,45.496494,-73.617226,463673422
563,45.496517,-73.61727,463673422
564,45.496548,-73.61733,463673422
565,45.496582,-73.61741,463673422
566,45.49663,-73.61751,463673422
567,45.496685,-73.617615,463673422
568,45.496735,-73.617714,463673423
569,45.496788,-73.61782,463673423
570,45.496834,-73.61791,463673423
571,45.49689,-73.61803,463673423
572,45.496944,-73.61813,463673423
573,45.49699,-73.61823,463673423
574,45.497036,-73.618324,463673423
575,45.49709,-73.61842,463673423
576,45.49714,-73.61852,455735492
577,45.497196,-73.61864,455735492
578,45.497253,-73.618744,455735492
579,45.497314,-73.618866,455735492
580,45.49737,-73.61898,455735492
581,45.497437,-73.6191,455735492
582,45.497494,-73.61922,455735492
583,45.497547,-73.61932,455735492
584,45.497604,-73.61943,455735492
585,45.49766,-73.61954,455735492
586,45.49772,-73.61965,455735492
587,45.49778,-73.619774,455735492
588,45.49785,-73.6199,455735490
589,45.497917,-73.62003,455735490
590,45.497986,-73.620155,455735490
591,45.49806,-73.62029,455735490
592,45.498123,-73.62041,455735490
593,45.498188,-73.62052,455735490
594,45.498253,-73.62064,455735490
595,45.498318,-73.620766,455735490
596,45.498383,-73.62089,455735490
597,45.498447,-73.621,553532894
598,45.49851,-73.62111,553532894
599,45.498573,-73.62124,553532894
600,45.498642,-73.62136,553532894
601,45.498707,-73.621475,553532894
602,45.49877,-73.6216,553532894
603,45.498837,-73.62172,455735491
604,45.4989,-73.62183,455735491
605,45.498962,-73.62195,455735491
606,45.49903,-73.62208,455735491
607,45.49909,-73.62218,455735491
608,45.499146,-73.62229,455735491
609,45.49916,-73.622314,455735491
610,45.499184,-73.62236,455735491
611,45.49918,-73.62235,455735491
612,45.499172,-73.62234,455735491
613,45.499165,-73.62232,455735491
614,45.499157,-73.62231,455735491
615,45.499157,-73.62231,455735491
616,45.499157,-73.62231,455735491
617,45.49916,-73.622314,455735491
618,45.49916,-73.622314,455735491
619,45.499165,-73.62232,455735491
620,45.499165,-73.62232,455735491
621,45.499165,-73.62232,455735491
622,45.499165,-73.62232,455735491
623,45.499165,-73.62232,455735491
624,45.499165,-73.62232,455735491
625,45.499165,-73.62232,455735491
626,45.499165,-73.62232,455735491
627,45.499165,-73.62232,455735491
628,45.499165,-73.62232,455735491
629,45.499165,-73.62232,455735491
630,45.499165,-73.62232,455735491
631,45.499165,-73.62232,455735491
632,45.499165,-73.62232,455735491
633,45.499165,-73.62232,455735491
634,45.499165,-73.62232,455735491
635,45.499165,-73.62232,455735491
636,45.499165,-73.62232,455735491
637,45.499165,-73.62232,455735491
638,45.499165,-73.62232,455735491
639,45.499165,-73.62232,455735491
640,45.49917,-73.62233,455735491
641,45.499184,-73.62236,455735491
642,45.499214,-73.62241,455735491
643,45.49925,-73.62248,463684962
644,45.499294,-73.62258,463684962
645,45.49934,-73.62269,463684962
646,45.499397,-73.62281,463684962
647,45.49945,-73.62293,463684962
648,45.4995,-73.62304,4872825
649,45.49955,-73.62315,4872825
650,45.499603,-73.623276,4872825
651,45.49966,-73.623405,4872825
652,45.499718,-73.623535,4872825
653,45.49978,-73.623665,4872825
654,45.499836,-73.6238,500990449
655,45.499897,-73.62393,500990449
656,45.499954,-73.62406,500990449
657,45.500015,-73.6242,500990449
658,45.500072,-73.62433,500990449
659,45.500126,-73.62444,500990449
660,45.50018,-73.624565,500990449
661,45.50022,-73.624664,500990449
662,45.500267,-73.62476,464694084
663,45.500313,-73.62486,464694084
664,45.500366,-73.624985,464694084
665,45.50039,-73.62503,464694084
666,45.50042,-73.6251,464694084
667,45.500446,-73.62516,464694084
668,45.50048,-73.62524,464694084
669,45.50051,-73.625305,464694084
670,45.50054,-73.625374,464694084
671,45.500576,-73.62545,464694084
672,45.500607,-73.62551,464694084
673,45.5007,-73.62561,464694087
674,45.50071,-73.6256,464694087
675,45.500755,-73.625565,464694087
676,45.500774,-73.62554,464694087
677,45.500816,-73.6255,464694087
678,45.500877,-73.62545,464694087
679,45.50096,-73.625374,464694087
680,45.501015,-73.62533,464694087
681,45.501083,-73.62526,464694087
682,45.501152,-73.6252,464694087
683,45.501236,-73.62512,464694087
684,45.501324,-73.625046,464694087
685,45.501408,-73.62497,464694087
686,45.501472,-73.62491,464694087
687,45.50155,-73.62484,464694087
688,45.50163,-73.62477,464694087
689,45.501713,-73.624695,464694087
690,45.501797,-73.62462,464694087
691,45.50189,-73.624535,464694087
692,45.50198,-73.62445,464694087
693,45.502068,-73.624374,464694087
694,45.502167,-73.62428,464694087
695,45.502262,-73.6242,464694087
696,45.502354,-73.62412,464695105
697,45.50244,-73.62404,464695105
698,45.50253,-73.62396,464695105
699,45.502625,-73.62388,464695105
700,45.50271,-73.6238,464695104
701,45.50281,-73.6237,464695104
702,45.502934,-73.6236,464695104
703,45.50306,-73.62348,455716117
704,45.503166,-73.62338,455716117
705,45.503265,-73.6233,455716117
706,45.503345,-73.62322,455716117
707,45.503494,-73.62309,455716117
708,45.503574,-73.62302,455716117
709,45.503666,-73.62293,455716117
710,45.50374,-73.62286,455716117
711,45.503807,-73.6228,455716117
712,45.50386,-73.62276,455716117
713,45.5039,-73.62272,455716117
714,45.503933,-73.62269,455716117
715,45.50393,-73.622696,455716117
716,45.503925,-73.6227,455716117
717,45.503933,-73.622696,455716117
718,45.50395,-73.62268,455716117
719,45.50397,-73.62266,455716117
720,45.50401,-73.62267,4685592
721,45.50403,-73.62272,4685592
722,45.504055,-73.62278,4685592
723,45.504086,-73.62285,4685592
724,45.50412,-73.62292,4685592
725,45.504158,-73.623,4685592
726,45.504192,-73.623085,4685592
727,45.504227,-73.62316,4685592
728,45.50424,-73.62319,4685592
729,45.50425,-73.623215,4685592
730,45.504257,-73.62324,4685592
731,45.50426,-73.62324,4685592
732,45.50426,-73.62324,4685592
733,45.504257,-73.62323,4685592
734,45.504257,-73.62323,4685592
735,45.50426,-73.62324,4685592
736,45.504253,-73.62322,4685592
737,45.504253,-73.62322,4685592
738,45.504257,-73.62323,4685592
739,45.50426,-73.62324,4685592
740,45.504257,-73.62323,4685592
741,45.504257,-73.62323,4685592
742,45.50425,-73.623215,4685592
743,45.504242,-73.62319,4685592
744,45.50423,-73.62317,4685592
745,45.504223,-73.62315,4685592
746,45.504227,-73.62316,4685592
747,45.504227,-73.62316,4685592
748,45.504234,-73.623184,4685592
749,45.504242,-73.6232,4685592
750,45.50425,-73.623215,4685592
751,45.504253,-73.623215,4685592
752,45.50426,-73.62324,4685592
753,45.50426,-73.62324,4685592
754,45.50426,-73.62324,4685592
755,45.504265,-73.623245,4685592
756,45.50426,-73.62324,4685592
757,45.50426,-73.62324,4685592
758,45.50426,-73.62324,4685592
759,45.50426,-73.62324,4685592
760,45.50426,-73.62324,4685592
761,45.504257,-73.62323,4685592
762,45.504257,-73.62323,4685592
763,45.504257,-73.62323,4685592
764,45.504257,-73.62323,4685592
765,45.504257,-73.62323,4685592
766,45.504257,-73.62323,4685592
767,45.504257,-73.62323,4685592
768,45.504253,-73.62322,4685592
769,45.504253,-73.62322,4685592
770,45.504253,-73.62322,4685592
771,45.504253,-73.62322,4685592
772,45.504253,-73.62322,4685592
773,45.504253,-73.62322,4685592
774,45.504253,-73.62322,4685592
775,45.504253,-73.62322,4685592
776,45.504253,-73.62322,4685592
777,45.504253,-73.62322,4685592
778,45.504253,-73.62322,4685592
779,45.504253,-73.62322,4685592
780,45.504253,-73.62322,4685592
781,45.504253,-73.62322,4685592
782,45.504253,-73.62322,4685592
783,45.504253,-73.62322,4685592
784,45.504253,-73.62322,4685592
785,45.504253,-73.62322,4685592
786,45.504253,-73.62322,4685592
787,45.504253,-73.62322,4685592
788,45.504253,-73.62322,4685592
789,45.504253,-73.62322,4685592
790,45.504253,-73.62322,4685592
791,45.504253,-73.62322,4685592
792,45.504253,-73.62322,4685592
793,45.504253,-73.62322,4685592
794,45.504253,-73.62322,4685592
795,45.504253,-73.62322,4685592
796,45.504257,-73.62323,4685592
797,45.504257,-73.62323,4685592
798,45.504257,-73.62323,4685592
799,45.504257,-73.62323,4685592
800,45.504257,-73.62323,4685592
801,45.504257,-73.62323,4685592
802,45.504257,-73.62323,4685592
803,45.504257,-73.62323,4685592
804,45.504257,-73.62323,4685592
805,45.504257,-73.62323,4685592
806,45.504257,-73.62323,4685592
807,45.504257,-73.62323,4685592
808,45.504257,-73.62323,4685592
809,45.504257,-73.62323,4685592
810,45.504257,-73.62323,4685592
811,45.504257,-73.62323,4685592
812,45.504257,-73.62323,4685592
813,45.504257,-73.62323,4685592
814,45.504257,-73.62323,4685592
815,45.504257,-73.62323,4685592
816,45.504257,-73.62323,4685592
817,45.504257,-73.62323,4685592
818,45.504257,-73.62323,4685592
819,45.504257,-73.62323,4685592
820,45.504257,-73.62323,4685592
821,45.504257,-73.62323,4685592
822,45.504257,-73.62323,4685592
823,45.504257,-73.62323,4685592
824,45.504257,-73.62323,4685592
825,45.504257,-73.62323,4685592
826,45.504257,-73.62323,4685592
827,45.504257,-73.62323,4685592
828,45.504257,-73.62323,4685592
829,45.504257,-73.62323,4685592
830,45.504257,-73.62323,4685592
831,45.504257,-73.62323,4685592
832,45.504257,-73.62323,4685592
833,45.504257,-73.62323,4685592
834,45.504257,-73.62323,4685592
835,45.504257,-73.62323,4685592
836,45.504257,-73.62323,4685592
837,45.504257,-73.62323,4685592
838,45.504257,-73.62323,4685592
839,45.504257,-73.62323,4685592
840,45.504257,-73.62323,4685592
841,45.504257,-73.62323,4685592
842,45.504257,-73.62323,4685592
843,45.504257,-73.62323,4685592
844,45.504257,-73.62323,4685592
845,45.504257,-73.62323,4685592
846,45.504257,-73.62323,4685592
847,45.504257,-73.62323,4685592
848,45.504257,-73.62323,4685592
849,45.504257,-73.62323,4685592
850,45.504257,-73.62323,4685592
851,45.504257,-73.62323,4685592
852,45.504257,-73.62323,4685592
853,45.504257,-73.62323,4685592
854,45.504257,-73.62323,4685592
855,45.504257,-73.62323,4685592
856,45.504257,-73.62323,4685592
857,45.504257,-73.62323,4685592
858,45.504257,-73.62323,4685592
859,45.504257,-73.62323,4685592
860,45.504257,-73.62323,4685592
861,45.504257,-73.62323,4685592
862,45.504257,-73.62323,4685592
863,45.504253,-73.62322,4685592
864,45.504257,-73.62323,4685592
865,45.504257,-73.62323,4685592
866,45.50425,-73.623215,4685592
867,45.504246,-73.6232,4685592
868,45.504234,-73.62318,4685592
869,45.504215,-73.62313,4685592
870,45.50419,-73.62308,4685592
871,45.50417,-73.62303,4685592
872,45.50415,-73.622986,4685592
873,45.504128,-73.62294,4685592
874,45.504112,-73.6229,4685592
875,45.504105,-73.62289,4685592
876,45.504097,-73.62286,4685592
877,45.504093,-73.622856,4685592
878,45.50409,-73.622856,4685592
879,45.50409,-73.62285,4685592
880,45.50409,-73.62285,4685592
881,45.50409,-73.62285,4685592
882,45.50409,-73.62285,4685592
883,45.50409,-73.622856,4685592
884,45.50409,-73.622856,4685592
885,45.50409,-73.622856,4685592
886,45.504093,-73.62286,4685592
887,45.504097,-73.62286,4685592
888,45.504097,-73.62287,4685592
889,45.504097,-73.62287,4685592
890,45.504097,-73.62287,4685592
891,45.504097,-73.62287,4685592
892,45.504097,-73.62287,4685592
893,45.504093,-73.62286,4685592
894,45.504086,-73.62285,4685592
895,45.504074,-73.62282,4685592
896,45.50406,-73.62278,4685592
897,45.504044,-73.62275,4685592
898,45.503918,-73.6227,455716117
899,45.503883,-73.622734,455716117
900,45.503822,-73.622795,455716117
901,45.50376,-73.62285,455716117
902,45.5037,-73.6229,455716117
903,45.503643,-73.622955,455716117
904,45.503582,-73.62301,455716117
905,45.503517,-73.62307,455716117
906,45.503452,-73.62313,455716117
907,45.503387,-73.623184,455716117
908,45.503326,-73.62324,455716117
909,45.503254,-73.62331,455716117
910,45.503178,-73.623375,455716117
911,45.503094,-73.62345,455716117
912,45.50303,-73.62351,455716117
913,45.502964,-73.623566,464695104
914,45.502895,-73.623634,464695104
915,45.50283,-73.62369,464695104
916,45.50276,-73.62375,464695104
917,45.502697,-73.62381,464695104
918,45.50264,-73.62386,464695104
919,45.50257,-73.623924,464695105
920,45.50252,-73.62397,464695105
921,45.502445,-73.62404,464695105
922,45.502384,-73.62409,464695105
923,45.502316,-73.62415,464695105
924,45.502254,-73.62421,464694087
925,45.50219,-73.62427,464694087
926,45.50213,-73.62432,464694087
927,45.50207,-73.624374,464694087
928,45.50201,-73.62443,464694087
929,45.501953,-73.62447,464694087
930,45.501904,-73.62452,464694087
931,45.501854,-73.624565,464694087
932,45.501812,-73.6246,464694087
933,45.50177,-73.62464,464694087
934,45.501724,-73.62469,464694087
935,45.501675,-73.62473,464694087
936,45.501617,-73.62479,464694087
937,45.50155,-73.62484,464694087
938,45.5015,-73.62489,464694087
939,45.501446,-73.62493,464694087
940,45.501392,-73.624985,464694087
941,45.501343,-73.62503,464694087
942,45.501297,-73.62507,464694087
943,45.501244,-73.625114,464694087
944,45.5012,-73.62516,464694087
945,45.50115,-73.625206,464694087
946,45.501118,-73.62524,464694087
947,45.50108,-73.62527,464694087
948,45.50105,-73.62529,464694087
949,45.50103,-73.62531,464694087
950,45.50102,-73.62532,464694087
951,45.501003,-73.625336,464694087
952,45.501,-73.625336,464694087
953,45.501,-73.625336,464694087
954,45.500996,-73.62534,464694087
955,45.500988,-73.62535,464694087
956,45.50093,-73.625404,464694087
957,45.50088,-73.62544,464694087
958,45.50083,-73.62549,464694087
959,45.500782,-73.625534,464694087
960,45.500744,-73.62557,464694087
961,45.500626,-73.62556,464694084
962,45.500603,-73.6255,464694084
963,45.500584,-73.625465,464694084
964,45.500557,-73.625404,464694084
965,45.500523,-73.62533,464694084
966,45.50049,-73.62525,464694084
967,45.500454,-73.625175,464694084
968,45.500412,-73.625084,464694084
969,45.50037,-73.62499,464694084
970,45.50032,-73.62488,464694084
971,45.50027,-73.62477,464694084
972,45.500225,-73.62467,500990449
973,45.50018,-73.624565,500990449
974,45.50013,-73.62446,500990449
975,45.500076,-73.62434,500990449
976,45.500027,-73.62422,500990449
977,45.499977,-73.62411,500990449
978,45.499924,-73.62399,500990449
979,45.49987,-73.62388,500990449
980,45.499817,-73.62375,500990449
981,45.49976,-73.62363,4872825
982,45.499702,-73.6235,4872825
983,45.499645,-73.623375,4872825
984,45.49959,-73.623245,4872825
985,45.499535,-73.623116,4872825
986,45.499477,-73.62299,4872825
987,45.499424,-73.62287,463684962
988,45.499367,-73.62275,463684962
989,45.499317,-73.622635,463684962
990,45.499264,-73.62252,463684962
991,45.499207,-73.622406,455735491
992,45.499157,-73.62231,455735491
993,45.499107,-73.622215,455735491
994,45.499058,-73.62212,455735491
995,45.499012,-73.62204,455735491
996,45.498966,-73.621956,455735491
997,45.49892,-73.62187,455735491
998,45.49888,-73.621796,455735491
999,45.498833,-73.62171,455735491
1000,45.498783,-73.62162,455735491
1001,45.49873,-73.62152,553532894
1002,45.498672,-73.621414,553532894
1003,45.498615,-73.62131,553532894
1004,45.498558,-73.62121,553532894
1005,45.498505,-73.62111,553532894
1006,45.498447,-73.621,553532894
1007,45.498394,-73.6209,455735490
1008,45.498344,-73.62081,455735490
1009,45.498287,-73.62071,455735490
1010,45.498234,-73.62061,455735490
1011,45.49818,-73.620514,455735490
1012,45.49814,-73.62044,455735490
1013,45.4981,-73.62036,455735490
1014,45.498062,-73.6203,455735490
1015,45.49803,-73.62024,455735490
1016,45.49801,-73.62019,455735490
1017,45.497993,-73.62017,455735490
1018,45.49798,-73.62015,455735490
1019,45.49798,-73.62014,455735490
1020,45.497974,-73.62013,455735490
1021,45.497974,-73.62013,455735490
1022,45.49797,-73.62013,455735490
1023,45.49797,-73.620125,455735490
1024,45.49797,-73.620125,455735490
1025,45.49797,-73.62013,455735490
1026,45.497967,-73.620125,455735490
1027,45.497967,-73.620125,455735490
1028,45.497963,-73.62012,455735490
1029,45.497963,-73.62012,455735490
1030,45.497963,-73.62012,455735490
1031,45.497963,-73.62012,455735490
1032,45.49797,-73.620125,455735490
1033,45.49797,-73.620125,455735490
1034,45.49795,-73.620094,455735490
1035,45.497936,-73.62006,455735490
1036,45.497906,-73.62001,455735490
1037,45.497868,-73.61994,455735490
1038,45.49782,-73.61985,455735492
1039,45.497776,-73.61977,455735492
1040,45.497726,-73.61967,455735492
1041,45.497673,-73.61957,455735492
1042,45.497612,-73.619446,455735492
1043,45.49756,-73.61934,455735492
1044,45.497494,-73.61922,455735492
1045,45.49743,-73.61909,455735492
1046,45.497368,-73.618965,455735492
1047,45.497303,-73.61884,455735492
1048,45.497242,-73.61872,455735492
1049,45.49718,-73.61861,455735492
1050,45.49712,-73.618484,463673423
1051,45.49706,-73.61836,463673423
1052,45.496998,-73.61824,463673423
1053,45.496944,-73.61813,463673423
1054,45.496895,-73.618034,463673423
1055,45.49684,-73.61793,463673423
1056,45.496784,-73.61781,463673423
1057,45.49674,-73.61772,463673423
1058,45.49669,-73.61762,463673422
1059,45.496635,-73.617516,463673422
1060,45.496582,-73.61741,463673422
1061,45.496525,-73.61729,463673422
1062,45.496464,-73.61716,463673422
1063,45.496395,-73.61702,463673422
1064,45.496334,-73.61689,463673422
1065,45.496265,-73.61675,463673422
1066,45.496197,-73.616615,463673422
1067,45.496136,-73.616486,463673422
1068,45.496075,-73.61636,463673422
1069,45.496014,-73.61624,463673422
1070,45.495922,-73.616104,20187993
1071,45.49584,-73.616035,20187993
1072,45.49576,-73.61597,20187993
1073,45.495686,-73.615906,20187993
1074,45.495617,-73.61586,20187993
1075,45.49555,-73.61582,20187993
1076,45.49549,-73.6158,20187993
1077,45.49543,-73.61577,450934831
1078,45.49538,-73.615746,450934831
1079,45.495285,-73.61557,466895706
1080,45.49529,-73.615486,466895706
1081,45.495293,-73.61538,466895706
1082,45.495296,-73.61528,466895706
1083,45.495304,-73.61515,466895706
1084,45.49531,-73.615,466895706
1085,45.495316,-73.61483,463670133
1086,45.49532,-73.614685,463670133
1087,45.495323,-73.61455,463670133
1088,45.495327,-73.61442,463670133
1089,45.49533,-73.6143,463670133
1090,45.49533,-73.614174,463670133
1091,45.495335,-73.61407,463670133
1092,45.49534,-73.61394,463670133
1093,45.495342,-73.61381,463670133
1094,45.495346,-73.61369,463670133
1095,45.495346,-73.61362,463670133
1096,45.49535,-73.6135,463670133
1097,45.495354,-73.61339,463670133
1098,45.495358,-73.61323,463670133
1099,45.49536,-73.613106,463670133
1100,45.49536,-73.61297,463670133
1101,45.49537,-73.61282,463670133
1102,45.495377,-73.61266,463670133
1103,45.495384,-73.61252,463670133
1104,45.49539,-73.612366,463670133
1105,45.495407,-73.61221,463670133
1106,45.495426,-73.612076,463670133
1107,45.495445,-73.61192,463670133
1108,45.49546,-73.6118,463670133
1109,45.49548,-73.61166,455707567
1110,45.495502,-73.61153,455707567
1111,45.49553,-73.61138,455707567
1112,45.495552,-73.61126,455707567
1113,45.495575,-73.61112,455707567
1114,45.495598,-73.61101,455707567
1115,45.49562,-73.61088,455707567
1116,45.495644,-73.61075,455707567
1117,45.49567,-73.6106,455707567
1118,45.495697,-73.610466,455707567
1119,45.49572,-73.610344,455707567
1120,45.495747,-73.61019,393872214
1121,45.49577,-73.610054,393872214
1122,45.495792,-73.60992,393872214
1123,45.495815,-73.60977,393872214
1124,45.495834,-73.60964,393872214
1125,45.495853,-73.609505,393872214
1126,45.495865,-73.609375,393872214
1127,45.495872,-73.60924,393872214
1128,45.49588,-73.60913,393872214
1129,45.49588,-73.609085,393872214
1130,45.495876,-73.60903,393872214
1131,45.495876,-73.608986,393872214
1132,45.495876,-73.60896,393872214
1133,45.495872,-73.60894,393872214
1134,45.495872,-73.60893,393872214
1135,45.495872,-73.60893,393872214
1136,45.495872,-73.60893,393872214
1137,45.495872,-73.60893,393872214
1138,45.495872,-73.60893,393872214
1139,45.495872,-73.60894,393872214
1140,45.495872,-73.60893,393872214
1141,45.495872,-73.60893,393872214
1142,45.495872,-73.60893,393872214
1143,45.495872,-73.60893,393872214
1144,45.495872,-73.60893,393872214
1145,45.495872,-73.60893,393872214
1146,45.495872,-73.60893,393872214
1147,45.495872,-73.60893,393872214
1148,45.495872,-73.60893,393872214
1149,45.495872,-73.60893,393872214
1150,45.495872,-73.60893,393872214
1151,45.495872,-73.60893,393872214
1152,45.495872,-73.60893,393872214
1153,45.495872,-73.60893,393872214
1154,45.495872,-73.60893,393872214
1155,45.495872,-73.60893,393872214
1156,45.495872,-73.60893,393872214
1157,45.495872,-73.60893,393872214
1158,45.495872,-73.60893,393872214
1159,45.495872,-73.60893,393872214
1160,45.495872,-73.60893,393872214
1161,45.495872,-73.60893,393872214
1162,45.495872,-73.60893,393872214
1163,45.495872,-73.60893,393872214
1164,45.495872,-73.60893,393872214
1165,45.495872,-73.60893,393872214
1166,45.495872,-73.60893,393872214
1167,45.495872,-73.60893,393872214
1168,45.495872,-73.60893,393872214
1169,45.495872,-73.60893,393872214
1170,45.495872,-73.60893,393872214
1171,45.495872,-73.60893,393872214
1172,45.495872,-73.60893,393872214
1173,45.495872,-73.60893,393872214
1174,45.495872,-73.60893,393872214
1175,45.495872,-73.60893,393872214
1176,45.495872,-73.60893,393872214
1177,45.495872,-73.60893,393872214
1178,45.495872,-73.60893,393872214
1179,45.495872,-73.60893,393872214
1180,45.495872,-73.60893,393872214
1181,45.495872,-73.60893,393872214
1182,45.495872,-73.60893,393872214
1183,45.495872,-73.60893,393872214
1184,45.495872,-73.60893,393872214
1185,45.495872,-73.60893,393872214
1186,45.495872,-73.60893,393872214
1187,45.495872,-73.60893,393872214
1188,45.495872,-73.60893,393872214
1189,45.495872,-73.60893,393872214
1190,45.495872,-73.60893,393872214
1191,45.495872,-73.60893,393872214
1192,45.495872,-73.60893,393872214
1193,45.495872,-73.60893,393872214
1194,45.495872,-73.60893,393872214
1195,45.495872,-73.60893,393872214
1196,45.495872,-73.60893,393872214
1197,45.495872,-73.60893,393872214
1198,45.495872,-73.60893,393872214
1199,45.495872,-73.60893,393872214
1200,45.495872,-73.60893,393872214
1201,45.495872,-73.60893,393872214
1202,45.495872,-73.60893,393872214
1203,45.495872,-73.60893,393872214
1204,45.495872,-73.60893,393872214
1205,45.495872,-73.60893,393872214
1206,45.495872,-73.60893,393872214
1207,45.495872,-73.60893,393872214
1208,45.495872,-73.60893,393872214
1209,45.495872,-73.60893,393872214
1210,45.495872,-73.60893,393872214
1211,45.495872,-73.60893,393872214
1212,45.495872,-73.60893,393872214
1213,45.495872,-73.60893,393872214
1214,45.495872,-73.60893,393872214
1215,45.495872,-73.60893,393872214
1216,45.495872,-73.60893,393872214
1217,45.495872,-73.60893,393872214
1218,45.495872,-73.60893,393872214
1219,45.495872,-73.60893,393872214
1220,45.495872,-73.60893,393872214
1221,45.495872,-73.60893,393872214
1222,45.495872,-73.60893,393872214
1223,45.495872,-73.608925,393872214
1224,45.49587,-73.60888,393872214
1225,45.495926,-73.60874,500990866
1226,45.495975,-73.608734,500990866
1227,45.496,-73.60873,500990866
1228,45.496006,-73.60873,496967083
1229,45.496048,-73.60872,496967083
1230,45.49608,-73.60871,496967083
1231,45.49611,-73.60871,496967083
1232,45.496147,-73.6087,496967083
1233,45.496178,-73.608696,496967083
1234,45.49622,-73.60869,496967083
1235,45.496254,-73.60868,496967083
1236,45.496296,-73.60867,496967083
1237,45.496334,-73.608665,496967083
1238,45.496376,-73.60865,496967083
1239,45.496414,-73.60864,496967083
1240,45.496452,-73.608635,496967083
1241,45.496487,-73.608635,496967083
1242,45.496513,-73.60863,496967083
1243,45.496544,-73.60862,496967083
1244,45.49657,-73.60861,496967083
1245,45.496624,-73.608574,41590825
1246,45.49664,-73.608536,41590825
1247,45.49665,-73.60849,41590825
1248,45.496677,-73.60844,41590825
1249,45.496704,-73.6084,41590825
1250,45.496727,-73.60837,41590825
1251,45.496758,-73.60834,41590825
1252,45.496796,-73.608315,41590825
1253,45.496838,-73.60829,41590825
1254,45.49687,-73.60828,41590825
1255,45.4969,-73.60827,41590825
1256,45.49693,-73.60826,41590825
1257,45.496952,-73.60825,41590825
1258,45.497,-73.60826,41590825
1259,45.497036,-73.60827,41590825
1260,45.497078,-73.608284,41590825
1261,45.497124,-73.60831,41590825
1262,45.497154,-73.60833,41590825
1263,45.497185,-73.60835,41590825
1264,45.497208,-73.60838,41590825
1265,45.497223,-73.60841,41590825
1266,45.497234,-73.60843,41590825
1267,45.497246,-73.60845,41590825
1268,45.49725,-73.60845,41590825
1269,45.49731,-73.60847,41590820
1270,45.497314,-73.60846,41590820
1271,45.497322,-73.60845,41590820
1272,45.497334,-73.60844,41590820
1273,45.49734,-73.60843,41590820
1274,45.49736,-73.608406,41590820
1275,45.497375,-73.60839,41590820
1276,45.497395,-73.60837,41590820
1277,45.497482,-73.60827,41590820
1278,45.497505,-73.608246,41590820
1279,45.49753,-73.608215,41590820
1280,45.49755,-73.608185,41590820
1281,45.497574,-73.608154,41590820
1282,45.497597,-73.608116,41590820
1283,45.497623,-73.60806,41590820
1284,45.497646,-73.60801,41590820
1285,45.497665,-73.607956,41590820
1286,45.49769,-73.6079,41590820
1287,45.497707,-73.60786,41590820
1288,45.497726,-73.6078,41590820
1289,45.49775,-73.60775,41590820
1290,45.49777,-73.6077,41590820
1291,45.49779,-73.60764,41590820
1292,45.497814,-73.60759,41590820
1293,45.497833,-73.60754,41590820
1294,45.497856,-73.60748,41590820
1295,45.49788,-73.60743,41590820
1296,45.497902,-73.60738,41590820
1297,45.49792,-73.60734,41590820
1298,45.49794,-73.60729,41590820
1299,45.49797,-73.60725,41590820
1300,45.497997,-73.607216,41590820
1301,45.49801,-73.6072,41590820
1302,45.498028,-73.60718,41590820
1303,45.498043,-73.60716,41590820
1304,45.49805,-73.607155,41590820
1305,45.498066,-73.60714,41590820
1306,45.498085,-73.60712,41590820
1307,45.498127,-73.60708,28754802
1308,45.498154,-73.60706,28754802
1309,45.49818,-73.607056,28754802
1310,45.498207,-73.60704,28754802
1311,45.498238,-73.60703,28754802
1312,45.49828,-73.60702,41590777
1313,45.498314,-73.60702,41590777
1314,45.498344,-73.60701,41590777
1315,45.49838,-73.60701,41590777
1316,45.498413,-73.60701,41590777
1317,45.498447,-73.60702,41590776
1318,45.498478,-73.60703,41590776
1319,45.49851,-73.60704,41590776
1320,45.498543,-73.607056,41590776
1321,45.498577,-73.60707,41590776
1322,45.498604,-73.607086,41590776
1323,45.498634,-73.6071,41590776
1324,45.498672,-73.60712,41590776
1325,45.49871,-73.60714,41590776
1326,45.498745,-73.607155,41590776
1327,45.498783,-73.60718,41590776
1328,45.498825,-73.6072,41590776
1329,45.49886,-73.607216,41590776
1330,45.498898,-73.60724,41590776
1331,45.49893,-73.607254,41590776
1332,45.49897,-73.60728,41590776
1333,45.49901,-73.60729,41590776
1334,45.499023,-73.6073,41590776
1335,45.49905,-73.607315,41590776
1336,45.499073,-73.60733,41590776
1337,45.499092,-73.60734,41590776
1338,45.499107,-73.607346,41590776
1339,45.499126,-73.60735,41590776
1340,45.49915,-73.60737,41590776
1341,45.49917,-73.607376,41590776
1342,45.499184,-73.60738,41590776
1343,45.499203,-73.60739,41590776
1344,45.49922,-73.60741,41590776
1345,45.499237,-73.607414,41590776
1346,45.499252,-73.60742,41590776
1347,45.49927,-73.60743,41590776
1348,45.499294,-73.607445,41590776
1349,45.49943,-73.60826,206665741
1350,45.49942,-73.60828,206665741
1351,45.49941,-73.6083,206665741
1352,45.499397,-73.608315,206665741
1353,45.499386,-73.60832,206665741
1354,45.49937,-73.60835,206665741
1355,45.499355,-73.60837,206665741
1356,45.499344,-73.60838,206665741
1357,45.499332,-73.608406,206665741
1358,45.499332,-73.608406,206665741
1359,45.49933,-73.60841,206665741
1360,45.49933,-73.60841,206665741
1361,45.49933,-73.608406,206665741
1362,45.49934,-73.6084,206665741
1363,45.49935,-73.608376,206665741
1364,45.499363,-73.60836,206665741
1365,45.49938,-73.60834,206665741
1366,45.499397,-73.608315,206665741
1367,45.49941,-73.6083,206665741
1368,45.499416,-73.608284,206665741
1369,45.499428,-73.60827,206665741
1370,45.49944,-73.608246,206665741
1371,45.499447,-73.60824,206665741
1372,45.49946,-73.60822,206665741
1373,45.499474,-73.6082,206665741
1374,45.49949,-73.60818,206665741
1375,45.49951,-73.60813,41590800
1376,45.499527,-73.6081,41590800
1377,45.499542,-73.60806,41590800
1378,45.499557,-73.608025,41590800
1379,45.499577,-73.60798,41590800
1380,45.499596,-73.60794,41590800
1381,45.499615,-73.607895,41590800
1382,45.499634,-73.60784,41590800
1383,45.499653,-73.607796,41590800
1384,45.499672,-73.60776,41590800
1385,45.49969,-73.60771,41590800
1386,45.499714,-73.60766,41590800
1387,45.499733,-73.60761,41590800
1388,45.499775,-73.60757,41590800
1389,45.499805,-73.60753,41590800
1390,45.499844,-73.60749,41590800
1391,45.499886,-73.60745,41590800
1392,45.49992,-73.60741,41590800
1393,45.49996,-73.60737,41590800
1394,45.499992,-73.607315,41590800
1395,45.50002,-73.607254,41590800
1396,45.500046,-73.60721,41590800
1397,45.50007,-73.607155,41590800
1398,45.50009,-73.60712,41590800
1399,45.50011,-73.60708,41590800
1400,45.50012,-73.60706,41590800
1401,45.50017,-73.60704,41590819
1402,45.500183,-73.60706,41590819
1403,45.500195,-73.607086,41590819
1404,45.500206,-73.60711,41590819
1405,45.50022,-73.60714,41590819
1406,45.500233,-73.60716,41590819
1407,45.500244,-73.607185,41590819
1408,45.50026,-73.607216,41590819
1409,45.500275,-73.60725,41590819
1410,45.500294,-73.607285,41590819

