0,45.5005412497,-73.5582328949,456365234
1,45.5005412497,-73.5582328949,456365234
2,45.5005412497,-73.5582328949,456365234
3,45.5005412497,-73.5582328949,456365234
4,45.5005412497,-73.5582328949,456365234
5,45.5005412497,-73.5582328949,456365234
6,45.5005412497,-73.5582328949,456365234
7,45.5005412497,-73.5582328949,456365234
8,45.5005412497,-73.5582328949,456365234
9,45.5005412497,-73.5582328949,456365234
10,45.5005412497,-73.5582328949,456365234
11,45.5005412497,-73.5582328949,456365234
12,45.5005412497,-73.5582328949,456365234
13,45.5005412497,-73.5582328949,456365234
14,45.5005412497,-73.5582328949,456365234
15,45.5005412497,-73.5582328949,456365234
16,45.5005412497,-73.5582328949,456365234
17,45.5005412497,-73.5582328949,456365234
18,45.5005412497,-73.5582328949,456365234
19,45.5005402528,-73.558229899,456365234
20,45.5005472416,-73.558250901,456365234
21,45.5005572264,-73.5582809061,456365234
22,45.500573203,-73.5583289172,456365234
23,45.5005944584,-73.5583923727,456365234
24,45.5006214596,-73.5584699355,456365234
25,45.5006526465,-73.5585595223,456365234
26,45.5006849144,-73.558652214,456365234
27,45.5007233921,-73.558762744,456365234
28,45.5007607889,-73.558870169,456365234
29,45.5008235967,-73.5589722305,28159852
30,45.5008447988,-73.5591089575,456345788
31,45.5008839982,-73.559219242,456345788
32,45.5009168863,-73.5593117699,456345788
33,45.5009423412,-73.5593833854,456345788
34,45.5009666745,-73.5594518452,456345788
35,45.5009815406,-73.55949367,456345788
36,45.5009921294,-73.5595234607,456345788
37,45.501071909,-73.5595496202,376479646
38,45.5010865191,-73.5595388136,376479646
39,45.5011059102,-73.5595244707,376479646
40,45.5011413269,-73.5594982743,376479646
41,45.5011815246,-73.5594685416,376479646
42,45.5012169414,-73.5594423451,376479646
43,45.5012796284,-73.5593959779,376479646
44,45.5013181433,-73.5593674898,376479646
45,45.5013406327,-73.5593508553,376479646
46,45.5013358517,-73.5593543916,376479646
47,45.5013358517,-73.5593543916,376479646
48,45.5013423154,-73.5593496107,376479646
49,45.5013423154,-73.5593496107,376479646
50,45.5013423154,-73.5593496107,376479646
51,45.5013423154,-73.5593496107,376479646
52,45.5013423154,-73.5593496107,376479646
53,45.5013423154,-73.5593496107,376479646
54,45.5013423154,-73.5593496107,376479646
55,45.5013423154,-73.5593496107,376479646
56,45.5013423154,-73.5593496107,376479646
57,45.5013423154,-73.5593496107,376479646
58,45.5013423154,-73.5593496107,376479646
59,45.5013423154,-73.5593496107,376479646
60,45.5013423154,-73.5593496107,376479646
61,45.5013423154,-73.5593496107,376479646
62,45.5013423154,-73.5593496107,376479646
63,45.5013423154,-73.5593496107,376479646
64,45.5013423154,-73.5593496107,376479646
65,45.5013423154,-73.5593496107,376479646
66,45.5013423154,-73.5593496107,376479646
67,45.5013423154,-73.5593496107,376479646
68,45.5013423154,-73.5593496107,376479646
69,45.5013423154,-73.5593496107,376479646
70,45.5013423154,-73.5593496107,376479646
71,45.5013423154,-73.5593496107,376479646
72,45.5013423154,-73.5593496107,376479646
73,45.5013423154,-73.5593496107,376479646
74,45.5013423154,-73.5593496107,376479646
75,45.5013423154,-73.5593496107,376479646
76,45.5013423154,-73.5593496107,376479646
77,45.5013423154,-73.5593496107,376479646
78,45.5013423154,-73.5593496107,376479646
79,45.5013423154,-73.5593496107,376479646
80,45.5013423154,-73.5593496107,376479646
81,45.5013423154,-73.5593496107,376479646
82,45.5013423154,-73.5593496107,376479646
83,45.5013423154,-73.5593496107,376479646
84,45.5013423154,-73.5593496107,376479646
85,45.5013423154,-73.5593496107,376479646
86,45.5013825131,-73.5593198779,376479646
87,45.5013825131,-73.5593198779,376479646
88,45.5013825131,-73.5593198779,376479646
89,45.5013825131,-73.5593198779,376479646
90,45.5013825131,-73.5593198779,376479646
91,45.5013825131,-73.5593198779,376479646
92,45.5013825131,-73.5593198779,376479646
93,45.5013825131,-73.5593198779,376479646
94,45.5013825131,-73.5593198779,376479646
95,45.5013825131,-73.5593198779,376479646
96,45.5013825131,-73.5593198779,376479646
97,45.5013825131,-73.5593198779,376479646
98,45.5013825131,-73.5593198779,376479646
99,45.5013825131,-73.5593198779,376479646
100,45.5013825131,-73.5593198779,376479646
101,45.5013825131,-73.5593198779,376479646
102,45.5013825131,-73.5593198779,376479646
103,45.5013825131,-73.5593198779,376479646
104,45.5013825131,-73.5593198779,376479646
105,45.5013825131,-73.5593198779,376479646
106,45.5013825131,-73.5593198779,376479646
107,45.5013825131,-73.5593198779,376479646
108,45.5013825131,-73.5593198779,376479646
109,45.5013825131,-73.5593198779,376479646
110,45.5013825131,-73.5593198779,376479646
111,45.5013825131,-73.5593198779,376479646
112,45.5013825131,-73.5593198779,376479646
113,45.5013825131,-73.5593198779,376479646
114,45.5013825131,-73.5593198779,376479646
115,45.5013825131,-73.5593198779,376479646
116,45.5013825131,-73.5593198779,376479646
117,45.5013825131,-73.5593198779,376479646
118,45.5013825131,-73.5593198779,376479646
119,45.5013825131,-73.5593198779,376479646
120,45.5013825131,-73.5593198779,376479646
121,45.5013825131,-73.5593198779,376479646
122,45.5013825131,-73.5593198779,376479646
123,45.5013825131,-73.5593198779,376479646
124,45.5013825131,-73.5593198779,376479646
125,45.5013825131,-73.5593198779,376479646
126,45.5013825131,-73.5593198779,376479646
127,45.5013825131,-73.5593198779,376479646
128,45.5013825131,-73.5593198779,376479646
129,45.5013825131,-73.5593198779,376479646
130,45.5013825131,-73.5593198779,376479646
131,45.5013825131,-73.5593198779,376479646
132,45.5013825131,-73.5593198779,376479646
133,45.5013825131,-73.5593198779,376479646
134,45.5013825131,-73.5593198779,376479646
135,45.5013825131,-73.5593198779,376479646
136,45.5013825131,-73.5593198779,376479646
137,45.5013825131,-73.5593198779,376479646
138,45.5013825131,-73.5593198779,376479646
139,45.5013825131,-73.5593198779,376479646
140,45.5013825131,-73.5593198779,376479646
141,45.5013825131,-73.5593198779,376479646
142,45.5013825131,-73.5593198779,376479646
143,45.5013825131,-73.5593198779,376479646
144,45.5013825131,-73.5593198779,376479646
145,45.5013825131,-73.5593198779,376479646
146,45.5013825131,-73.5593198779,376479646
147,45.5013825131,-73.5593198779,376479646
148,45.5013825131,-73.5593198779,376479646
149,45.5013825131,-73.5593198779,376479646
150,45.5013825131,-73.5593198779,376479646
151,45.5013825131,-73.5593198779,376479646
152,45.5013825131,-73.5593198779,376479646
153,45.5013825131,-73.5593198779,376479646
154,45.5013825131,-73.5593198779,376479646
155,45.5013825131,-73.5593198779,376479646
156,45.5013825131,-73.5593198779,376479646
157,45.5013825131,-73.5593198779,376479646
158,45.5013825131,-73.5593198779,376479646
159,45.5013825131,-73.5593198779,376479646
160,45.5013825131,-73.5593198779,376479646
161,45.5013825131,-73.5593198779,376479646
162,45.5013825131,-73.5593198779,376479646
163,45.5013825131,-73.5593198779,376479646
164,45.5013825131,-73.5593198779,376479646
165,45.5013825131,-73.5593198779,376479646
166,45.5013825131,-73.5593198779,376479646
167,45.5013825131,-73.5593198779,376479646
168,45.5013825131,-73.5593198779,376479646
169,45.5013825131,-73.5593198779,376479646
170,45.5013825131,-73.5593198779,376479646
171,45.5013825131,-73.5593198779,376479646
172,45.5013825131,-73.5593198779,376479646
173,45.5013825131,-73.5593198779,376479646
174,45.5013825131,-73.5593198779,376479646
175,45.5013825131,-73.5593198779,376479646
176,45.5013825131,-73.5593198779,376479646
177,45.5013825131,-73.5593198779,376479646
178,45.5013825131,-73.5593198779,376479646
179,45.5013825131,-73.5593198779,376479646
180,45.5013825131,-73.5593198779,376479646
181,45.5013825131,-73.5593198779,376479646
182,45.5013825131,-73.5593198779,376479646
183,45.5013825131,-73.5593198779,376479646
184,45.5013825131,-73.5593198779,376479646
185,45.5013825131,-73.5593198779,376479646
186,45.5013825131,-73.5593198779,376479646
187,45.5013825131,-73.5593198779,376479646
188,45.5013825131,-73.5593198779,376479646
189,45.5013825131,-73.5593198779,376479646
190,45.5013825131,-73.5593198779,376479646
191,45.5014179298,-73.5592936815,376479646
192,45.5014179298,-73.5592936815,376479646
193,45.5014179298,-73.5592936815,376479646
194,45.5014179298,-73.5592936815,376479646
195,45.5014179298,-73.5592936815,376479646
196,45.5014179298,-73.5592936815,376479646
197,45.5014179298,-73.5592936815,376479646
198,45.5014179298,-73.5592936815,376479646
199,45.5014179298,-73.5592936815,376479646
200,45.5014179298,-73.5592936815,376479646
201,45.5014179298,-73.5592936815,376479646
202,45.5014179298,-73.5592936815,376479646
203,45.5014179298,-73.5592936815,376479646
204,45.5014179298,-73.5592936815,376479646
205,45.5014179298,-73.5592936815,376479646
206,45.5014179298,-73.5592936815,376479646
207,45.5014179298,-73.5592936815,376479646
208,45.5014179298,-73.5592936815,376479646
209,45.5014179298,-73.5592936815,376479646
210,45.5014179298,-73.5592936815,376479646
211,45.5014179298,-73.5592936815,376479646
212,45.5014179298,-73.5592936815,376479646
213,45.5014179298,-73.5592936815,376479646
214,45.5014179298,-73.5592936815,376479646
215,45.5014179298,-73.5592936815,376479646
216,45.5014179298,-73.5592936815,376479646
217,45.5014179298,-73.5592936815,376479646
218,45.5014179298,-73.5592936815,376479646
219,45.5014179298,-73.5592936815,376479646
220,45.5014179298,-73.5592936815,376479646
221,45.5014179298,-73.5592936815,376479646
222,45.5014179298,-73.5592936815,376479646
223,45.5014179298,-73.5592936815,376479646
224,45.5014179298,-73.5592936815,376479646
225,45.5014179298,-73.5592936815,376479646
226,45.5014179298,-73.5592936815,376479646
227,45.5014179298,-73.5592936815,376479646
228,45.5014179298,-73.5592936815,376479646
229,45.5014179298,-73.5592936815,376479646
230,45.5014179298,-73.5592936815,376479646
231,45.5014179298,-73.5592936815,376479646
232,45.5014179298,-73.5592936815,376479646
233,45.5014179298,-73.5592936815,376479646
234,45.5014179298,-73.5592936815,376479646
235,45.5014373209,-73.5592793386,376479646
236,45.5014502483,-73.5592697767,376479646
237,45.5014679567,-73.5592566785,376479646
238,45.5014921288,-73.5592387993,376479646
239,45.5015323265,-73.5592090666,376479646
240,45.5015564985,-73.5591911874,376479646
241,45.5015789878,-73.5591745529,376479646
242,45.5016014772,-73.5591579184,376479646
243,45.5016191855,-73.5591448202,376479646
244,45.5016368939,-73.5591317219,376479646
245,45.5016593832,-73.5591150874,376479646
246,45.5016957527,-73.5590872235,376479646
247,45.5017389353,-73.5590510196,376479646
248,45.5018812787,-73.5590509565,38911502
249,45.5018751239,-73.5590343834,38911502
250,45.5018713931,-73.5590243375,38911502
251,45.5019067027,-73.5589141245,376479646
252,45.5019587171,-73.5588738191,376479646
253,45.5020044833,-73.5588383553,376479646
254,45.5020550912,-73.5587991398,376479646
255,45.5021119474,-73.5587550826,376479646
256,45.5021466237,-73.5587282124,376479646
257,45.5021813,-73.5587013421,376479646
258,45.5022208179,-73.55867072,376479646
259,45.5023779325,-73.5587124777,20319594
260,45.5023759058,-73.5587082683,20319594
261,45.502373879,-73.5587040588,20319594
262,45.5023717075,-73.5586995485,20319594
263,45.5023636005,-73.5586827106,20319594
264,45.5023614289,-73.5586782003,20319594
265,45.5024006809,-73.5585365059,376479646
266,45.5024527947,-73.5584994812,376479646
267,45.5025001871,-73.5584658108,376479646
268,45.5025523009,-73.5584287861,376479646
269,45.5025930477,-73.5583998373,376479646
270,45.5026404401,-73.5583661669,376479646
271,45.5026811869,-73.5583372181,376479646
272,45.5027105666,-73.558316345,376479646
273,45.5027486728,-73.5582891485,376479646
274,45.5027773461,-73.5582673994,376479646
275,45.5028123671,-73.5582408353,376479646
276,45.5028633658,-73.558202152,376479646
277,45.5029143645,-73.5581634686,376479646
278,45.5030646823,-73.558214802,20319974
279,45.5030600975,-73.5582043393,20319974
280,45.5030571236,-73.5581975528,20319974
281,45.5030894702,-73.5580330844,376479646
282,45.5031459468,-73.5579919839,376479646
283,45.5031976657,-73.5579543458,376479646
284,45.5032493846,-73.5579167077,376479646
285,45.5033028833,-73.5578777743,376479646
286,45.5033641176,-73.5578332114,376479646
287,45.5034349,-73.5577817,376479646
288,45.5034740974,-73.5577531769,376479646
289,45.5035305754,-73.5577120791,376479646
290,45.5035822958,-73.5576744433,376479646
291,45.5036292586,-73.5576402694,376479646
292,45.5036744409,-73.5576073912,376479646
293,45.5037035701,-73.5575861945,376479646
294,45.5037374569,-73.5575615358,376479646
295,45.5037552905,-73.5575485587,376479646
296,45.5037778817,-73.5575321196,376479646
297,45.5038022533,-73.5575143849,376479646
298,45.5038135489,-73.5575061653,376479646
299,45.5038361401,-73.5574897262,376479646
300,45.5039364603,-73.5575130344,399679414
301,45.5039323199,-73.5575032501,399679414
302,45.5039276279,-73.5574921626,399679414
303,45.5040473751,-73.5574196861,126410856
304,45.5040436925,-73.5574099117,126410856
305,45.5040579531,-73.5573158446,376479646
306,45.5040863583,-73.5572937905,376479646
307,45.5041085245,-73.5572765804,376479646
308,45.5041306906,-73.5572593704,376479646
309,45.5041480127,-73.5572459213,376479646
310,45.5041653348,-73.5572324722,376479646
311,45.5041764179,-73.5572238672,376479646
312,45.504187501,-73.5572152622,376479646
313,45.504187501,-73.5572152622,376479646
314,45.504187501,-73.5572152622,376479646
315,45.504187501,-73.5572152622,376479646
316,45.504187501,-73.5572152622,376479646
317,45.504187501,-73.5572152622,376479646
318,45.504187501,-73.5572152622,376479646
319,45.504187501,-73.5572152622,376479646
320,45.504187501,-73.5572152622,376479646
321,45.504187501,-73.5572152622,376479646
322,45.504187501,-73.5572152622,376479646
323,45.5042159061,-73.5571932081,376479646
324,45.5042221452,-73.5571883641,376479646
325,45.5042221452,-73.5571883641,376479646
326,45.5042221452,-73.5571883641,376479646
327,45.5042221452,-73.5571883641,376479646
328,45.5042221452,-73.5571883641,376479646
329,45.5042221452,-73.5571883641,376479646
330,45.5042221452,-73.5571883641,376479646
331,45.5042221452,-73.5571883641,376479646
332,45.5042221452,-73.5571883641,376479646
333,45.5042221452,-73.5571883641,376479646
334,45.5042221452,-73.5571883641,376479646
335,45.5042221452,-73.5571883641,376479646
336,45.5042394673,-73.557174915,376479646
337,45.5042443113,-73.557171154,376479646
338,45.5042553944,-73.557162549,376479646
339,45.5042727165,-73.5571490999,376479646
340,45.5042789555,-73.5571442559,376479646
341,45.5042900386,-73.5571356508,376479646
342,45.5043011217,-73.5571270458,376479646
343,45.5043011217,-73.5571270458,376479646
344,45.5043073607,-73.5571222018,376479646
345,45.5043184438,-73.5571135968,376479646
346,45.5043357659,-73.5571001477,376479646
347,45.5044817381,-73.5571407878,87415559
348,45.5044845828,-73.5571477736,20320555
349,45.504489498,-73.5571598441,87415559
350,45.5044958355,-73.5571754076,20320555
351,45.5045042436,-73.5571960558,87415559
352,45.5045126517,-73.5572167041,20320555
353,45.5045175669,-73.5572287746,87415559
354,45.5045259749,-73.5572494229,20320555
355,45.504534383,-73.5572700711,87415559
356,45.504546284,-73.557299297,20320555
357,45.5045596073,-73.5573320158,87415559
358,45.5045715082,-73.5573612417,20320555
359,45.5045834092,-73.5573904676,87415559
360,45.5045918173,-73.5574111159,20320555
361,45.5046037182,-73.5574403418,87415559
362,45.5046156192,-73.5574695677,20320555
363,45.5046240273,-73.557490216,87415559
364,45.5046359282,-73.5575194419,20320555
365,45.5046443363,-73.5575400901,87415559
366,45.5046478292,-73.5575486678,20320555
367,45.5046478292,-73.5575486678,20320555
368,45.5046478292,-73.5575486678,20320555
369,45.5046478292,-73.5575486678,20320555
370,45.5046478292,-73.5575486678,20320555
371,45.5046478292,-73.5575486678,20320555
372,45.5046478292,-73.5575486678,20320555
373,45.5046478292,-73.5575486678,20320555
374,45.5046478292,-73.5575486678,20320555
375,45.5046478292,-73.5575486678,20320555
376,45.5046478292,-73.5575486678,20320555
377,45.5046478292,-73.5575486678,20320555
378,45.5046478292,-73.5575486678,20320555
379,45.5046478292,-73.5575486678,20320555
380,45.5046478292,-73.5575486678,20320555
381,45.5046478292,-73.5575486678,20320555
382,45.5046478292,-73.5575486678,20320555
383,45.5046478292,-73.5575486678,20320555
384,45.5046478292,-73.5575486678,20320555
385,45.5046478292,-73.5575486678,20320555
386,45.5046478292,-73.5575486678,20320555
387,45.5046478292,-73.5575486678,20320555
388,45.5046478292,-73.5575486678,20320555
389,45.5046478292,-73.5575486678,20320555
390,45.5046478292,-73.5575486678,20320555
391,45.5046478292,-73.5575486678,20320555
392,45.5046478292,-73.5575486678,20320555
393,45.5046478292,-73.5575486678,20320555
394,45.5046478292,-73.5575486678,20320555
395,45.5046478292,-73.5575486678,20320555
396,45.5046478292,-73.5575486678,20320555
397,45.5046478292,-73.5575486678,20320555
398,45.5046478292,-73.5575486678,20320555
399,45.5046478292,-73.5575486678,20320555
400,45.5046478292,-73.5575486678,20320555
401,45.5046478292,-73.5575486678,20320555
402,45.5046478292,-73.5575486678,20320555
403,45.5046478292,-73.5575486678,20320555
404,45.5046478292,-73.5575486678,20320555
405,45.5046478292,-73.5575486678,20320555
406,45.5046449846,-73.557541682,87415559
407,45.5046519703,-73.5575588374,20320555
408,45.5046618007,-73.5575829785,87415559
409,45.5046737017,-73.5576122044,20320555
410,45.5042587313,-73.5580565471,126410856
411,45.504259218,-73.5580576705,126410856
412,45.5042601914,-73.5580599171,126410856
413,45.5041937781,-73.5581210965,399679414
414,45.5042041293,-73.5581455573,399679414
415,45.5041621013,-73.5582609143,4911698
416,45.5041057722,-73.5583022998,4911698
417,45.5040477201,-73.5583449511,4911698
418,45.503989668,-73.5583876024,4911698
419,45.503931616,-73.5584302537,4911698
420,45.5038800583,-73.5584681336,4911698
421,45.5038220062,-73.5585107849,4911698
422,45.5037623733,-73.5585536974,4911698
423,45.5036988976,-73.5585988066,4911698
424,45.503635422,-73.5586439158,4911698
425,45.5035880344,-73.5586775919,4911698
426,45.5035472912,-73.5587065462,4911698
427,45.5035065481,-73.5587355004,4911698
428,45.5034771712,-73.5587563772,4911698
429,45.5034591605,-73.5587691765,4911698
430,45.5034458717,-73.5587786203,4911698
431,45.5034486711,-73.5587766309,4911698
432,45.5032759171,-73.5586968457,20319974
433,45.5032616668,-73.5586643261,20319974
434,45.5032400642,-73.5586150284,20319974
435,45.5032168507,-73.5585620545,20319974
436,45.5031915719,-73.5585043677,20319974
437,45.5031699694,-73.55845507,20319974
438,45.5031430797,-73.558393707,20319974
439,45.5031198662,-73.5583407331,20319974
440,45.5030966527,-73.5582877592,20319974
441,45.5030750501,-73.5582384615,20319974
442,45.5030607998,-73.5582059419,20319974
443,45.5030502256,-73.5581818115,20319974
444,45.5030428733,-73.5581650333,20319974
445,45.5030391972,-73.5581566442,20319974
446,45.5030484647,-73.5580629259,376479646
447,45.5030514425,-73.5580607588,376479646
448,45.5030526404,-73.5580598871,376479646
449,45.5030155584,-73.5580279518,332014241
450,45.5030179155,-73.5579998253,332014241
451,45.5030210349,-73.5579626008,332014241
452,45.5029210388,-73.5579319001,20319974
453,45.5028991512,-73.5578929611,20319974
454,45.5028748627,-73.5578497506,20319974
455,45.5028529751,-73.5578108116,20319974
456,45.502835359,-73.5577794717,20319974
457,45.5028201438,-73.5577524031,20319974
458,45.5028134714,-73.5577405327,20319974
459,45.5028583212,-73.5576604365,332014240
460,45.5028467306,-73.5576579987,332014240
461,45.5028311118,-73.5576547137,332014240
462,45.5028270835,-73.5576538665,332014240
463,45.5028326316,-73.5576550334,332014240
464,45.5028361656,-73.5576557766,332014240
465,45.5028225442,-73.5575229516,20319977
466,45.5028489588,-73.5574766077,20319977
467,45.5028735234,-73.5574335097,20319977
468,45.5028999381,-73.5573871659,20319977
469,45.5029245027,-73.5573440678,20319977
470,45.5029466152,-73.5573052719,20319977
471,45.5029619736,-73.557278326,20319977
472,45.5029730298,-73.5572589281,20319977
473,45.5029840861,-73.5572395301,20319977
474,45.5029840861,-73.5572395301,20319977
475,45.5029840861,-73.5572395301,20319977
476,45.5029908403,-73.5572276801,20319977
477,45.503073741,-73.5572422621,332014241
478,45.5030061986,-73.5572007342,20319977
479,45.5030751206,-73.5572216842,332014241
480,45.5030751206,-73.5572216842,332014241
481,45.5030061986,-73.5572007342,20319977
482,45.5030061986,-73.5572007342,20319977
483,45.5030744084,-73.5572323068,332014241
484,45.5029951423,-73.5572201322,20319977
485,45.5029883882,-73.5572319822,20319977
486,45.5029773319,-73.5572513802,20319977
487,45.5029705777,-73.5572632302,20319977
488,45.5029662756,-73.5572707781,20319977
489,45.5029662756,-73.5572707781,20319977
490,45.5029595215,-73.5572826281,20319977
491,45.5029638236,-73.5572750802,20319977
492,45.5029638236,-73.5572750802,20319977
493,45.5029681257,-73.5572675323,20319977
494,45.5029724278,-73.5572599843,20319977
495,45.5029785799,-73.5572491906,20319977
496,45.50298228,-73.5572426989,20319977
497,45.5029927342,-73.5572243572,20319977
498,45.5029964342,-73.5572178656,20319977
499,45.5030044364,-73.557203826,20319977
500,45.5030167407,-73.5571822384,20319977
501,45.5030247428,-73.5571681989,20319977
502,45.503034595,-73.5571509134,20319977
503,45.5030512013,-73.557121778,20319977
505,45.5025594175,-73.5566955968,456374972
506,45.5025698531,-73.5566848458,456374972
507,45.5025801419,-73.5566742459,456374972
508,45.5025904308,-73.556663646,456374972
509,45.5025955753,-73.556658346,456374972
510,45.5026007197,-73.5566530461,456374972
511,45.5026107153,-73.5566427483,456374972
512,45.5026108619,-73.5566425972,456374972
513,45.5026258553,-73.5566271506,456374972
514,45.5026456997,-73.5566067062,456374972
515,45.5026655442,-73.5565862618,456374972
516,45.5026902398,-73.5565608197,456374972
517,45.5027149354,-73.5565353775,456374972
518,45.5027444822,-73.5565049375,456374972
519,45.50276418,-73.5564846442,456374972
520,45.5027888756,-73.556459202,456374972
521,45.5028037223,-73.5564439065,456374972
522,45.5028087201,-73.5564387577,456374972
523,45.5028098192,-73.5564200684,175513877
524,45.5028065087,-73.5564113214,175513877
525,45.5028019451,-73.5563992638,175513877
526,45.5027986346,-73.5563905168,175513877
527,45.502795324,-73.5563817698,175513877
528,45.5027887085,-73.5563642664,175513877
529,45.5027808464,-73.5563434587,175513877
530,45.5027696778,-73.5563139002,175513877
531,45.5027618156,-73.5562930924,175513877
532,45.5027473406,-73.5562547833,175513877
533,45.5027394785,-73.5562339755,175513877
534,45.5027270606,-73.5562011107,175513877
535,45.5027191984,-73.5561803029,175513877
536,45.5027080234,-73.5561507511,175513877
537,45.5026968105,-73.5561211968,175513877
538,45.502688998,-73.556100376,175513877
539,45.5026844747,-73.556088321,175513877
540,45.5026778964,-73.5560707893,175513877
541,45.502673373,-73.5560587344,175513877
542,45.5026713181,-73.5560532577,175513877
543,45.5026680289,-73.5560444918,175513877
544,45.5026581614,-73.5560181944,175513877
545,45.5026540515,-73.556007241,175513877
546,45.5026532307,-73.5560050535,175513877
547,45.5026491207,-73.5559941001,175513877
548,45.5026450107,-73.5559831468,175513877
549,45.5026441899,-73.5559809593,175513877
550,45.5026425483,-73.5559765842,175513877
551,45.5030073654,-73.5557985149,399679414
552,45.5030077578,-73.5557992328,399679414
553,45.5030039415,-73.5557922512,399679414
554,45.5030001253,-73.5557852696,399679414
555,45.5030005177,-73.5557859875,399679414
556,45.5029944009,-73.5557747972,399679414
557,45.5029947933,-73.5557755151,399679414
558,45.5029905846,-73.5557678157,399679414
559,45.5029928852,-73.5557720243,399679414
560,45.5029951857,-73.555776233,399679414
561,45.5029951857,-73.555776233,399679414
562,45.5030016949,-73.5557881411,399679414
563,45.5030105047,-73.5558042579,399679414
564,45.5030235231,-73.5558280742,399679414
565,45.503034241,-73.5558476818,399679414
566,45.5030514681,-73.5558791975,399679414
567,45.5030709957,-73.5559149219,399679414
568,45.5030882228,-73.5559464376,399679414
569,45.5031096586,-73.5559856528,399679414
570,45.5031245851,-73.5560129599,399679414
571,45.5031395117,-73.5560402669,399679414
572,45.5031567388,-73.5560717826,399679414
573,45.5031829922,-73.5561183044,399679414
574,45.503207441,-73.5561614501,399679414
575,45.5032337486,-73.5562078758,399679414
576,45.5032692066,-73.5562704496,399679414
577,45.5033046646,-73.5563330234,399679414
578,45.503337692,-73.5563913078,399679414
579,45.5033688607,-73.5564463122,399679414
580,45.5033951683,-73.5564927379,399679414
581,45.5034230061,-73.5565437662,399679414
582,45.5034441998,-73.5565831234,399679414
583,45.5034695679,-73.5566302327,399679414
584,45.5034971839,-73.5566815165,399679414
585,45.5035353967,-73.5567524788,399679414
586,45.5035736096,-73.5568234412,399679414
587,45.5036118224,-73.5568944036,399679414
588,45.5036542097,-73.556973118,399679414
589,45.5036901747,-73.5570399059,399679414
590,45.5037219651,-73.5570989418,399679414
591,45.5037515077,-73.5571538032,399679414
592,45.5037727013,-73.5571931604,399679414
593,45.5037897205,-73.5572247655,399679414
594,45.5038044918,-73.5572521962,399679414
595,45.5038109142,-73.5572641228,399679414
596,45.5038150886,-73.5572718749,399679414
597,45.5038150886,-73.5572718749,399679414
598,45.5038150886,-73.5572718749,399679414
599,45.5038150886,-73.5572718749,399679414
600,45.5038150886,-73.5572718749,399679414
601,45.5038150886,-73.5572718749,399679414
602,45.5038150886,-73.5572718749,399679414
603,45.5038150886,-73.5572718749,399679414
604,45.5038150886,-73.5572718749,399679414
605,45.5038150886,-73.5572718749,399679414
606,45.5038150886,-73.5572718749,399679414
607,45.5038150886,-73.5572718749,399679414
608,45.5038150886,-73.5572718749,399679414
609,45.5038150886,-73.5572718749,399679414
610,45.5038150886,-73.5572718749,399679414
611,45.5038131621,-73.5572682972,399679414
612,45.5038173366,-73.5572760493,399679414
613,45.5038173366,-73.5572760493,399679414
614,45.5038173366,-73.5572760493,399679414
615,45.503821511,-73.5572838014,399679414
616,45.5038279334,-73.5572957279,399679414
617,45.5038407781,-73.557319581,399679414
618,45.5038555494,-73.5573470117,399679414
619,45.5038725686,-73.5573786168,399679414
620,45.5038854133,-73.5574024699,399679414
621,45.503934479,-73.5574154589,376479646
622,45.5039524087,-73.5574007478,376479646
623,45.5039861223,-73.5573730861,376479646
624,45.5040302071,-73.5573373869,376479646
625,45.5040696953,-73.5573067278,376479646
626,45.5041313497,-73.5572588586,376479646
627,45.5041930041,-73.5572109895,376479646
628,45.5042546585,-73.5571631203,376479646
629,45.5043052299,-73.5571238562,376479646
630,45.5043461131,-73.557092114,376479646
631,45.5043696742,-73.5570738209,376479646
632,45.504449654,-73.5570619968,87415559
633,45.5044483575,-73.557058813,20320555
634,45.5044787625,-73.5569910434,87415559
635,45.504501305,-73.5569745101,87415559
636,45.5045351189,-73.5569497101,87415559
637,45.5045576615,-73.5569331768,87415559
638,45.5045737017,-73.5569214125,87415559
639,45.5045914753,-73.5569083769,87415559
640,45.5045914753,-73.5569083769,87415559
641,45.5045914753,-73.5569083769,87415559
642,45.5045914753,-73.5569083769,87415559
643,45.5045914753,-73.5569083769,87415559
644,45.5045914753,-73.5569083769,87415559
645,45.5045914753,-73.5569083769,87415559
646,45.5045914753,-73.5569083769,87415559
647,45.5045914753,-73.5569083769,87415559
648,45.5045914753,-73.5569083769,87415559
649,45.5045914753,-73.5569083769,87415559
650,45.5045914753,-73.5569083769,87415559
651,45.5045914753,-73.5569083769,87415559
652,45.5045914753,-73.5569083769,87415559
653,45.5045914753,-73.5569083769,87415559
654,45.5045914753,-73.5569083769,87415559
655,45.5045914753,-73.5569083769,87415559
656,45.5045914753,-73.5569083769,87415559
657,45.5045914753,-73.5569083769,87415559
658,45.5045962443,-73.5569048792,87415559
659,45.5046027466,-73.5569001102,87415559
660,45.5046140179,-73.5568918436,87415559
661,45.5046317915,-73.556878808,87415559
662,45.504654334,-73.5568622747,87415559
663,45.5046768766,-73.5568457414,87415559
664,45.5047011525,-73.5568279368,87415559
665,45.5047236974,-73.5568114023,87415559
666,45.504741475,-73.5567983705,87415559
667,45.5047640207,-73.5567818433,87415559
668,45.5047752936,-73.5567735797,87415559
669,45.5047817982,-73.5567688115,87415559
670,45.5047883029,-73.5567640432,87415559
671,45.5047883029,-73.5567640432,87415559
672,45.5047948075,-73.556759275,87415559
673,45.5047948075,-73.556759275,87415559
674,45.5047948075,-73.556759275,87415559
675,45.5048060804,-73.5567510114,87415559
676,45.5048238579,-73.5567379796,87415559
677,45.5048416354,-73.5567249478,87415559
678,45.5048594129,-73.5567119159,87415559
679,45.5048819587,-73.5566953887,87415559
680,45.5048932316,-73.5566871252,87415559
681,45.5049045045,-73.5566788616,87415559
682,45.5049092727,-73.5566753662,87415559
683,45.504930082,-73.5566601119,87415559
684,45.5049269601,-73.5566281444,4320791
685,45.5049163398,-73.5565883097,4320791
686,45.5049007412,-73.5565298024,4320791
687,45.5048869681,-73.5564781422,4320791
688,45.5048763478,-73.5564383076,4320791
689,45.5048632383,-73.5563891366,4320791
690,45.504852618,-73.556349302,4320791
691,45.5048413341,-73.5563069782,4320791
692,45.5048307138,-73.5562671436,4320791
693,45.5048176043,-73.5562179726,4320791
694,45.5048094731,-73.5561874744,4320791
695,45.5047988528,-73.5561476397,4320791
696,45.5047857434,-73.5560984688,4320791
697,45.5047769486,-73.5560654813,4320791
698,45.5047663283,-73.5560256467,4320791
699,45.504755708,-73.5559858121,4320791
700,45.5047469132,-73.5559528247,4320791
701,45.5047369566,-73.5559154792,4320791
702,45.5047263363,-73.5558756446,4320791
703,45.5047213579,-73.5558569719,4320791
704,45.5047188688,-73.5558476355,4320791
705,45.5047132268,-73.5558264736,4320791
706,45.5047019428,-73.5557841498,4320791
707,45.5046913225,-73.5557443152,4320791
708,45.5046806994,-73.5557044779,4320791
709,45.5046644276,-73.5556434834,4320791
710,45.5046538012,-73.5556036505,4320791
711,45.5046400199,-73.5555519915,4320791
712,45.5046269031,-73.555502823,4320791
713,45.5046112957,-73.5554443189,4320791
714,45.5045950239,-73.5553833243,4320791
715,45.504581907,-73.5553341558,4320791
716,45.5045687902,-73.5552849873,4320791
717,45.5045525184,-73.5552239927,4320791
718,45.504541892,-73.5551841598,4320791
719,45.504525627,-73.5551231677,4320791
720,45.504509365,-73.5550621712,4320791
721,45.5044962558,-73.5550130001,4320791
722,45.504482483,-73.5549613399,4320791
723,45.5044718629,-73.5549215052,4320791
724,45.504463732,-73.5548910069,4320791
725,45.5044562646,-73.5548629978,4320791
726,45.5044531119,-73.5548511722,4320791
727,45.5044531119,-73.5548511722,4320791
728,45.5044506227,-73.5548418359,4320791
729,45.5044506227,-73.5548418359,4320791
730,45.5044506227,-73.5548418359,4320791
731,45.5044506227,-73.5548418359,4320791
732,45.50444747,-73.5548300103,4320791
733,45.5044449809,-73.554820674,4320791
734,45.5044449809,-73.554820674,4320791
735,45.5044449809,-73.554820674,4320791
736,45.5044424918,-73.5548113376,4320791
737,45.5044375135,-73.5547926648,4320791
738,45.5044318717,-73.5547715029,4320791
739,45.5044262298,-73.554750341,4320791
740,45.5044237407,-73.5547410046,4320791
741,45.5044212516,-73.5547316682,4320791
742,45.5044180989,-73.5547198427,4320791
743,45.5044180989,-73.5547198427,4320791
744,45.5044180989,-73.5547198427,4320791
745,45.5044180989,-73.5547198427,4320791
746,45.5044180989,-73.5547198427,4320791
747,45.5044180989,-73.5547198427,4320791
748,45.5044180989,-73.5547198427,4320791
749,45.5044180989,-73.5547198427,4320791
750,45.5044180989,-73.5547198427,4320791
751,45.5044180989,-73.5547198427,4320791
752,45.5044180989,-73.5547198427,4320791
753,45.5044081424,-73.5546824971,4320791
754,45.5044049897,-73.5546706716,4320791
755,45.5044000114,-73.5546519988,4320791
756,45.5043975223,-73.5546426624,4320791
757,45.5043918805,-73.5546215005,4320791
758,45.5043869022,-73.5546028278,4320791
759,45.5043812604,-73.5545816659,4320791
760,45.5043762821,-73.5545629931,4320791
761,45.5043366652,-73.554531843,4320787
762,45.5043471736,-73.554527547,4320787
763,45.5043500771,-73.5544646521,4320791
764,45.5043369621,-73.5544154747,4320791
765,45.5043238446,-73.5543663064,4320791
766,45.5043107272,-73.5543171381,4320791
767,45.5042944546,-73.5542561437,4320791
768,45.5042788466,-73.5541976399,4320791
769,45.5042657291,-73.5541484715,4320791
770,45.504246966,-73.5540781416,4320791
771,45.5042338485,-73.5540289733,4320791
772,45.5042207311,-73.553979805,4320791
773,45.5042101069,-73.5539399715,4320791
774,45.5042019765,-73.5539094731,4320791
775,45.5041931826,-73.5538764857,4320791
776,45.5041882047,-73.5538578128,4320791
777,45.5041807379,-73.5538298033,4320791
778,45.5041750964,-73.5538086414,4320791
779,45.5041701185,-73.5537899684,4320791
780,45.5041651406,-73.5537712954,4320791
781,45.5041608262,-73.5537551114,4320791
782,45.5041736918,-73.5537036849,480646028
783,45.5042045452,-73.5536917554,480646028
784,45.5042460703,-73.5536756997,480646028
785,45.5043049943,-73.5536529168,480646028
786,45.5043759813,-73.5536254696,480646028
787,45.5044643673,-73.5535912952,480646028
788,45.5045561169,-73.5535558202,480646028
789,45.5046445028,-73.5535216458,480646028
790,45.5047328665,-73.5534868746,480646028
791,45.5048287117,-73.5534469104,480646028
792,45.5049075192,-73.5534140504,480646028
793,45.5049898788,-73.5533797092,480646028
794,45.5050504052,-73.5533508476,480646028
795,45.5050988861,-73.55332767,480646028
796,45.5051473669,-73.5533044924,480646028
797,45.5051756772,-73.5532909579,480646028
798,45.5051958478,-73.5532813148,480646028
799,45.5051958478,-73.5532813148,480646028
800,45.5052078788,-73.5532755631,480646028
801,45.5052241581,-73.5532677803,480646028
802,45.5052524683,-73.5532542459,480646028
803,45.5052889182,-73.55323682,480646028
804,45.5053315201,-73.5532453901,4320786
805,45.5053342807,-73.5532522887,4320786
806,45.505335661,-73.553255738,4320786
807,45.5053370413,-73.5532591873,4320786
808,45.5053384216,-73.5532626366,4320786
809,45.5053384216,-73.5532626366,4320786
810,45.5053384216,-73.5532626366,4320786
811,45.5053384216,-73.5532626366,4320786
812,45.5053384216,-73.5532626366,4320786
813,45.5053384216,-73.5532626366,4320786
814,45.5053418709,-73.5532712563,4320786
815,45.5053480808,-73.5532867747,4320786
816,45.5053598091,-73.5533160831,4320786
817,45.5053798162,-73.5533660802,4320786
818,45.5053963741,-73.5534074576,4320786
819,45.5054081024,-73.553436766,4320786
820,45.505415001,-73.5534540054,4320786
821,45.505415001,-73.5534540054,4320786
822,45.505415001,-73.5534540054,4320786
823,45.505415001,-73.5534540054,4320786
824,45.505415001,-73.5534540054,4320786
825,45.5054163813,-73.5534574548,4320786
826,45.5054198306,-73.5534660745,4320786
827,45.5054267292,-73.5534833138,4320786
828,45.5054315589,-73.5534953829,4320786
829,45.5054384575,-73.5535126223,4320786
830,45.5054432871,-73.5535246913,4320786
831,45.5054501857,-73.5535419307,4320786
832,45.5054536351,-73.5535505504,4320786
833,45.5054584647,-73.5535626194,4320786
834,45.505461914,-73.5535712391,4320786
835,45.5054653633,-73.5535798588,4320786
836,45.5054736422,-73.5536005475,4320786
837,45.5054819212,-73.5536212362,4320786
838,45.5054888198,-73.5536384756,4320786
839,45.5054970987,-73.5536591643,4320786
840,45.5055005481,-73.553667784,4320786
841,45.5055005481,-73.553667784,4320786
842,45.5055005481,-73.553667784,4320786
843,45.5055005481,-73.553667784,4320786
844,45.5055005481,-73.553667784,4320786
845,45.5055005481,-73.553667784,4320786
846,45.5055005481,-73.553667784,4320786
847,45.5055005481,-73.553667784,4320786
848,45.5055005481,-73.553667784,4320786
849,45.5055053777,-73.553679853,4320786
850,45.505508827,-73.5536884727,4320786
851,45.5055205552,-73.5537177811,4320786
852,45.5055274539,-73.5537350205,4320786
853,45.5055309032,-73.5537436402,4320786
854,45.5055309032,-73.5537436402,4320786
855,45.5055309032,-73.5537436402,4320786
856,45.5055309032,-73.5537436402,4320786
857,45.5055357328,-73.5537557093,4320786
858,45.5055440117,-73.553776398,4320786
859,45.5055724787,-73.5538134096,420293727
860,45.5055796328,-73.5538735079,4320786
861,45.5056029395,-73.553942389,4320786
862,45.5056292823,-73.5540202429,4320786
863,45.5056536162,-73.55409216,4320786
864,45.5056809863,-73.5541730499,4320786
865,45.5057012569,-73.5542329583,4320786
866,45.5057184916,-73.554283894,4320786
867,45.5057357263,-73.5543348297,4320786
868,45.5057488977,-73.5543737566,4320786
869,45.5057600603,-73.5544067468,4320786
870,45.5058069818,-73.5544315242,38802037
871,45.5058127485,-73.5544280306,38802037
872,45.5058229469,-73.554421852,38802037
873,45.5058420088,-73.5544103036,38802037
874,45.5058683858,-73.5543943234,38802037
875,45.5058874477,-73.554382775,38802037
876,45.5059226882,-73.554361425,38802037
877,45.5059490652,-73.5543454449,38802037
878,45.5059652438,-73.5543356433,38802037
879,45.5059725589,-73.5543312115,38802037
880,45.5059725589,-73.5543312115,38802037
881,45.5059725589,-73.5543312115,38802037
882,45.5059725589,-73.5543312115,38802037
883,45.5059843057,-73.5543240949,38802037
884,45.5059960526,-73.5543169782,38802037
885,45.5060195462,-73.5543027449,38802037
886,45.5060328415,-73.5542946901,38802037
887,45.5060441581,-73.5542403687,38802036
888,45.5060255866,-73.554193786,38802036
889,45.5060077122,-73.5541489518,38802036
890,45.5059795178,-73.5540782319,38802036
891,45.5059595748,-73.5540282092,38802036
892,45.5059361919,-73.5539695579,38802036
893,45.5059148775,-73.5539160951,38802036
894,45.505899746,-73.5538781409,38802036
895,45.5058914946,-73.5538574438,38802036
896,45.5058866831,-73.5538453753,38802036
897,45.5058832431,-73.5538367467,38802036
898,45.5058832431,-73.5538367467,38802036
899,45.5058832431,-73.5538367467,38802036
900,45.5058832431,-73.5538367467,38802036
901,45.5058832431,-73.5538367467,38802036
902,45.5058832431,-73.5538367467,38802036
903,45.5058832431,-73.5538367467,38802036
904,45.5058832431,-73.5538367467,38802036
905,45.5058832431,-73.5538367467,38802036
906,45.5058832431,-73.5538367467,38802036
907,45.5058832431,-73.5538367467,38802036
908,45.5058832431,-73.5538367467,38802036
909,45.5058811745,-73.5538315582,38802036
910,45.5058777345,-73.5538229296,38802036
911,45.5058742945,-73.5538143011,38802036
912,45.5058694831,-73.5538022325,38802036
913,45.5058646716,-73.553790164,38802036
914,45.5058564201,-73.5537694669,38802036
915,45.5058529801,-73.5537608383,38802036
916,45.5058529801,-73.5537608383,38802036
917,45.5058495401,-73.5537522098,38802036
918,45.5058412887,-73.5537315127,38802036
919,45.5058330372,-73.5537108156,38802036
920,45.5058282257,-73.553698747,38802036
921,45.5058282257,-73.553698747,38802036
922,45.5058247857,-73.5536901185,38802036
923,45.505768729,-73.5536707405,420293727
924,45.505768729,-73.5536707405,420293727
925,45.5057621866,-73.5536754966,420293727
926,45.5057621866,-73.5536754966,420293727
927,45.5057556443,-73.5536802528,420293727
928,45.5057378033,-73.5536932227,420293727
929,45.5057312609,-73.5536979788,420293727
930,45.5057199624,-73.5537061926,420293727
931,45.5057086638,-73.5537144064,420293727
932,45.5056973653,-73.5537226201,420293727
933,45.5056973653,-73.5537226201,420293727
934,45.5056860667,-73.5537308339,420293727
935,45.5056795243,-73.5537355901,420293727
936,45.5056795243,-73.5537355901,420293727
937,45.5056729819,-73.5537403462,420293727
938,45.5056682258,-73.5537438038,420293727
939,45.5056616834,-73.55374856,420293727
940,45.5056569272,-73.5537520176,420293727
941,45.5056503848,-73.5537567737,420293727
942,45.5056390863,-73.5537649875,420293727
943,45.5056277877,-73.5537732013,420293727
944,45.5056230316,-73.5537766589,420293727
945,45.5056051906,-73.5537896288,420293727
946,45.5055843798,-73.5538047578,420293727
947,45.5055806601,-73.5538765439,4320786
948,45.5055968675,-73.5539244435,4320786
949,45.5056130749,-73.5539723432,4320786
950,45.5056404449,-73.5540532331,4320786
951,45.5056678149,-73.554134123,4320786
952,45.5056951849,-73.5542150129,4320786
953,45.5057195189,-73.55428693,4320786
954,45.5057458616,-73.5543647839,4320786
955,45.5057908032,-73.5544413258,38802037
956,45.5058021376,-73.5545264188,456343514
957,45.5058278462,-73.5545979609,456343514
958,45.5058555937,-73.5546751769,456343514
959,45.5058813023,-73.554746719,456343514
960,45.5059058672,-73.5548150786,456343514
961,45.5059304322,-73.5548834382,456343514
962,45.5059561408,-73.5549549803,456343514
963,45.5059807057,-73.5550233399,456343514
964,45.5060020882,-73.5550828431,456343514
965,45.5060202881,-73.55513349,456343514
966,45.5060309793,-73.5551632416,456343514
967,45.506038488,-73.5551841368,456343514
968,45.506044853,-73.5552018496,456343514
969,45.5060459967,-73.5552050321,456343514
970,45.5060459967,-73.5552050321,456343514
971,45.5060459967,-73.5552050321,456343514
972,45.5060459967,-73.5552050321,456343514
973,45.5060459967,-73.5552050321,456343514
974,45.5060459967,-73.5552050321,456343514
975,45.5060459967,-73.5552050321,456343514
976,45.5060459967,-73.5552050321,456343514
977,45.5060459967,-73.5552050321,456343514
978,45.5060459967,-73.5552050321,456343514
979,45.5060459967,-73.5552050321,456343514
980,45.5060459967,-73.5552050321,456343514
981,45.5060459967,-73.5552050321,456343514
982,45.5060459967,-73.5552050321,456343514
983,45.5060459967,-73.5552050321,456343514
984,45.5060459967,-73.5552050321,456343514
985,45.5060459967,-73.5552050321,456343514
986,45.5060459967,-73.5552050321,456343514
987,45.5060459967,-73.5552050321,456343514
988,45.5060459967,-73.5552050321,456343514
989,45.5060459967,-73.5552050321,456343514
990,45.5060459967,-73.5552050321,456343514
991,45.5060459967,-73.5552050321,456343514
992,45.5060459967,-73.5552050321,456343514
993,45.5060459967,-73.5552050321,456343514
994,45.5060459967,-73.5552050321,456343514
995,45.5060459967,-73.5552050321,456343514
996,45.5060459967,-73.5552050321,456343514
997,45.5060459967,-73.5552050321,456343514
998,45.5060459967,-73.5552050321,456343514
999,45.5060459967,-73.5552050321,456343514
1000,45.5060503228,-73.555217071,456343514
1001,45.5060503228,-73.555217071,456343514
1002,45.5060578315,-73.5552379662,456343514
1003,45.506061014,-73.5552468226,456343514
1004,45.5060685227,-73.5552677178,456343514
1005,45.5060792139,-73.5552974695,456343514
1006,45.5060899051,-73.5553272211,456343514
1007,45.506108105,-73.5553778679,456343514
1008,45.506126305,-73.5554285148,456343514
1009,45.5061445049,-73.5554791617,456343514
1010,45.5061627048,-73.5555298085,456343514
1011,45.5061745396,-73.5555627427,456343514
1012,45.5061852308,-73.5555924943,456343514
1013,45.5062598461,-73.5556168956,456343516
1014,45.5062680178,-73.5556108658,456343516
1015,45.5063164208,-73.5555751495,456343516
1016,45.5063566522,-73.555545463,456343516
1017,45.5063968836,-73.5555157766,456343516
1018,45.5064323374,-73.5554896155,456343516
1019,45.5064725687,-73.5554599291,456343516
1020,45.506517308,-73.555426655,331089342
1021,45.5065623074,-73.5553904412,331089342
1022,45.5066061219,-73.555355181,331089342
1023,45.5066560056,-73.5553150366,331089342
1024,45.5067119586,-73.5552700078,331089342
1025,45.5067508888,-73.5552386783,331089342
1026,45.5068007725,-73.5551985339,331089342
1027,45.5068336333,-73.5551720887,331089342
1028,45.5068725634,-73.5551407593,331089342
1029,45.5069224472,-73.5551006148,331089342
1030,45.5069723309,-73.5550604703,331089342
1031,45.5070368453,-73.5550271269,108705323
1032,45.507083307,-73.554971587,331089342
1033,45.5071334154,-73.5549317232,331089342
1034,45.5071896478,-73.5548869874,331089342
1035,45.5072397562,-73.5548471236,331089342
1036,45.5073069847,-73.5547936399,331089342
1037,45.507346097,-73.554762524,331089342
1038,45.5073852092,-73.5547314082,331089342
1039,45.5074181975,-73.5547051643,331089342
1040,45.5074463137,-73.5546827964,331089342
1041,45.5074793019,-73.5546565526,331089342
1042,45.5075122901,-73.5546303087,331089342
1043,45.5075452783,-73.5546040649,331089342
1044,45.5075782665,-73.5545778211,331089342
1045,45.5075941346,-73.5545651972,331089342
1046,45.5076100027,-73.5545525733,331089342
1047,45.5075814136,-73.5544868107,635686057
1048,45.5075948452,-73.5544760451,635686057
1049,45.5075877384,-73.5544165808,20318118
1050,45.5075659876,-73.5543673544,20318118
1051,45.5075389065,-73.5543060646,20318118
1052,45.5075134589,-73.5542484717,20318118
1053,45.5074826811,-73.5541788153,20318118
1054,45.5074556001,-73.5541175256,20318118
1055,45.5074248222,-73.5540478693,20318118
1056,45.5073977412,-73.5539865795,20318118
1057,45.5073759904,-73.5539373531,20318118
1058,45.5073542396,-73.5538881267,20318118
1059,45.5073361855,-73.5538472669,20318118
1060,45.5073197649,-73.5538101039,20318118
1061,45.5073107379,-73.5537896739,20318118
1062,45.5073017109,-73.553769244,20318118
1063,45.5072906205,-73.5537441443,20318118
1064,45.5072815935,-73.5537237144,20318118
1065,45.5072725665,-73.5537032845,20318118
1066,45.5072672363,-73.5536912211,20318118
1067,45.5072582093,-73.5536707912,20318118
1068,45.5072528791,-73.5536587279,20318118
1069,45.5072491823,-73.5536503613,20318118
1070,45.507243852,-73.553638298,20318118
1071,45.5072385218,-73.5536262346,20318118
1072,45.5072311282,-73.5536095015,20318118
1073,45.507225798,-73.5535974381,20318118
1074,45.5072057962,-73.5535732459,20318119
1075,45.5072096783,-73.5535601284,20318118
1076,45.5072014175,-73.5535394341,20318118
1077,45.507191088,-73.5535135575,20318118
1078,45.5071828271,-73.5534928633,20318118
1079,45.5071697487,-73.5534601003,20318118
1080,45.5071580447,-73.5534307805,20318118
1081,45.5071463407,-73.5534014608,20318118
1082,45.5071346366,-73.553372141,20318118
1083,45.5071215582,-73.553339378,20318118
1084,45.5071132973,-73.5533186838,20318118
1085,45.5071050365,-73.5532979895,20318118
1086,45.5071050365,-73.5532979895,20318118
1087,45.5070981501,-73.5532807384,20318118
1088,45.5070898893,-73.5532600442,20318118
1089,45.5070814574,-73.5532393919,20318118
1090,45.5070728674,-73.5532188037,20318118
1091,45.5070556872,-73.5531776271,20318118
1092,45.5070349534,-73.5531279333,20318118
1093,45.5070142196,-73.5530782395,20318118
1094,45.5069970394,-73.5530370629,20318118
1095,45.5069777883,-73.5529909228,20318118
1096,45.5069641618,-73.5529582635,20318118
1097,45.5069535008,-73.5529327117,20318118
1098,45.5069449107,-73.5529121234,20318118
1099,45.506943428,-73.5529085697,20318118
1100,45.5069398743,-73.5529000524,20318118
1101,45.5069312843,-73.5528794642,20318118
1102,45.5069247652,-73.5528638395,20318118
1103,45.5068858047,-73.5528528955,420293727
1104,45.5068665973,-73.5528642378,420293727
1105,45.5068517683,-73.5528729946,420293727
1106,45.5068163897,-73.5528938862,420293727
1107,45.5067971824,-73.5529052285,420293727
1108,45.5067661821,-73.5529235347,420293727
1109,45.506738218,-73.552940048,420293727
1110,45.5067190106,-73.5529513903,420293727
1111,45.506683632,-73.552972282,420293727
1112,45.5066674608,-73.5529818314,420293727
1113,45.5066320821,-73.553002723,420293727
1114,45.5066134246,-73.5530858143,20318503
1115,45.5066207102,-73.5531026643,20318503
1116,45.5066300634,-73.5531242964,20318503
1117,45.5066389239,-73.553144789,20318503
1118,45.5066462095,-73.5531616389,20318503
1119,45.5066602878,-73.5531941993,20318503
1120,45.5066743662,-73.5532267597,20318503
1121,45.5066868695,-73.5532556773,20318503
1122,45.5066973051,-73.5532798128,20318503
1123,45.5067061657,-73.5533003054,20318503
1124,45.5067166013,-73.5533244408,20318503
1125,45.5067291046,-73.5533533585,20318503
1126,45.5067343224,-73.5533654262,20318503
1127,45.5067431829,-73.5533859188,20318503
1128,45.5067556863,-73.5534148365,20318503
1129,45.5067645468,-73.5534353291,20318503
1130,45.5067734074,-73.5534558218,20318503
1131,45.5067874857,-73.5534883822,20318503
1132,45.5067963463,-73.5535088749,20318503
1133,45.5068088496,-73.5535377925,20318503
1134,45.5068213529,-73.5535667101,20318503
1135,45.5068265707,-73.5535787778,20318503
1136,45.5068338563,-73.5535956277,20318503
1137,45.5068390741,-73.5536076954,20318503
1138,45.5068479346,-73.5536281881,20318503
1139,45.5068552201,-73.553645038,20318503
1140,45.5068640807,-73.5536655307,20318503
1141,45.506876584,-73.5536944483,20318503
1142,45.5068802268,-73.5537028733,20318503
1143,45.5068802268,-73.5537028733,20318503
1144,45.5068838695,-73.5537112982,20318503
1145,45.50688958,-73.5537245054,20318503
1146,45.5068952905,-73.5537377125,20318503
1147,45.5068741219,-73.5537811167,20318119
1148,45.5068326202,-73.5538088712,20318119
1149,45.5067980282,-73.5538320048,20318119
1150,45.5067565265,-73.5538597592,20318119
1151,45.5067196457,-73.5538844234,20318119
1152,45.5066896747,-73.5539044667,20318119
1153,45.5066666134,-73.5539198891,20318119
1154,45.5066366423,-73.5539399324,20318119
1155,45.5066251117,-73.5539476436,20318119
1156,45.506613581,-73.5539553547,20318119
1157,45.5066020504,-73.5539630659,20318119
1158,45.5065858988,-73.5539738674,20318119
1159,45.506572036,-73.5539831382,20318119
1160,45.5065627942,-73.5539893187,20318119
1161,45.5065523381,-73.554082082,190106275
1162,45.5065599668,-73.5540985476,190106275
1163,45.5065749441,-73.5541308747,190106275
1164,45.5065881542,-73.5541593874,190106275
1165,45.5066013643,-73.5541879001,190106275
1166,45.5066145744,-73.5542164129,190106275
1167,45.5066295517,-73.5542487399,190106275
1168,45.5066483432,-73.5542892998,190106275
1169,45.5066615534,-73.5543178125,190106275
1170,45.5066747635,-73.5543463253,190106275
1171,45.5066897407,-73.5543786523,190106275
1172,45.5067029508,-73.5544071651,190106275
1173,45.506716161,-73.5544356778,190106275
1174,45.5067349525,-73.5544762377,190106275
1175,45.506751977,-73.5545129832,190106275
1176,45.5067669542,-73.5545453103,190106275
1177,45.5067839787,-73.5545820558,190106275
1178,45.5067971888,-73.5546105686,190106275
1179,45.5068159804,-73.5546511284,190106275
1180,45.5068291905,-73.5546796412,190106275
1181,45.5068441678,-73.5547119682,190106275
1182,45.5068573779,-73.554740481,190106275
1183,45.506870588,-73.5547689937,190106275
1184,45.5068837981,-73.5547975064,190106275
1185,45.5069025897,-73.5548380663,190106275
1186,45.5069119855,-73.5548583462,190106275
1187,45.5069251956,-73.554886859,190106275
1188,45.5069345914,-73.5549071389,190106275
1189,45.5069473682,-73.5549351974,190106275
1190,45.5069523348,-73.5549472684,190106275
1191,45.5069573015,-73.5549593394,190106275
1192,45.5069573015,-73.5549593394,190106275
1193,45.5070112007,-73.5549618289,635686057
1194,45.5070171431,-73.5549772469,635686057
1195,45.5070163741,-73.5549752517,635686057
1196,45.5070795509,-73.5549745753,331089342
1197,45.5070702569,-73.5548948503,635686057
1198,45.5071206206,-73.5548553136,635686057
1199,45.5071817075,-73.5548071774,635686057
1200,45.5072426395,-73.5547583401,635686057
1201,45.50730966,-73.5547046228,635686057
1202,45.5073815606,-73.554646994,635686057
1203,45.5074424925,-73.5545981567,635686057
1204,45.507509513,-73.5545444394,635686057
1205,45.5075814136,-73.5544868107,635686057
1206,45.5076528826,-73.5544289743,635686057
1207,45.507730371,-73.5543658894,635686057
1208,45.5078007368,-73.5543436424,190374675
1209,45.5078622405,-73.5542582793,635686057
1210,45.5079069082,-73.5542217576,635686057
1211,45.5079553832,-73.554182123,635686057
1212,45.5079940576,-73.5541505017,635686057
1213,45.5080218383,-73.5541277873,635686057
1214,45.5080387253,-73.55411398,635686057
1215,45.5080387253,-73.55411398,635686057
1216,45.5080387253,-73.55411398,635686057
1217,45.5080387253,-73.55411398,635686057
1218,45.5080387253,-73.55411398,635686057
1219,45.5080387253,-73.55411398,635686057
1220,45.5080387253,-73.55411398,635686057
1221,45.5080387253,-73.55411398,635686057
1222,45.5080387253,-73.55411398,635686057
1223,45.5080387253,-73.55411398,635686057
1224,45.5080387253,-73.55411398,635686057
1225,45.5080387253,-73.55411398,635686057
1226,45.5080387253,-73.55411398,635686057
1227,45.5080387253,-73.55411398,635686057
1228,45.5080387253,-73.55411398,635686057
1229,45.5080556123,-73.5541001727,635686057
1230,45.5081217528,-73.55414764,331089342
1231,45.508134939,-73.5541000825,331089339
1232,45.5081342363,-73.5540983154,331089339
1233,45.5081287344,-73.55408448,331089339
1234,45.5081253007,-73.5540758454,331089339
1235,45.5081320882,-73.55403781,87148492
1236,45.5081418631,-73.5540299197,87148492
1237,45.5081516381,-73.5540220293,87148492
1238,45.5081651331,-73.5540111361,87148492
1239,45.508078306,-73.5539563496,87148492
1240,45.5080599796,-73.5539096147,87148492
1241,45.5080403205,-73.553859481,87148492
1242,45.5080206614,-73.5538093473,87148492
1243,45.5080010023,-73.5537592137,87148492
1244,45.5079860746,-73.553721146,87148492
1245,45.5079698143,-73.5536796795,87148492
1246,45.5079582853,-73.5536502791,87148492
1247,45.5079488224,-73.5536261471,87148492
1248,45.5079406922,-73.5536054139,87148492
1249,45.507932562,-73.5535846807,87148492
1250,45.5079210331,-73.5535552802,87148492
1251,45.5079142356,-73.5535379458,87148492
1252,45.507901374,-73.5535051466,87148492
1253,45.5078932438,-73.5534844134,87148492
1254,45.5078783161,-73.5534463457,87148492
1255,45.5078654545,-73.5534135465,87148492
1256,45.5078785269,-73.5533456437,331089341
1257,45.5078870552,-73.5533388282,331089341
1258,45.5079004604,-73.5533281152,331089341
1259,45.5078112192,-73.5532752013,87148492
1260,45.5077996942,-73.553245799,87148492
1261,45.5077847714,-73.5532077287,87148492
1262,45.5077685168,-73.5531662606,87148492
1263,45.5077569917,-73.5531368584,87148492
1264,45.5077407371,-73.5530953903,87148492
1265,45.507729212,-73.5530659881,87148492
1266,45.5077129574,-73.5530245199,87148492
1267,45.5077014323,-73.5529951177,87148492
1268,45.5076899073,-73.5529657155,87148492
1269,45.5076736526,-73.5529242474,87148492
1270,45.5076587298,-73.5528861771,87148492
1271,45.5076424752,-73.552844709,87148492
1272,45.5076275126,-73.5528070436,87148492
1273,45.5076399593,-73.5527360465,331089344
1274,45.5076475937,-73.5527305529,331089344
1275,45.5075825575,-73.5526950331,87148492
1276,45.5075707964,-73.5526657402,87148492
1277,45.5075624929,-73.5526450591,87148492
1278,45.5075590353,-73.5526364473,87148492
1279,45.5075590353,-73.5526364473,87148492
1280,45.5075590353,-73.5526364473,87148492
1281,45.5075590353,-73.5526364473,87148492
1282,45.5075590353,-73.5526364473,87148492
1283,45.5075507318,-73.5526157661,87148492
1284,45.5075438166,-73.5525985426,87148492
1285,45.5075355131,-73.5525778614,87148492
1286,45.5075545989,-73.5524981225,4320487
1287,45.5075621595,-73.5524944697,4320487
1288,45.5075655295,-73.5524928416,4320487
1289,45.507469747,-73.5524092993,87148492
1290,45.5074491569,-73.5523556855,87148492
1291,45.5074311375,-73.5523087653,87148492
1292,45.5074185265,-73.5522759276,87148492
1293,45.5074072007,-73.5522464368,87148492
1294,45.5073992217,-73.5522256606,87148492
1295,45.5074127042,-73.5521499143,87148492
1296,45.5074127042,-73.5521499143,87148492
1297,45.5073945896,-73.5522135991,87148492
1298,45.5074133978,-73.5521495363,87148492
1299,45.5074175997,-73.5521472464,87148492
1300,45.5074182933,-73.5521468684,87148492
1301,45.5074189869,-73.5521464903,87148492
1302,45.5074154787,-73.5521484022,87148492
1303,45.5073590403,-73.5521174979,420293728
1304,45.5073547344,-73.552105461,420293728
1305,45.5073524653,-73.5520991181,420293728
1306,45.5073533677,-73.5521016406,420293728
1307,45.5072993501,-73.5520799182,440434601
1308,45.5072835452,-73.5520880608,440434601
1309,45.5072756427,-73.5520921322,440434601
1310,45.507266,-73.5520971,440434601
1311,45.5072523,-73.5521041,440434601
1312,45.5072280146,-73.5521164702,440434601
1313,45.5072121348,-73.5521245589,440434601
1314,45.5071922106,-73.5521347077,440434601
1315,45.5071683908,-73.5521468408,440434601
1316,45.5071364823,-73.552163094,440434601
1317,45.5071086181,-73.5521772871,440434601
1318,45.5070687697,-73.5521975847,440434601
1319,45.5070368612,-73.5522138379,440434601
1320,45.5070049527,-73.5522300911,440434601
1321,45.5069651043,-73.5522503887,440434601
1322,45.5069291514,-73.5522687019,440434601
1323,45.5068813631,-73.5522930439,440434601
1324,45.5068183841,-73.5523313311,440434601
1325,45.5067643966,-73.5523649223,440434601
1326,45.5067031999,-73.5524029991,440434601
1327,45.5066536979,-73.5524337994,440434601
1328,45.5065945387,-73.5524752077,440434601
1329,45.5065364014,-73.552517753,440434601
1330,45.5064847765,-73.5525555326,440434601
1331,45.5064218734,-73.5526015656,440434601
1332,45.5063589703,-73.5526475986,440434601
1333,45.5063073454,-73.5526853782,440434601
1334,45.5062492081,-73.5527279236,440434601
1335,45.506202349,-73.5527622155,440434601
1336,45.5061507241,-73.5527999951,440434601
1337,45.5061038649,-73.552834287,440434601
1338,45.5060617716,-73.5528650913,440434601
1339,45.5060234412,-73.5529283982,190106275
1340,45.5059551155,-73.5529292303,440434601
1341,45.505894733,-73.5529584396,440434601
1342,45.5058343505,-73.5529876489,440434601
1343,45.5057739681,-73.5530168583,440434601
1344,45.5057256094,-73.5530402513,440434601
1345,45.5056772507,-73.5530636442,440434601
1346,45.5056273857,-73.5531108792,38802036
1347,45.5055806184,-73.553108446,440434601
1348,45.505548078,-73.5531226096,440434601
1349,45.5055155376,-73.5531367732,440434601
1350,45.5054950638,-73.5531456847,440434601
1351,45.5054829973,-73.5531509369,440434601
1352,45.50547459,-73.5531545962,440434601
1353,45.5054661828,-73.5531582556,440434601
1354,45.5054420497,-73.5531687598,440434601
1355,45.5054252352,-73.5531760785,440434601
1356,45.5054131687,-73.5531813306,440434601
1357,45.5054047614,-73.55318499,440434601
1358,45.5053926949,-73.5531902421,440434601
1359,45.5053842877,-73.5531939015,440434601
1360,45.5053554066,-73.5532064723,440434601
1361,45.5053363497,-73.5532574591,4320786
1362,45.5052648562,-73.5532483235,480646028
1363,45.5052043443,-73.5532772528,480646028
1364,45.5051558635,-73.5533004304,480646028
1365,45.5051194136,-73.5533178563,480646028
1366,45.5050748241,-73.5533391735,480646028
1367,45.5050263432,-73.553362351,480646028
1368,45.5049778078,-73.5533847424,480646028
1369,45.5049075192,-73.5534140504,480646028
1370,45.5048457495,-73.5534398062,480646028
1371,45.504787532,-73.553464081,480646028
1372,45.5047257623,-73.5534898369,480646028
1373,45.504675937,-73.5535094918,480646028
1374,45.5046257125,-73.5535289111,480646028
1375,45.5045667885,-73.553551694,480646028
1376,45.5045078645,-73.553574477,480646028
1377,45.50445764,-73.5535938963,480646028
1378,45.5044107791,-73.5536120151,480646028
1379,45.5043605546,-73.5536314344,480646028
1380,45.5043190295,-73.5536474901,480646028
1381,45.504298267,-73.5536555179,480646028
1382,45.5042895675,-73.5536588815,480646028
1383,45.5042808681,-73.5536622452,480646028
1384,45.504268805,-73.5536669094,480646028
1385,45.5042601056,-73.553670273,480646028
1386,45.504239343,-73.5536783009,480646028
1387,45.5042185805,-73.5536863287,480646028
1388,45.5041978179,-73.5536943565,480646028
1389,45.5041596565,-73.5537091116,480646028
1390,45.5041116858,-73.5537252274,480646028
1391,45.504051496,-73.5537446388,480646028
1392,45.5039913062,-73.5537640501,480646028
1393,45.5039281951,-73.5537844036,480646028
1394,45.5038589474,-73.5538067361,480646028
1395,45.5037986543,-73.5538244248,480646028
1396,45.5037279464,-73.5538414922,480646028
1397,45.503666688,-73.5538562788,480646028
1398,45.5036054296,-73.5538710653,480646028
1399,45.5035482491,-73.5538805629,480646028
1400,45.5034869449,-73.5538860853,480646028
1401,45.5034166148,-73.5538924208,480646028
1402,45.5033622561,-73.5539278128,19901233
1403,45.5033027553,-73.5539598547,20319599
1404,45.5032090488,-73.553901448,480646028
1405,45.5031290975,-73.5539034207,480646028
1406,45.5030391522,-73.5539056399,480646028
1407,45.5029494536,-73.5539078531,480646028
1408,45.5028716607,-73.5539034983,480646028
1409,45.5027913494,-73.5538984656,480646028
1410,45.5027017015,-73.5538928479,480646028
1411,45.5026313511,-73.5538884395,480646028
1412,45.5025715858,-73.5538846943,480646028
1413,45.502531118,-73.5538821585,480646028
1414,45.5024912745,-73.5538796617,480646028
1415,45.5024813136,-73.5538790375,480646028
1416,45.5024713527,-73.5538784133,480646028
1417,45.5024613918,-73.5538777891,480646028
1418,45.5024414701,-73.5538765407,480646028
1419,45.5024115874,-73.5538746682,480646028
1420,45.5023711861,-73.5538721327,480646028
1421,45.5023214055,-73.553868828,480646028
1422,45.5022625192,-73.5538637663,480646028
1423,45.5022021159,-73.5538579658,480646028
1424,45.502131804,-73.5538512138,480646028
1425,45.502052535,-73.5538436017,480646028
1426,45.5019723145,-73.5538358982,480646028
1427,45.5019020026,-73.5538291462,480646028
1428,45.501821782,-73.5538214427,480646028
1429,45.5017514701,-73.5538146907,480646028
1430,45.5016744576,-73.5538030962,480646028
1431,45.5015947279,-73.5537820711,480646028
1432,45.5015149982,-73.553761046,480646028
1433,45.5014352686,-73.5537400209,480646028
1434,45.5013555389,-73.5537189959,480646028
1435,45.5012758092,-73.5536979708,480646028
1436,45.5011867297,-73.5536744801,480646028
1437,45.5011045344,-73.5536528048,480646028
1438,45.501015455,-73.5536293141,480646028
1439,45.5009332597,-73.5536076389,480646028
1440,45.50085353,-73.5535866138,480646028
1441,45.5007644505,-73.5535631231,480646028
1442,45.5006822552,-73.5535414478,480646028
1443,45.5006118754,-73.5535228883,480646028
1444,45.5005414955,-73.5535043288,480646028
1445,45.5004898153,-73.5534907005,480646028
1446,45.5004499504,-73.553480188,480646028
1447,45.5004406006,-73.5534777224,480646028
1448,45.5004287852,-73.5534746066,480646028
1449,45.5004100856,-73.5534696754,480646028
1450,45.5003795706,-73.5534616285,480646028
1451,45.5003160749,-73.5534448844,480646028
1452,45.500282328,-73.5534029931,136661989
1453,45.500208494,-73.553361375,480646028
1454,45.5001517745,-73.55329925,480646028
1455,45.5001045804,-73.5532475583,480646028
1456,45.5000569531,-73.5531953921,480646028
1457,45.4999936,-73.5531410248,480646028
1458,45.4999439548,-73.5531005892,480646028
1459,45.4998853327,-73.5530622886,480646028
1460,45.4998224512,-73.5530274964,480646028
1461,45.4997438286,-73.5530070003,480646028
1462,45.4996724765,-73.5529951229,480646028
1463,45.4996011244,-73.5529832456,480646028
1464,45.4995216616,-73.5529700181,480646028
1465,45.4994519292,-73.5529584103,480646028
1466,45.4993821969,-73.5529468026,480646028
1467,45.4993027341,-73.5529335751,480646028
1468,45.4992222712,-73.5529207947,480646028
1469,45.4991520704,-73.5529124929,480646028
1470,45.4990731737,-73.5529031627,480646028
1471,45.4989931108,-73.5528936946,480646028
1472,45.4989240763,-73.5528855306,480646028
1473,45.4988440134,-73.5528760625,480646028
1474,45.4987391934,-73.5529036562,38911509
1475,45.4986712226,-73.5528603392,480646028
1476,45.498581,-73.552857558,480646028
1477,45.498501076,-73.5528550943,480646028
1478,45.4984211519,-73.5528526306,480646028
1479,45.4983309294,-73.5528498495,480646028
1480,45.4982510053,-73.5528473858,480646028
1481,45.4981647438,-73.5528819335,20322551
1482,45.4980776622,-73.5528500088,480646028
1483,45.4979782662,-73.5528577565,480646028
1484,45.4978788701,-73.5528655043,480646028
1485,45.4977886388,-73.5528725376,480646028
1486,45.497688468,-73.5528803458,480646028
1487,45.4975791323,-73.5528888683,480646028
1488,45.4974690218,-73.5528974512,480646028
1489,45.4973578921,-73.5529067523,480646028
1490,45.4972379713,-73.5529176255,480646028
1491,45.4971478059,-73.5529258008,480646028
1492,45.4970369042,-73.5529358562,480646028
1493,45.4969467387,-73.5529440315,480646028
1494,45.4968565733,-73.5529522068,480646028
1495,45.4967763263,-73.5529594828,480646028
1496,45.4967375708,-73.5529996906,20319595
1497,45.4966431846,-73.5529740876,480646028
1498,45.4966037702,-73.552978892,480646028
1499,45.4965730083,-73.5529826417,480646028
1500,45.4965434475,-73.552986245,480646028
1501,45.4965335939,-73.5529874461,480646028
1502,45.4965335939,-73.5529874461,480646028
1503,45.4965335939,-73.5529874461,480646028
1504,45.4965335939,-73.5529874461,480646028
1505,45.4965335939,-73.5529874461,480646028
1506,45.4965335939,-73.5529874461,480646028
1507,45.4965335939,-73.5529874461,480646028
1508,45.4965335939,-73.5529874461,480646028
1509,45.4965335939,-73.5529874461,480646028
1510,45.4965335939,-73.5529874461,480646028
1511,45.4965335939,-73.5529874461,480646028
1512,45.4965335939,-73.5529874461,480646028
1513,45.4965335939,-73.5529874461,480646028
1514,45.4965335939,-73.5529874461,480646028
1515,45.4965335939,-73.5529874461,480646028
1516,45.4965335939,-73.5529874461,480646028
1517,45.4965335939,-73.5529874461,480646028
1518,45.4965335939,-73.5529874461,480646028
1519,45.4965335939,-73.5529874461,480646028
1520,45.4965335939,-73.5529874461,480646028
1521,45.4965335939,-73.5529874461,480646028
1522,45.4965335939,-73.5529874461,480646028
1523,45.4965237404,-73.5529886472,480646028
1524,45.4965040332,-73.5529910494,480646028
1525,45.4964646188,-73.5529958538,480646028
1526,45.4964252044,-73.5530006583,480646028
1527,45.4963759365,-73.5530066638,480646028
1528,45.496335321,-73.5530116146,480646028
1529,45.4962832606,-73.5530259804,464706886
1530,45.4962343085,-73.5530397153,464706886
1531,45.4961853565,-73.5530534503,464706886
1532,45.4961380071,-73.5530762926,464706886
1533,45.4960867047,-73.5531038696,464706886
1534,45.4960342066,-73.5531427252,165265057
1535,45.4959670064,-73.5531962409,165265057
1536,45.495894933,-73.5532536373,165265057
1537,45.4958118673,-73.5533197877,165265057
1538,45.4957397939,-73.5533771841,165265057
1539,45.4956848322,-73.5534209536,165265057
1540,45.4956298704,-73.553464723,165265057
1541,45.4955907741,-73.5534958578,165265057
1542,45.4956097469,-73.5535660298,474836756
1543,45.4955625999,-73.5535607756,474839163
1544,45.495561645,-73.5535599758,474839163
1545,45.4955646576,-73.5535624989,474839163
1546,45.4955341061,-73.553601116,358373409
1547,45.4954531256,-73.5536373991,358373410
1548,45.4954100408,-73.5536950955,358373410
1549,45.495366956,-73.5537527919,358373410
1550,45.4953202912,-73.5538152825,358373410
1551,45.4952736264,-73.553877773,358373410
1552,45.4952305416,-73.5539354694,358373410
1553,45.4951862427,-73.5539947917,358373410
1554,45.495147952,-73.5540460681,358373410
1555,45.4951216155,-73.5540813363,358373410
1556,45.495096493,-73.5541149787,358373410
1557,45.4950981774,-73.5541807893,358373409
1558,45.4950798058,-73.5541703416,358373409
1559,45.4950523267,-73.5541720494,619321649
1560,45.4950251626,-73.5541404068,20322561
1561,45.4949847844,-73.5541118646,20322561
1562,45.4949666686,-73.554061191,20322561
1563,45.4949422131,-73.5539927838,20322561
1564,45.4949197943,-73.5539300735,20322561
1565,45.4948985087,-73.5538705331,20322561
1566,45.4948772231,-73.5538109928,20322561
1567,45.4948559374,-73.5537514524,20322561
1568,45.494831482,-73.5536830452,20322561
1569,45.4948101964,-73.5536235048,20322561
1570,45.4947846077,-73.5535519278,20322561
1571,45.494763322,-73.5534923874,20322561
1572,45.4947409032,-73.5534296771,20322561
1573,45.4947196176,-73.5533701367,20322561
1574,45.494698332,-73.5533105963,20322561
1575,45.4946770464,-73.5532510559,20322561
1576,45.4946557607,-73.5531915155,20322561
1577,45.494637645,-73.5531408419,20322561
1578,45.4946226991,-73.5530990351,20322561
1579,45.4946152262,-73.5530781317,20322561
1580,45.4946120563,-73.5530692649,20322561
1581,45.4946057166,-73.5530515313,20322561
1582,45.4946014135,-73.5530394947,20322561
1583,45.4945939405,-73.5530185913,20322561
1584,45.4945842012,-73.5529913481,20322561
1585,45.4945056456,-73.5529733785,466654181
1586,45.4944588568,-73.5529856361,466654181
1587,45.4943978072,-73.5530016296,466654181
1588,45.4943204936,-73.553021884,466654181
1589,45.4942476349,-73.5530409694,466654181
1590,45.4941678683,-73.5530618607,466654181
1591,45.4940787436,-73.5530852029,466654181
1592,45.4939965261,-73.553106736,466654181
1593,45.4938955924,-73.553133171,466654181
1594,45.4937971097,-73.5531589641,466654181
1595,45.4937055341,-73.5531829482,466654181
1596,45.4936070513,-73.5532087413,466654181
1597,45.4935272847,-73.5532296326,466654181
1598,45.4934450672,-73.5532511657,466654181
1599,45.4933933749,-73.5532647042,466654181
1600,45.4933534916,-73.5532751498,466654181
1601,45.4933441335,-73.5532776007,466654181
1602,45.4933347754,-73.5532800517,466654181
1603,45.4933229664,-73.5532831445,466654181
1604,45.4933042502,-73.5532880464,466654181
1605,45.493257735,-73.5533048097,466654181
1606,45.4932208189,-73.5533491252,466654181
1607,45.4931966567,-73.5534073207,466654181
1608,45.4931823706,-73.5534784681,466654181
1609,45.493166538,-73.5535572942,466654181
1610,45.4931519392,-73.5536475723,466654181
1611,45.4931766913,-73.5537225301,707195316
1612,45.4931225372,-73.5538663085,466654181
1613,45.4931680627,-73.5539121161,428978767
1614,45.4930944554,-73.5540752222,466654181
1615,45.493086895,-73.5541887933,466654181
1616,45.4930825248,-73.5543090043,466654181
1617,45.4930778199,-73.5544388338,466654181
1618,45.4930734768,-73.5545586764,466654181
1619,45.4930687719,-73.5546885059,466654181
1620,45.4930644158,-73.5548087105,466654181
1621,45.4930600728,-73.5549285531,466654181
1622,45.4930557166,-73.5550487576,466654181
1623,45.4930510117,-73.5551785871,466654181
1624,45.4930473794,-73.5552788179,466654181
1625,45.4930441221,-73.5553686998,466654181
1626,45.4930419375,-73.555428983,466654181
1627,45.4930408518,-73.5554589437,466654181
1628,45.4930404898,-73.5554689306,466654181
1629,45.493039766,-73.5554889043,466654181
1630,45.4930383183,-73.5555288519,466654181
1631,45.4930732754,-73.5556079538,361815164
1632,45.4930336997,-73.5556692743,466654181
1633,45.4930312183,-73.5557592059,466654181
1634,45.4930284536,-73.5558594055,466654181
1635,45.4930259722,-73.555949337,466654181
1636,45.4930234832,-73.5560395443,466654181
1637,45.4930215532,-73.556109491,466654181
1638,45.4930204504,-73.5561494606,466654181
1639,45.4930198913,-73.5561697211,466654181
1640,45.4930196156,-73.5561797135,466654181
1641,45.4930187885,-73.5562096907,466654181
1642,45.4930168585,-73.5562796374,466654181
1643,45.4930168132,-73.5563501006,165325650
1644,45.4930196509,-73.556440011,165325650
1645,45.4930224887,-73.5565299215,165325650
1646,45.4930361923,-73.5566307615,165325650
1647,45.4930542692,-73.5567211462,165325650
1648,45.4930743292,-73.5568120424,165325650
1649,45.4931096552,-73.5569101242,165325650
1650,45.4931386049,-73.5569905025,165325650
1651,45.4931675546,-73.5570708808,165325650
1652,45.4932028805,-73.5571689625,165325650
1653,45.493230682,-73.5572461527,165325650
1654,45.4932521072,-73.5573056394,165325650
1655,45.4932767205,-73.5573739778,165325650
1656,45.4932781546,-73.5574577226,455718964
1657,45.4932482401,-73.5574773126,455718964
1658,45.4932359673,-73.5575345825,704196235
1659,45.493153416,-73.5575393663,455718964
1660,45.4930930743,-73.557578844,455718964
1661,45.4930351538,-73.5576167376,455718964
1662,45.4929723908,-73.5576577993,455718964
1663,45.4929236332,-73.5576896983,455718964
1664,45.4928748756,-73.5577215972,455718964
1665,45.4928261179,-73.5577534962,455718964
1666,45.4927941973,-73.5578298819,20112466
1667,45.4928029379,-73.5578527046,20112466
1668,45.4928162976,-73.5578875882,20112466
1669,45.4928123298,-73.5579248115,704196234
1670,45.4928535264,-73.5579848215,20112466
1671,45.4928761171,-73.5580438298,20112466
1672,45.4928953687,-73.5580941163,20112466
1673,45.4929225767,-73.5581651852,20112466
1674,45.4929451673,-73.5582241934,20112466
1675,45.4929723753,-73.5582952623,20112466
1676,45.4929995832,-73.5583663312,20112466
1677,45.4930255129,-73.5584340611,20112466
1678,45.4930527208,-73.55850513,20112466
1679,45.4930799287,-73.5585761989,20112466
1680,45.4931071367,-73.5586472678,20112466
1681,45.4931330663,-73.5587149977,20112466
1682,45.4931602743,-73.5587860666,20112466
1683,45.4931841432,-73.5588484138,20112466
1684,45.4932113512,-73.5589194827,20112466
1685,45.4932352201,-73.5589818299,20112466
1686,45.4932611498,-73.5590495598,20112466
1687,45.4932850187,-73.559111907,20112466
1688,45.4933109484,-73.5591796369,20112466
1689,45.4933381563,-73.5592507058,20112466
1690,45.4933607469,-73.559309714,20112466
1691,45.4933879549,-73.5593807829,20112466
1692,45.4934105455,-73.5594397911,20112466
1693,45.4934331362,-73.5594987994,20112466
1694,45.4934523878,-73.5595490859,20112466
1695,45.4934716394,-73.5595993724,20112466
1696,45.4934842131,-73.5596322155,20112466
1697,45.4934908911,-73.5596496589,20112466
1698,45.4934988474,-73.5596704413,20112466
1699,45.4935068037,-73.5596912237,20112466
1700,45.493524777,-73.5597381712,20112466
1701,45.4935440287,-73.5597884577,20112466
1702,45.493569451,-73.5598564968,20112466
1703,45.4935914204,-73.5599157669,20112466
1704,45.4936133897,-73.5599750369,20112466
1705,45.4936386179,-73.560043099,20112466
1706,45.4936585363,-73.5600968359,20112466
1707,45.4936792977,-73.560152847,20112466
1708,45.4936992161,-73.5602065839,20112466
1709,45.4937167186,-73.560253803,20112466
1710,45.4937419468,-73.5603218651,20112466
1711,45.4937651241,-73.560384394,20112466
1712,45.4937903523,-73.5604524561,20112466
1713,45.4938167885,-73.5605237771,20112466
1714,45.4938399658,-73.560586306,20112466
1715,45.4938619352,-73.5606455761,20112466
1716,45.4938871634,-73.5607136381,20112466
1717,45.4939091327,-73.5607729082,20112466
1718,45.49393231,-73.5608354371,20112466
1719,45.4939575383,-73.5609034992,20112466
1720,45.4939795076,-73.5609627692,20112466
1721,45.4940026849,-73.5610252982,20112466
1722,45.4940246542,-73.5610845682,20112466
1723,45.4940498825,-73.5611526303,20112466
1724,45.4940763187,-73.5612239512,20112466
1725,45.494098288,-73.5612832213,20112466
1726,45.4941202573,-73.5613424913,20112466
1727,45.4941389678,-73.5613929693,20112466
1728,45.4941588862,-73.5614467062,20112466
1729,45.4941775966,-73.5614971842,20112466
1730,45.494196307,-73.5615476622,20112466
1731,45.4942105506,-73.5615860893,20112466
1732,45.4942215353,-73.5616157243,20112466
1733,45.494229261,-73.5616365673,20112466
1734,45.4942280531,-73.5616333084,20112466
1735,45.4942345709,-73.5616508924,20112466
1736,45.49422137,-73.5617250251,366840862
1737,45.4941891443,-73.5617474775,366840862
1738,45.4941434543,-73.5617793108,366840862
1739,45.4940977644,-73.5618111441,366840862
1740,45.4940500328,-73.5618443999,366840862
1741,45.4939976107,-73.5618809236,366840862
1742,45.4939451887,-73.5619174473,366840862
1743,45.4938927667,-73.561953971,366840862
1744,45.4938470767,-73.5619858043,366840862
1745,45.4937993451,-73.56201906,366840862
1746,45.4937469231,-73.5620555837,366840862
1747,45.4937059235,-73.5620841491,366840862
1748,45.4936651384,-73.5621134052,366840862
1749,45.4936184146,-73.5621478494,366840862
1750,45.4935669145,-73.5621858146,366840862
1751,45.4935266698,-73.5622154825,366840862
1752,45.4934751697,-73.5622534477,366840862
1753,45.4934236697,-73.5622914129,366840862
1754,45.4933769459,-73.562325857,366840862
1755,45.4933254458,-73.5623638222,366840862
1756,45.493278722,-73.5623982664,366840862
1757,45.493227222,-73.5624362316,366840862
1758,45.4931757219,-73.5624741968,366840862
1759,45.4931194456,-73.5625156829,366840862
1760,45.4930744009,-73.5625470447,366840862
1761,45.4930618164,-73.5626371534,164976438
1762,45.4930843233,-73.5626943652,164976438
1763,45.4931040374,-73.5627444777,164976438
1764,45.4931353119,-73.5628239763,164976438
1765,45.4931665864,-73.562903475,164976438
1766,45.4931978609,-73.5629829736,164976438
1767,45.4932257286,-73.5630538124,164976438
1768,45.4932451572,-73.5631468859,704194126
1769,45.4932819065,-73.5631951901,164976438
1770,45.4933055501,-73.5632537182,164976438

