0,45.5268781274,-73.5616385187,37625473
1,45.5268353741,-73.5615455764,37625473
2,45.5267932842,-73.5614540762,37625473
3,45.5267511981,-73.5613625842,37625473
4,45.5267220318,-73.5612991789,37625473
5,45.5266906303,-73.5612309144,37625473
6,45.5266692556,-73.5611844474,37625473
7,45.5266550033,-73.5611534638,37625473
8,45.5266378541,-73.5611161829,37625473
9,45.5266265015,-73.5610914926,37625473
10,45.5266193796,-73.561075999,37625473
11,45.5266122614,-73.5610605137,37625473
12,45.5266058041,-73.561046466,37625473
13,45.5266058041,-73.561046466,37625473
14,45.5266058041,-73.561046466,37625473
15,45.5266058041,-73.561046466,37625473
16,45.5266058041,-73.561046466,37625473
17,45.5266058041,-73.561046466,37625473
18,45.5266058041,-73.561046466,37625473
19,45.5266058041,-73.561046466,37625473
20,45.5266058041,-73.561046466,37625473
21,45.5266058041,-73.561046466,37625473
22,45.5266058041,-73.561046466,37625473
23,45.5266058041,-73.561046466,37625473
24,45.5266058041,-73.561046466,37625473
25,45.5266058041,-73.561046466,37625473
26,45.5266058041,-73.561046466,37625473
27,45.5266058041,-73.561046466,37625473
28,45.5266058041,-73.561046466,37625473
29,45.5266058041,-73.561046466,37625473
30,45.5266058041,-73.561046466,37625473
31,45.5266058041,-73.561046466,37625473
32,45.5266058041,-73.561046466,37625473
33,45.5266058041,-73.561046466,37625473
34,45.5266058041,-73.561046466,37625473
35,45.5266058041,-73.561046466,37625473
36,45.5266058041,-73.561046466,37625473
37,45.5266058041,-73.561046466,37625473
38,45.5266058041,-73.561046466,37625473
39,45.5266058041,-73.561046466,37625473
40,45.5266058041,-73.561046466,37625473
41,45.5265851047,-73.561001435,37625473
42,45.5265537252,-73.5609331701,37625473
43,45.5265187819,-73.560857152,37625473
44,45.5264809469,-73.5607748432,37625473
45,45.5264516,-73.560711,37625473
46,45.5264173828,-73.5606370044,37625473
47,45.5263923305,-73.5605828248,37625473
48,45.5263585696,-73.5605097992,37625473
49,45.5263277111,-73.5604430517,37625473
50,45.5262990901,-73.5603811438,37625473
51,45.526268932,-73.5603133455,37625473
52,45.5262355744,-73.5602383171,37625473
53,45.5262009575,-73.5601604563,37625473
54,45.5261669673,-73.5600840052,37625473
55,45.5261301484,-73.5600011917,37625473
56,45.5260864055,-73.5599028045,37625473
57,45.5260391996,-73.5597966284,37625473
58,45.5259920623,-73.5596902583,37625473
59,45.5259473421,-73.559588929,37625473
60,45.525903862,-73.5594904506,37625473
61,45.525917509,-73.5594051218,242961308
62,45.5258717948,-73.5593151257,513721309
63,45.5257864065,-73.5592376414,242961307
64,45.5257466754,-73.5591526791,242961307
65,45.5257040127,-73.5590614477,242961307
66,45.5256613538,-73.5589702245,242961307
67,45.5256157654,-73.5588727366,242961307
68,45.5255731065,-73.5587815134,242961307
69,45.5255268323,-73.5586825592,242961307
70,45.5254733355,-73.5585681598,242961307
71,45.525419155,-73.5584522984,242961307
72,45.5253627304,-73.5583316381,242961307
73,45.5253085499,-73.5582157767,242961307
74,45.5253246396,-73.5581094268,28289546
75,45.5252037609,-73.5579892065,242961307
76,45.5251515793,-73.5578759607,242961307
77,45.5250987286,-73.557761263,242961307
78,45.525053016,-73.5576620566,242961307
79,45.5250101979,-73.5575691318,242961307
80,45.5249782079,-73.5574736224,37625505
81,45.5249561234,-73.5573792081,37625505
82,45.5249340366,-73.5572847843,37625505
83,45.5249236608,-73.5571540184,690837666
84,45.5249126778,-73.5570449523,37625505
85,45.5249152661,-73.556922628,37625505
86,45.5249291731,-73.5568062101,37625505
87,45.5249617591,-73.556704701,37625505
88,45.5250054682,-73.5566066364,37625505
89,45.5250448771,-73.5565215252,37625505
90,45.5251186787,-73.5564401122,330237607
91,45.5251281195,-73.5563833202,37625505
92,45.5251735168,-73.5563265665,37625505
93,45.5252241313,-73.5562632904,37625505
94,45.5252916254,-73.5561959931,48809472
95,45.5253642969,-73.5561369499,48809472
96,45.5254415535,-73.5560741814,48809472
97,45.5255155933,-73.5560087206,48809472
98,45.5255897375,-73.5559429002,48809472
99,45.5256442949,-73.5558662758,48809472
100,45.5256866542,-73.5557763881,48809472
101,45.5257219557,-73.5556693207,48809472
102,45.5257503882,-73.5555565265,453266449
103,45.5257649878,-73.5554263253,453266449
104,45.5257763835,-73.5552821608,453266449
105,45.5257909861,-73.555130855,28289596
106,45.5257752276,-73.5549931669,453266450
107,45.5257595212,-73.5548420951,453266450
108,45.525733937,-73.5546951326,453266450
109,45.5257025857,-73.5545403932,453266450
110,45.5256526368,-73.5543822656,420427004
111,45.5255887121,-73.554233636,420427004
112,45.5255170705,-73.5540670641,420427004
113,45.5254470088,-73.5539041653,420427004
114,45.5253799239,-73.5537481881,420427004
115,45.5253335783,-73.5535993301,420427004
116,45.5252902375,-73.5534328176,420427004
117,45.5252466525,-73.5532558586,420427004
118,45.5252028518,-73.5530780243,420427004
119,45.525157495,-73.5528938717,420427004
120,45.5251123584,-73.5527106132,420427004
121,45.5250670015,-73.5525264606,420427004
122,45.524962046,-73.5523349598,723869795
123,45.5249127295,-73.5521399003,723869794
124,45.52492761,-73.5519605191,420427004
125,45.5248746397,-73.551775243,420427004
126,45.5248291482,-73.5516651955,725383220
127,45.524770886,-73.5514202296,420427004
128,45.5247220898,-73.551253264,420427004
129,45.5246647786,-73.5510786207,420427004
130,45.5245968567,-73.5509184256,420427004
131,45.5245115917,-73.5507565521,725383217
132,45.5244423134,-73.5505992029,420427004
133,45.5243640414,-73.5504322923,420427004
134,45.5242886969,-73.5502716243,420427004
135,45.5242162871,-73.5501172147,420427004
136,45.5241409464,-73.5499565548,420427004
137,45.5240853431,-73.5498249759,341688365
138,45.5239888854,-73.5496322934,420427004
139,45.5239149163,-73.5494745584,420427004
140,45.5238431972,-73.5493216216,420427004
141,45.5237721629,-73.549170145,420427004
142,45.5237264086,-73.5490455854,341688392
143,45.5236244086,-73.5488550673,420427004
144,45.5235526857,-73.5487021223,420427004
145,45.5234773468,-73.5485414663,420427004
146,45.5234026908,-73.5483822667,420427004
147,45.5232748963,-73.5481835905,455449056
148,45.5232549365,-73.548067189,420427004
149,45.5231550086,-73.5479023605,455449059
150,45.523107186,-73.5477521195,420427004
151,45.5230325301,-73.5475929199,420427004
152,45.5229717859,-73.5474769998,95213669
153,45.5228839106,-73.5472759974,420427004
154,45.5228158918,-73.5471099205,420427004
155,45.5227536055,-73.5469419337,420427004
156,45.522677389,-73.5466448381,95213675
157,45.5226542336,-73.5465810817,420427004
158,45.5226365552,-73.5464349648,453266470
159,45.5225831329,-73.5461862752,420427004
160,45.522547655,-73.5460031139,111765916
161,45.5225161787,-73.5458128124,420427004
162,45.5224628324,-73.5456162737,20318109
163,45.5224514003,-73.5454514856,420427004
164,45.5224185271,-73.5452681226,420427004
165,45.5223843271,-73.5450773593,420427004
166,45.5223472157,-73.5448710538,420427004
167,45.5223078239,-73.5446569613,420427004
168,45.5222700381,-73.5444515971,420427004
169,45.5222322541,-73.5442462427,420427004
170,45.5221971842,-73.5440556388,420427004
171,45.5221634735,-73.543872423,420427004
172,45.5221312445,-73.5436972593,420427004
173,45.5221003747,-73.5435294837,420427004
174,45.5220708612,-73.5433690785,420427004
175,45.5220401147,-73.543201973,420427004
176,45.5220078871,-73.5430268172,420427004
177,45.5219756577,-73.5428516517,420427004
178,45.5219407125,-73.5426617259,420427004
179,45.5219070022,-73.5424785119,420427004
180,45.521872057,-73.5422885861,420427004
181,45.5218371139,-73.5420986718,420427004
182,45.5218019188,-73.5419073881,420427004
183,45.5217668506,-73.5417167939,420427004
184,45.5217316556,-73.5415255102,420427004
185,45.5216964623,-73.5413342362,420427004
186,45.5216622898,-73.541142875,420427004
187,45.5216286687,-73.5409520183,420427004
188,45.5215924407,-73.5407463627,420427004
189,45.5215549073,-73.540533297,420427004
190,45.5215173756,-73.540320241,420427004
191,45.5214797289,-73.5401065323,420427004
192,45.5214408919,-73.5398860663,420427004
193,45.5214020566,-73.5396656099,420427004
194,45.5213631063,-73.5394445009,420427004
195,45.5213229673,-73.5392166442,420427004
196,45.521282828,-73.5389887858,420427004
197,45.5212425727,-73.5387602684,420427004
198,45.5211998265,-73.538517611,420427004
199,45.5211594575,-73.538288449,420427004
200,45.5211179003,-73.538052541,420427004
201,45.5210776463,-73.5378240316,420427004
202,45.521037706,-73.5375938859,420427004
203,45.5209996143,-73.537364364,420427004
204,45.5209616231,-73.5371354476,420427004
205,45.5209248662,-73.5369139681,420427004
206,45.520886979,-73.5366856784,420427004
207,45.5208513517,-73.5364710058,420427004
208,45.5208145932,-73.5362495165,420427004
209,45.5207899964,-73.5360255572,420427007
210,45.520749829,-73.5358060426,426646175
211,45.5207306699,-73.535583684,426646173
212,45.5207122144,-73.5353620548,426646173
213,45.5206996818,-73.5351409567,426646173
214,45.5206933844,-73.5349271849,426646173
215,45.5206897309,-73.5347135122,426646172
216,45.5207033771,-73.534492579,426646174
217,45.520722008,-73.5342795871,426646174
218,45.5207323352,-73.5340534843,420427006
219,45.5207591341,-73.533852235,426646174
220,45.5207773999,-73.5336388724,426646174
221,45.5207956936,-73.533425185,426646174
222,45.5208133396,-73.5332190631,426646174
223,45.5208316055,-73.5330057005,426646174
224,45.5208491951,-73.5328002369,426646174
225,45.5208681381,-73.5325789652,426646174
226,45.5208877286,-73.5323501298,426646174
227,45.5209079675,-73.5321137198,426646174
228,45.5209295311,-73.5318618363,426646174
229,45.5209510948,-73.5316099527,426646174
230,45.5209720099,-73.5313656437,426646174
231,45.520992925,-73.5311213354,426646174
232,45.5210138402,-73.5308770264,426646174
233,45.5210334585,-73.5306478663,426646174
234,45.5210537252,-73.5304111317,426646174
235,45.5210746404,-73.5301668227,426646174
236,45.5210961762,-73.5299152638,426646174
237,45.5211177121,-73.5296637049,426646174
238,45.5211379519,-73.5294272841,426646174
239,45.5211575147,-73.5291987725,426646174
240,45.5211757806,-73.5289854098,426646174
241,45.5211940464,-73.528772048,426646174
242,45.5212116369,-73.5285665737,426646174
243,45.5212279575,-73.5283759345,426646174
244,45.5212436026,-73.5281931845,426646174
245,45.5212599508,-73.5280022215,426646174
246,45.5212763,-73.5278112477,426646174
247,45.5212926483,-73.5276202847,426646174
248,45.5213096459,-73.5274217364,426646174
249,45.5213266148,-73.5272235236,426646174
250,45.5213436116,-73.5270249852,426646174
251,45.5213605814,-73.5268267616,426646174
252,45.5213775226,-73.5266288726,426646174
253,45.5213944924,-73.5264306489,426646174
254,45.5214101367,-73.5262479089,426646174
255,45.5214258374,-73.5260645096,426646174
256,45.521441565,-73.5258807964,426646174
257,45.5214579141,-73.5256898235,426646174
258,45.5214736417,-73.5255061103,426646174
259,45.5214906392,-73.5253075629,426646174
260,45.5215082012,-73.5251024231,426646174
261,45.5215258472,-73.5248963012,426646174
262,45.521544817,-73.5246747156,426646174
263,45.5215637313,-73.5244537785,426646174
264,45.5215832941,-73.5242252668,426646174
265,45.5216029124,-73.5239961067,426646174
266,45.5216225315,-73.5237669367,426646174
267,45.5216428259,-73.5235298784,426646174
268,45.5216630927,-73.5232931438,426646174
269,45.5216833593,-73.52305641,426646174
270,45.5217036261,-73.5228196755,426646174
271,45.5217244857,-73.5225760149,426646174
272,45.5217447247,-73.5223396041,426646174
273,45.5217656121,-73.5220956197,426646174
274,45.5217864718,-73.521851959,426646174
275,45.5218067394,-73.5216152145,426646174
276,45.5218283029,-73.5213633318,426646174
277,45.5218485697,-73.5211265973,426646174
278,45.5218695126,-73.5208819644,426646174
279,45.5218891586,-73.5206524797,426646174
280,45.5219094254,-73.5204157451,426646174
281,45.5219290159,-73.5201869096,426646174
282,45.5219486341,-73.5199577496,426646174
283,45.5220417,-73.5197993,727475395
284,45.5219858706,-73.5195227922,426646174
285,45.521987,-73.5195096,426646174
327,45.521987,-73.5195096,426646174
328,45.521987,-73.5195096,426646174
329,45.521987,-73.5195096,426646174
330,45.521982091,-73.5195669422,426646174
331,45.5219696325,-73.5197124682,426646174
332,45.5219565543,-73.519865235,426646174
333,45.5219428267,-73.5200255862,426646174
334,45.5219284229,-73.5201938357,426646174
335,45.5219141032,-73.520361103,426646174
336,45.521899051,-73.5205369269,426646174
337,45.521883971,-73.5207130756,426646174
338,45.5218696236,-73.5208806675,426646174
339,45.5218546269,-73.521055843,426646174
340,45.5218396033,-73.5212313333,426646174
341,45.5218245788,-73.5214068334,426646174
342,45.5218095543,-73.5215823336,426646174
343,45.5217945029,-73.5217581476,426646174
344,45.5217794785,-73.5219336478,426646174
345,45.521764454,-73.5221091479,426646174
346,45.5217494581,-73.5222843135,426646174
347,45.5217337852,-73.5224673882,426646174
348,45.521717437,-73.5226583512,426646174
349,45.5217010878,-73.522849325,426646174
350,45.5216842021,-73.5230465656,426646174
351,45.5216672323,-73.5232447892,426646174
352,45.5216496149,-73.5234505774,426646174
353,45.5216319419,-73.523657014,426646174
354,45.5216142681,-73.5238634606,426646174
355,45.5215960023,-73.5240768232,426646174
356,45.5215783571,-73.5242829352,426646174
357,45.5215600904,-73.5244963078,426646174
358,45.5215417968,-73.5247099943,426646174
359,45.5215235032,-73.5249236807,426646174
360,45.5215052373,-73.5251370434,426646174
361,45.5214869428,-73.5253507407,426646174
362,45.5214693254,-73.5255565288,426646174
363,45.5214523278,-73.5257550763,426646174
364,45.5214359796,-73.5259460393,426646174
365,45.5214202789,-73.5261294386,426646174
366,45.5214051998,-73.5263055764,426646174
367,45.5213894991,-73.5264889757,426646174
368,45.5213731785,-73.5266796149,426646174
369,45.521356292,-73.5268768654,426646174
370,45.5213393786,-73.5270744307,426646174
371,45.5213224365,-73.5272723297,426646174
372,45.5213048191,-73.5274781178,426646174
373,45.5213727061,-73.527683523,727475395
374,45.5212702041,-73.5278824543,426646174
375,45.5213380846,-73.528095168,727475395
376,45.5212343763,-73.5283009558,426646174
377,45.5213022154,-73.5285216469,727475395
378,45.5212836038,-73.5287429362,727475395
379,45.5211781977,-73.528957175,426646174
380,45.5212457167,-73.5291934088,727475395
381,45.5211396643,-73.5294072822,426646174
382,45.5212084928,-73.5296359958,727475395
383,45.5211011595,-73.5298570548,426646174
384,45.521170686,-73.530085513,727475395
385,45.5211514372,-73.5303143788,727475395
386,45.5211321876,-73.5305432537,727475395
387,45.5211123016,-73.5307796951,727475395
388,45.5210930528,-73.5310085609,727475395
389,45.5210731668,-73.5312450022,727475395
390,45.521053254,-73.5314817626,727475395
391,45.5210333412,-73.531718523,727475395
392,45.5209215463,-73.5319551071,426646174
393,45.520992268,-73.5322068776,727475395
394,45.5209717448,-73.5324508954,727475395
395,45.5208588554,-73.5326873958,426646174
396,45.5209312812,-73.5329320025,727475395
397,45.5208176735,-73.5331684394,426646174
398,45.5208908184,-73.5334130989,727475395
399,45.5207777607,-73.5336346579,426646174
400,45.5207581702,-73.5338634933,426646174
401,45.5207832398,-73.5340717352,420427006
402,45.5207197062,-73.5343059022,426646174
403,45.5207970957,-73.5345274487,727475395
404,45.5207240097,-73.534736836,544901382
405,45.5206940912,-73.5349511779,426646173
406,45.5207003787,-73.5351646127,426646173
407,45.520713634,-73.5353791027,426646173
408,45.5207320623,-73.5356004061,426646173
409,45.5207522123,-73.5358240211,426646175
410,45.520786828,-73.5360535599,420427007
411,45.5208227029,-73.5362983818,420427004
412,45.5208620269,-73.5365353292,420427004
413,45.5209001186,-73.5367648512,420427004
414,45.5209369795,-73.5369869575,420427004
415,45.5209725044,-73.5372010131,420427004
416,45.5210080293,-73.5374150688,420427004
417,45.5210435542,-73.5376291245,420427004
418,45.5210810572,-73.5378433942,420427004
419,45.5212309735,-73.5380378156,727475395
420,45.5211577689,-73.5382788628,420427004
421,45.5213089445,-73.5384723958,727475395
422,45.5212329489,-73.5387056372,420427004
423,45.5212705956,-73.5389193458,420427004
424,45.5213082436,-73.5391330625,420427004
425,45.5213471939,-73.5393541715,420427004
426,45.5213849553,-73.5395685312,420427004
427,45.5214226019,-73.5397822398,420427004
428,45.5214589467,-73.5399885578,420427004
429,45.5214964784,-73.5402016138,420427004
430,45.5215325917,-73.5404066185,420427004
431,45.5215674029,-73.5406042308,420427004
432,45.521600909,-73.5407944348,420427004
433,45.5216359501,-73.5409933525,420427004
434,45.5216709895,-73.5411922604,420427004
435,45.5217069831,-73.5413914163,420427004
436,45.5217421764,-73.5415826903,420427004
437,45.5217786043,-73.5417806743,420427004
438,45.5218151554,-73.5419793285,420427004
439,45.5218544224,-73.542192743,420427004
440,45.5218924581,-73.5423994651,420427004
441,45.5219329579,-73.5426195798,420427004
442,45.5219734577,-73.5428396946,420427004
443,45.5220127247,-73.5430531091,420427004
444,45.5220522433,-73.5432678912,420427004
445,45.52209151,-73.5434813039,420427004
446,45.5221279364,-73.54367928,420427004
447,45.522164489,-73.5438779421,420427004
448,45.522202273,-73.5440832965,420427004
449,45.5222415418,-73.5442967207,420427004
450,45.5222821667,-73.5445175153,420427004
451,45.5223230411,-73.5447396661,420427004
452,45.5223634619,-73.5449609754,420427004
453,45.5224045242,-73.5451900163,420427004
454,45.5224455883,-73.5454190669,420427004
455,45.5225234691,-73.5455959503,20318109
456,45.5225275943,-73.545876487,420427004
457,45.5225650916,-73.5459942429,111765916
458,45.5226105835,-73.546341716,420427004
459,45.5226992928,-73.5466433091,95213675
460,45.5227160802,-73.5467992206,420427004
461,45.5227782076,-73.5470150483,420427004
462,45.5228571969,-73.5472139086,420427004
463,45.5230025663,-73.5474497455,95213669
464,45.5230262996,-73.5475796339,420427004
465,45.5232347444,-73.5477941076,95213676
466,45.5231999049,-73.5479498372,420427004
467,45.523348257,-73.5481177911,455449056
468,45.5234769821,-73.5482831775,727475395
469,45.5235682106,-73.5484776378,727475395
470,45.5236618706,-73.548677281,727475395
471,45.523749478,-73.5488640227,727475395
472,45.5237586768,-73.5490142817,341688392
473,45.5239262524,-73.5492408303,727475395
474,45.5240124873,-73.5494246464,727475395
475,45.5240987183,-73.5496084543,727475395
476,45.5241325231,-73.5497809612,341688365
477,45.5242668741,-73.5499668909,727475395
478,45.5243494861,-73.5501429845,727475395
479,45.5244307218,-73.5503161443,727475395
480,45.5244977925,-73.5505152676,725383222
481,45.5245821715,-73.5506922033,725383217
482,45.5246678507,-73.5508192702,727475395
483,45.5247400726,-73.5509892202,727475395
484,45.52479414,-73.5511708564,727475395
485,45.524843822,-73.5513473757,727475395
486,45.5249210389,-73.5515860975,725383220
487,45.5249407275,-73.5517069302,727475395
488,45.5249860328,-73.5518795816,727475395
489,45.5250078532,-73.5520539144,723869794
490,45.5250660934,-73.5522387735,723869795
491,45.5251213119,-73.5523962813,727475395
492,45.5251658645,-73.5525664503,727475395
493,45.525209927,-73.5527347473,727475395
494,45.5252537433,-73.5529021039,727475395
495,45.5252959363,-73.5530632605,727475395
496,45.5253360154,-73.5532163429,727475395
497,45.5253760927,-73.5533694184,727475395
498,45.5254179152,-73.5535276747,727475395
499,45.5254575404,-73.5536749746,727475395
500,45.5255156042,-73.5538227377,727475395
501,45.525572929,-73.5539596367,727475395
502,45.5256352461,-73.5540981066,727475395
503,45.5256978485,-73.5542372105,727475395
504,45.5257579497,-73.5543707568,727475395
505,45.5258232873,-73.5544996059,426646171
506,45.5258906822,-73.5546163874,426646171
507,45.5258971766,-73.5547866684,19940855
508,45.5260587731,-73.5548059634,426646171
509,45.526107881,-73.5549214377,40754197
510,45.526188163,-73.5549958229,398606110
511,45.5262765878,-73.5550295815,398606110
512,45.5263484178,-73.5550517169,398606110
513,45.5264049699,-73.5550691442,398606110
514,45.5264601807,-73.5550861581,398606110
515,45.5265314845,-73.5551081313,398606110
516,45.526616509,-73.5551312384,398606110
517,45.5267061298,-73.5551545033,398606110
518,45.5267976087,-73.5551782506,398606110
519,45.5268854462,-73.5552151598,684785231
520,45.5269711424,-73.5552723617,684785231
521,45.5270476727,-73.5553450102,684785231
522,45.5271193,-73.5554372,684785231
523,45.5272479884,-73.5554972719,25877021
524,45.5272367888,-73.5556550512,684785231
525,45.527297873,-73.5557854041,37625479
526,45.5273617064,-73.5559273909,37625479
527,45.527430959,-73.5560814318,37625479
528,45.527499571,-73.5562340479,37625479
529,45.5275675408,-73.5563852353,37625479
530,45.5276339361,-73.5565329208,37625479
531,45.5276961989,-73.556671414,37625479
532,45.5277584617,-73.5568099071,37625479
533,45.5278143751,-73.5569342774,37625479
534,45.5278608282,-73.5570336037,37625479
535,45.5278897345,-73.557095394,37625479
536,45.5279107314,-73.5571402772,37625479
537,45.5279281102,-73.557177426,37625479
538,45.5279396357,-73.5572020631,37625479
539,45.5279497913,-73.5572237716,37625479
540,45.5279570165,-73.5572392163,37625479
541,45.5279570165,-73.5572392163,37625479
542,45.5279570165,-73.5572392163,37625479
543,45.5279570165,-73.5572392163,37625479
544,45.5279570165,-73.5572392163,37625479
545,45.5279570165,-73.5572392163,37625479
546,45.5279570165,-73.5572392163,37625479
547,45.5279570165,-73.5572392163,37625479
548,45.5279570165,-73.5572392163,37625479
549,45.5279570165,-73.5572392163,37625479
550,45.5279570165,-73.5572392163,37625479
551,45.5279570165,-73.5572392163,37625479
552,45.5279570165,-73.5572392163,37625479
553,45.5279570165,-73.5572392163,37625479
554,45.5279570165,-73.5572392163,37625479
555,45.5279570165,-73.5572392163,37625479
556,45.5279570165,-73.5572392163,37625479
557,45.5279570165,-73.5572392163,37625479
558,45.5279570165,-73.5572392163,37625479
559,45.5279570165,-73.5572392163,37625479
560,45.5279570165,-73.5572392163,37625479
561,45.5279570165,-73.5572392163,37625479
562,45.5279570165,-73.5572392163,37625479
563,45.5279570165,-73.5572392163,37625479
564,45.5279570165,-73.5572392163,37625479
565,45.5279570165,-73.5572392163,37625479
566,45.5279570165,-73.5572392163,37625479
567,45.5279570165,-73.5572392163,37625479
568,45.5279570165,-73.5572392163,37625479
569,45.5279570165,-73.5572392163,37625479
570,45.5279570165,-73.5572392163,37625479
571,45.5279570165,-73.5572392163,37625479
572,45.5279570165,-73.5572392163,37625479
573,45.5279570165,-73.5572392163,37625479
574,45.5279570165,-73.5572392163,37625479
575,45.5279570165,-73.5572392163,37625479
576,45.5279570165,-73.5572392163,37625479
577,45.5279570165,-73.5572392163,37625479
578,45.5279570165,-73.5572392163,37625479
579,45.5279570165,-73.5572392163,37625479
580,45.5279570165,-73.5572392163,37625479
581,45.5279570165,-73.5572392163,37625479
582,45.5279570165,-73.5572392163,37625479
583,45.5279570165,-73.5572392163,37625479
584,45.5279570165,-73.5572392163,37625479
585,45.5279570165,-73.5572392163,37625479
586,45.5279570165,-73.5572392163,37625479
587,45.5279563324,-73.5572377539,37625479
588,45.5279714705,-73.5572701133,37625479
589,45.5280268428,-73.5573161784,688901147
590,45.528056815,-73.557376585,463433443
591,45.5280981491,-73.5574366411,341093394
592,45.528138122,-73.5575196808,341093394
593,45.5281788081,-73.5576042239,341093394
594,45.5282298712,-73.5577103298,341093394
595,45.5282883301,-73.5578318035,341093394
596,45.5283475055,-73.5579547661,341093394
597,45.5284103806,-73.5580854165,341093394
598,45.5284718209,-73.5582130855,341093394
599,45.5285346961,-73.5583437359,341093394
600,45.5285970279,-73.5584727861,341093394
601,45.5286564123,-73.5585956514,341093394
602,45.5287120858,-73.5587108389,341093394
603,45.5287610589,-73.5588121634,341093394
604,45.5288070446,-73.5589073069,341093394
605,45.5288485939,-73.5589932718,341093394
606,45.5288849855,-73.5590685653,341093394
607,45.5289154021,-73.5591314968,341093394
608,45.5289412827,-73.5591850433,341093394
609,45.5290454315,-73.55924435,19940216
610,45.5290673589,-73.5592233914,19940216
611,45.5291067033,-73.5591857855,19940216
612,45.5291574708,-73.5591372613,19940216
613,45.5292140506,-73.5590831815,19940216
614,45.5292842312,-73.5590161019,19940216
615,45.5293466132,-73.5589564764,19940216
616,45.5294128065,-73.558893208,19940216
617,45.5294576006,-73.5588503931,19940216
618,45.5294984075,-73.5588113894,19940216
619,45.5295314109,-73.5587798442,19940216
620,45.529549004,-73.5587630286,19940216
621,45.529549004,-73.5587630286,19940216
622,45.529549004,-73.5587630286,19940216
623,45.529549004,-73.5587630286,19940216
624,45.529549004,-73.5587630286,19940216
625,45.529549004,-73.5587630286,19940216
626,45.529549004,-73.5587630286,19940216
627,45.529549004,-73.5587630286,19940216
628,45.529549004,-73.5587630286,19940216
629,45.529549004,-73.5587630286,19940216
630,45.529549004,-73.5587630286,19940216
631,45.529549004,-73.5587630286,19940216
632,45.529549004,-73.5587630286,19940216
633,45.529549004,-73.5587630286,19940216
634,45.529549004,-73.5587630286,19940216
635,45.529549004,-73.5587630286,19940216
636,45.529549004,-73.5587630286,19940216
637,45.529549004,-73.5587630286,19940216
638,45.529549004,-73.5587630286,19940216
639,45.529549004,-73.5587630286,19940216
640,45.529549004,-73.5587630286,19940216
641,45.529549004,-73.5587630286,19940216
642,45.529549004,-73.5587630286,19940216
643,45.529549004,-73.5587630286,19940216
644,45.529549004,-73.5587630286,19940216
645,45.5295898108,-73.5587240248,19940216
646,45.5295898108,-73.5587240248,19940216
647,45.5295898108,-73.5587240248,19940216
648,45.5295898108,-73.5587240248,19940216
649,45.5295898108,-73.5587240248,19940216
650,45.5295898108,-73.5587240248,19940216
651,45.5295898108,-73.5587240248,19940216
652,45.5295898108,-73.5587240248,19940216
653,45.5295898108,-73.5587240248,19940216
654,45.5295898108,-73.5587240248,19940216
655,45.5295898108,-73.5587240248,19940216
656,45.5295898108,-73.5587240248,19940216
657,45.5295898108,-73.5587240248,19940216
658,45.5295898108,-73.5587240248,19940216
659,45.5295898108,-73.5587240248,19940216
660,45.5295898108,-73.5587240248,19940216
661,45.5295898108,-73.5587240248,19940216
662,45.5295898108,-73.5587240248,19940216
663,45.5295898108,-73.5587240248,19940216
664,45.5295898108,-73.5587240248,19940216
665,45.5295898108,-73.5587240248,19940216
666,45.5295898108,-73.5587240248,19940216
667,45.5295898108,-73.5587240248,19940216
668,45.5295898108,-73.5587240248,19940216
669,45.5295898108,-73.5587240248,19940216
670,45.5295898108,-73.5587240248,19940216
671,45.5295898108,-73.5587240248,19940216
672,45.5295898108,-73.5587240248,19940216
673,45.5295898108,-73.5587240248,19940216
674,45.5295898108,-73.5587240248,19940216
675,45.5295898108,-73.5587240248,19940216
676,45.5295898108,-73.5587240248,19940216
677,45.5295898108,-73.5587240248,19940216
678,45.5295898108,-73.5587240248,19940216
679,45.5296151971,-73.5586997603,19940216
680,45.5296327851,-73.5586829494,19940216
681,45.529668137,-73.5586491596,19940216
682,45.5297209057,-73.5585987226,19940216
683,45.529785279,-73.5585371938,19940216
684,45.5298710614,-73.5584552018,19940216
685,45.5299550135,-73.5583749593,19940216
686,45.5300369847,-73.55829661,19940216
687,45.5301111474,-73.5582257243,19940216
688,45.5301697235,-73.5581697365,19940216
689,45.5302184999,-73.5581231153,19940216
690,45.5302632941,-73.5580803005,19940216
691,45.5302866893,-73.5580579391,19940216
692,45.5302924914,-73.5580523933,19940216
693,45.5302944877,-73.5580504852,19940216
694,45.5303060972,-73.5580393887,19940216
695,45.5303226283,-73.5579762155,393866982
696,45.5302979845,-73.5579252493,393866982
697,45.5302637485,-73.5578544455,393866982
698,45.5302169281,-73.5577576156,393866982
699,45.53016866,-73.5576577917,393866982
700,45.5301092513,-73.5575349277,393866982
701,45.5300461363,-73.5574043988,393866982
702,45.5299807491,-73.5572691708,393866982
703,45.5299153639,-73.5571339467,393866982
704,45.5298492547,-73.5569972255,393866982
705,45.5297912939,-73.556877356,393866982
706,45.5297348793,-73.5567606843,393866982
707,45.5296769185,-73.5566408148,393866982
708,45.5296262389,-73.5565341687,393866982
709,45.5295817984,-73.5564401838,393866982
710,45.5295430949,-73.5563583317,393866982
711,45.5295073361,-73.5562827073,393866982
712,45.5294729736,-73.5562100358,393866982
713,45.5294408652,-73.5561421316,393866982
714,45.5294674559,-73.5560559623,463433445
715,45.5293498388,-73.5559406951,393866982
716,45.5292977131,-73.5558239799,393866982
717,45.5292449522,-73.5557058424,393866982
718,45.5291934617,-73.5555905496,393866982
719,45.52915303,-73.5555000187,393866982
720,45.5291427437,-73.5554069787,27209081
721,45.5290734141,-73.555326646,393866982
722,45.5290212434,-73.5552151976,393866982
723,45.5289611569,-73.5550868394,393866982
724,45.5288967692,-73.554949293,393866982
725,45.5288330664,-73.5548132095,393866982
726,45.5287759096,-73.5546911099,393866982
727,45.5287187529,-73.5545690103,393866982
728,45.5286652125,-73.554454636,393866982
729,45.528605126,-73.5543262779,393866982
730,45.5285414231,-73.5541901944,393866982
731,45.5284734209,-73.5540449265,393866982
732,45.5284104047,-73.5539103098,393866982
733,45.5283444626,-73.5537694427,393866982
734,45.5282771452,-73.5536256378,393866982
735,45.5282113861,-73.5534851616,393866982
736,45.5281499282,-73.5533538737,393866982
737,45.5280905265,-73.5532269785,393866982
738,45.5280324963,-73.553103013,393866982
739,45.5279692933,-73.5529679972,393866982
740,45.527901789,-73.5528237932,393866982
741,45.5278408309,-73.552693573,393866982
742,45.5277841722,-73.5525725372,393866982
743,45.5277378608,-73.5524736059,393866982
744,45.5276872502,-73.5523654902,393866982
745,45.527640254,-73.552265096,393866982
746,45.5275954972,-73.5521694853,393866982
747,45.5275609048,-73.5520955882,393866982
748,45.5275378424,-73.5520463219,393866982
749,45.5275197681,-73.5520077111,393866982
750,45.5275283283,-73.5518386148,19940852
751,45.5275468657,-73.551820537,19940852
752,45.5275603218,-73.5518082099,19940852
753,45.5275810361,-73.5517892337,19940852
754,45.5273459386,-73.5516330591,728796868
755,45.5272886818,-73.5515092397,728796868
756,45.5272320979,-73.5513868755,728796868
757,45.5271806525,-73.5512756234,728796868
758,45.5271305533,-73.5511672824,728796868
759,45.5270869404,-73.5510729685,728796868
760,45.5270501,-73.5509933,728796868
761,45.5270075318,-73.5509012752,728796868
762,45.5269753186,-73.550831636,728796868
763,45.5269531684,-73.5507837514,728796868
764,45.5269424283,-73.550760533,728796868
765,45.5269388494,-73.5507527961,728796868
766,45.5269388494,-73.5507527961,728796868
767,45.5269388494,-73.5507527961,728796868
768,45.5269388494,-73.5507527961,728796868
769,45.5269388494,-73.5507527961,728796868
770,45.5269388494,-73.5507527961,728796868
771,45.5269388494,-73.5507527961,728796868
772,45.5269388494,-73.5507527961,728796868
773,45.5269388494,-73.5507527961,728796868
774,45.5269388494,-73.5507527961,728796868
775,45.5269388494,-73.5507527961,728796868
776,45.5269388494,-73.5507527961,728796868
777,45.5269388494,-73.5507527961,728796868
778,45.5269388494,-73.5507527961,728796868
779,45.5269388494,-73.5507527961,728796868
780,45.5269388494,-73.5507527961,728796868
781,45.5269388494,-73.5507527961,728796868
782,45.5269388494,-73.5507527961,728796868
783,45.5269388494,-73.5507527961,728796868
784,45.5269388494,-73.5507527961,728796868
785,45.5269388494,-73.5507527961,728796868
786,45.5269388494,-73.5507527961,728796868
787,45.5269388494,-73.5507527961,728796868
788,45.5269160297,-73.5507034641,728796868
789,45.5268974585,-73.5506633164,728796868
790,45.5268791066,-73.5506236429,728796868
791,45.5268638779,-73.5505907213,728796868
792,45.5267303387,-73.5505561888,393867357
793,45.5266762173,-73.5506059966,393867357
794,45.5266027623,-73.5506735971,393867357
795,45.5265234375,-73.5507465995,393867357
796,45.5264341164,-73.5508288014,393867357
797,45.5263327288,-73.5509220922,393867357
798,45.5262392616,-73.5510080903,393867357
799,45.5261499369,-73.551090277,393867357
800,45.5260685355,-73.5511651735,393867357
801,45.5259888722,-73.5512384708,393867357
802,45.5259212752,-73.5513006661,393867357
803,45.5258657435,-73.5513517601,393867357
804,45.5258240112,-73.5513901576,393867357
805,45.5257860807,-73.551425057,393867357
806,45.5257540202,-73.5514545555,393867357
807,45.5257219602,-73.5514840535,393867357
808,45.5256978286,-73.5515062567,393867357
809,45.525673697,-73.55152846,393867357
810,45.5256578294,-73.5515430596,393867357
811,45.5256478323,-73.5515522578,393867357
812,45.5256478323,-73.5515522578,393867357
813,45.5256478323,-73.5515522578,393867357
814,45.5256478323,-73.5515522578,393867357
815,45.5256478323,-73.5515522578,393867357
816,45.5256478323,-73.5515522578,393867357
817,45.5256478323,-73.5515522578,393867357
818,45.5256478323,-73.5515522578,393867357
819,45.5256478323,-73.5515522578,393867357
820,45.5256478323,-73.5515522578,393867357
821,45.5256478323,-73.5515522578,393867357
822,45.5256478323,-73.5515522578,393867357
823,45.5256478323,-73.5515522578,393867357
824,45.5256278326,-73.5515706592,393867357
825,45.5256178355,-73.5515798574,393867357
826,45.5255999042,-73.5515963559,393867357
827,45.5255819733,-73.5516128539,393867357
828,45.5255681744,-73.5516255501,393867357
829,45.5255585735,-73.5516547598,684473213
830,45.5255402418,-73.5516512562,728798319
831,45.5255185083,-73.5516712638,728798319
832,45.5255005821,-73.5516877663,728798319
833,45.525478526,-73.5517080708,728798319
834,45.525446304,-73.5517087821,393850368
835,45.5254280816,-73.5516705789,393850368
836,45.5253987087,-73.5516089967,393850368
837,45.5253597357,-73.5515272865,393850368
838,45.5253170936,-73.5514378839,393850368
839,45.525267106,-73.5513330807,393850368
840,45.5252171719,-73.5512282324,393850368
841,45.5251651577,-73.5511189448,393850368
842,45.5251175133,-73.5510188388,393850368
843,45.5250749425,-73.5509293928,393850368
844,45.5250360379,-73.5508476501,393850368
845,45.5250086,-73.55079,393850368
846,45.5249795023,-73.5507288779,393850368
847,45.5249611767,-73.5506903836,393850368
848,45.5249465124,-73.55065958,393850368
849,45.5249355132,-73.5506364754,393850368
850,45.5249252217,-73.5506148572,393850368
851,45.5249178934,-73.5505994635,393850368
852,45.5249178934,-73.5505994635,393850368
853,45.5249178934,-73.5505994635,393850368
854,45.5249178934,-73.5505994635,393850368
855,45.5249178934,-73.5505994635,393850368
856,45.5249178934,-73.5505994635,393850368
857,45.5249178934,-73.5505994635,393850368
858,45.5249178934,-73.5505994635,393850368
859,45.5249178934,-73.5505994635,393850368
860,45.5249105612,-73.5505840617,393850368
861,45.5248819365,-73.5505239332,393850368
862,45.5248791758,-73.5504366035,725383218
863,45.5248230807,-73.5503361416,393849391
864,45.5247914306,-73.5502403622,725383218
865,45.5246850029,-73.5501071076,463433433
866,45.5246210865,-73.5499711397,463433433
867,45.5245535392,-73.5498274477,463433433
868,45.5244809837,-73.5496731021,463433433
869,45.5244032426,-73.5495077238,95213678
870,45.5243241307,-73.5493394147,95213678
871,45.5242486435,-73.5491788173,95213678
872,45.5241731546,-73.5490182161,95213678
873,45.5241028529,-73.5488686505,95213678
874,45.5240354853,-73.5487253325,95213678
875,45.5239639827,-73.5486086073,95213677
876,45.5238786926,-73.5485086288,95213677
877,45.5238314812,-73.5484158682,95213677
878,45.5238028274,-73.5483595693,95213677
879,45.5237788318,-73.5483124228,95213677
880,45.5237633547,-73.5482820134,95213677
881,45.5237587005,-73.5482728688,95213677
882,45.5237548301,-73.5482652644,95213677
883,45.5237548301,-73.5482652644,95213677
884,45.5237548301,-73.5482652644,95213677
885,45.5237548301,-73.5482652644,95213677
886,45.5237548301,-73.5482652644,95213677
887,45.5237548301,-73.5482652644,95213677
888,45.5237548301,-73.5482652644,95213677
889,45.5237548301,-73.5482652644,95213677
890,45.5237548301,-73.5482652644,95213677
891,45.5237548301,-73.5482652644,95213677
892,45.5237548301,-73.5482652644,95213677
893,45.5237548301,-73.5482652644,95213677
894,45.5237548301,-73.5482652644,95213677
895,45.5237548301,-73.5482652644,95213677
896,45.5237548301,-73.5482652644,95213677
897,45.5237548301,-73.5482652644,95213677
898,45.5237548301,-73.5482652644,95213677
899,45.5237548301,-73.5482652644,95213677
900,45.5237548301,-73.5482652644,95213677
901,45.5237548301,-73.5482652644,95213677
902,45.5237548301,-73.5482652644,95213677
903,45.5237548301,-73.5482652644,95213677
904,45.5237548301,-73.5482652644,95213677
905,45.5237548301,-73.5482652644,95213677
906,45.5237548301,-73.5482652644,95213677
907,45.5237548301,-73.5482652644,95213677
908,45.5237548301,-73.5482652644,95213677
909,45.5237548301,-73.5482652644,95213677
910,45.5237548301,-73.5482652644,95213677
911,45.5237548301,-73.5482652644,95213677
912,45.5237548301,-73.5482652644,95213677
913,45.5237548301,-73.5482652644,95213677
914,45.5237548301,-73.5482652644,95213677
915,45.5237548301,-73.5482652644,95213677
916,45.5237548301,-73.5482652644,95213677
917,45.5237432233,-73.5482424593,95213677
918,45.5237277461,-73.5482120498,95213677
919,45.5237014501,-73.5481603834,95213677
920,45.5236674114,-73.5480935043,95213677
921,45.5236322466,-73.5480243314,95213677
922,45.5235943737,-73.5479442795,95213677
923,45.5235552161,-73.547867745,394907962
924,45.5235281252,-73.5477822319,453266456
925,45.5234665712,-73.5476994659,453266451
926,45.5234248474,-73.5476135657,453266451
927,45.5233831275,-73.5475276736,453266451
928,45.5233389682,-73.5474352567,453266452
929,45.5232892586,-73.5473302978,453266452
930,45.5232418064,-73.5472301053,453266452
931,45.5231970372,-73.5471315379,453266454
932,45.5231587327,-73.5470384832,453266454
933,45.523117741,-73.5469389005,453266454
934,45.5230794329,-73.5468458372,453266454
935,45.5230464998,-73.5467658314,453266454
936,45.5230172769,-73.5466948393,453266454
937,45.5229015353,-73.5466883594,95213675
938,45.52277458,-73.5466407599,727475395
939,45.5227465871,-73.5466419719,95213675
940,45.5226657425,-73.5466213905,420427004

