"1",45.5947118718601,-73.576112017104,471507852
"2",45.5948306434281,-73.5759288725197,471507852
"3",45.5949442601256,-73.5757453926592,471507852
"4",45.5950554460711,-73.5755689535975,37814033
"5",45.5951709486968,-73.5753920954406,37814033
"6",45.5952829728327,-73.5752186738639,202236597
"7",45.595397301992,-73.5750438273638,202236597
"8",45.5955120083369,-73.5748719145297,202236597
"9",45.595635180404,-73.5746990796863,202236597
"10",45.5957539938814,-73.5745222215294,202236597
"11",45.5958752381108,-73.5743398313164,202236597
"12",45.5959966918878,-73.5741566867321,202236597
"13",45.5961171817459,-73.5739841871648,202236597
"14",45.596239138437,-73.5738246795475,202236597
"15",45.596359376838,-73.5736576282173,22909953
"16",45.5964837223716,-73.5735137947589,22909953
"17",45.5966007337398,-73.5733639263301,22909953
"18",45.5967216007836,-73.5732227750807,22909953
"19",45.5968429707415,-73.5730894190013,22909953
"20",45.5969645083375,-73.5729693063288,22909953
"21",45.5970942182891,-73.5728500318467,22909953
"22",45.5972082439385,-73.5727505391478,22909953
"23",45.597359715072,-73.5725936294287,22909953
"24",45.5975020816974,-73.5724770371556,22909953
"25",45.5976441968657,-73.5723485425799,22909953
"26",45.5977923050947,-73.5722197127282,22909953
"27",45.5979383597575,-73.5720965825706,22909953
"28",45.5980972806416,-73.5719540902167,22909953
"29",45.5982626555912,-73.5718263500123,22909953
"30",45.5984189780853,-73.5716788285165,22909953
"31",45.5985891307197,-73.5715422034948,22909953
"32",45.598739208696,-73.5713968612938,22909953
"33",45.5988916336052,-73.5712578893393,22909953
"34",45.5990391970105,-73.5711254552691,22909953
"35",45.599177917508,-73.5709922668277,22909953
"36",45.5993159255437,-73.5708611738621,22909953
"37",45.599448862528,-73.5707386304378,22909953
"38",45.5995856551878,-73.5706277378588,22909953
"39",45.5997113418258,-73.5705083795577,22909953
"40",45.5998276826418,-73.5703860037713,22909953
"41",45.5999349710024,-73.5702784639537,22909953
"42",45.6000405410729,-73.5701707564979,22909953
"43",45.6001319038175,-73.5700726044118,22909953
"44",45.6002579559652,-73.5700455175425,22909953
"45",45.6003511138821,-73.5699593455906,22909953
"46",45.6004521191479,-73.5698660369401,22909953
"47",45.6004431192075,-73.5697190979771,46688806
"48",45.6004567022607,-73.5696593072392,46688806
"49",45.6004525890644,-73.5695955560749,46688806
"50",45.600440848957,-73.5695314050416,46688806
"51",45.6003981420043,-73.5694200287368,46688806
"52",45.6003369760268,-73.569309398081,46688806
"53",45.6002715780811,-73.5691941895943,284463125
"54",45.6002031668461,-73.5691131167441,284463125
"55",45.6001260502599,-73.5690368935458,284463125
"56",45.6000623321997,-73.568989442752,284463125
"57",45.5999883587816,-73.5689486039083,284463125
"58",45.5999002453972,-73.5689076542196,284463125
"59",45.5998090735418,-73.5688813697665,284463125
"60",45.5997321302985,-73.5688672708069,284463125
"61",45.5996437828086,-73.5688533249294,284463125
"62",45.5995492844852,-73.5688455180977,284463125
"63",45.5994658287394,-73.5688572281236,284463125
"64",45.5993949904391,-73.5688838889845,284463125
"65",45.5993669305737,-73.5689835762977,284463125
"66",45.5993460635262,-73.5690332352942,471504960
"67",45.5993415449921,-73.5690900341113,471504957
"68",45.5993404657047,-73.5691758376255,471504960
"69",45.5993438366785,-73.5692739125863,471504957
"70",45.5993728271323,-73.5693384663665,471504958
"71",45.5994109716705,-73.5694234037793,471504958
"72",45.5994539549124,-73.5695191156563,471504958
"73",45.599497985488,-73.5696171596581,471504958
"74",45.5995536721231,-73.5697411585037,471504958
"75",45.5996114043945,-73.5698698548232,471504958
"76",45.5996762126815,-73.5700148807923,471504958
"77",45.5997453990977,-73.570169704003,284915251
"78",45.5998207658716,-73.5703383574258,471504958
"79",45.5998852946544,-73.5704854727278,284915251
"80",45.5999515094967,-73.5706461683798,22909953
"81",45.6000171042586,-73.5708058559187,284915251
"82",45.6000846679648,-73.5709672397567,284915251
"83",45.6001527253938,-73.5711256601009,284915253
"84",45.600219044951,-73.5712800351227,284915251
"85",45.6002867479233,-73.571437630382,284915253
"86",45.6003565747421,-73.5716001694146,284915253
"87",45.6004286057855,-73.5717678393203,284915253
"88",45.6005055338948,-73.5719469083468,284915253
"89",45.6005759669302,-73.5721110689357,284915253
"90",45.6006504607776,-73.5722847116963,284915253
"91",45.6007177334192,-73.5724415220586,284915253
"92",45.6007744095494,-73.572573632294,284915253
"93",45.600833157195,-73.5727093139208,284915253
"94",45.600892140856,-73.5728450718168,284915253
"95",45.6009517802295,-73.5729823389127,284915253
"96",45.6010087962203,-73.5731135679822,285089357
"97",45.6010664404306,-73.5732462429733,284915253
"98",45.6011216503165,-73.5733733150779,285089357
"99",45.6011699079913,-73.5734843858437,284915253
"100",45.601219887781,-73.5735994202611,285089357
"101",45.6012673068455,-73.5737085608657,284915253
"102",45.6013176298669,-73.5738243852718,284915253
"103",45.6013693839725,-73.5739435034879,284915253
"104",45.6014192257635,-73.5740582202851,284915253
"105",45.6014673560807,-73.5741689979221,284915253
"106",45.6015188022365,-73.5742874073554,284915253
"107",45.6015716827978,-73.574409118243,285089357
"108",45.6016213732098,-73.5745234866233,284915253
"109",45.6016730664335,-73.5746424647124,285089357
"110",45.6017317363049,-73.5747775003844,284915253
"111",45.6017917774545,-73.5749156922158,285089357
"112",45.6018498234882,-73.5750493068919,284915253
"113",45.6019097493964,-73.5751874216516,393906973
"114",45.6019659213874,-73.5753168845379,284915253
"115",45.6019948265247,-73.575383503905,284915253
"116",45.6020817723635,-73.5755870637149,284915253
"117",45.6021402038123,-73.5757238178976,284915253
"118",45.602199133446,-73.5758617380428,284915253
"119",45.6022585192598,-73.5760007258413,285089357
"120",45.6023184122,-73.576140900529,284915253
"121",45.6023746430904,-73.5762725044789,284915253
"122",45.6024142070351,-73.5763651007611,284915253
"123",45.6024894626491,-73.5765384584709,284915253
"124",45.6025506868633,-73.5766794785908,284915253
"125",45.6026147186877,-73.5768269655886,284915253
"126",45.6026771270335,-73.5769707131648,285089357
"127",45.6027413962492,-73.5771187469553,284915253
"128",45.6028036482307,-73.5772621343717,285089357
"129",45.6028655785262,-73.5774047808361,284915253
"130",45.6029259249746,-73.5775437791638,285089357
"131",45.6029857632633,-73.5776816070274,284915253
"132",45.6030450567499,-73.577818180027,285089357
"133",45.6030938344084,-73.5779305315097,284915253
"134",45.6031422078187,-73.5780422523934,285089357
"135",45.6031888266706,-73.5781501998286,284915253
"136",45.6032161400199,-73.5782134447581,46688767
"137",45.6032313641758,-73.5782486967756,284915253
"138",45.6032440634022,-73.5782781022383,284915253
"139",45.6032450896742,-73.5782804786038,284915253
"140",45.6032552667417,-73.5783040439274,284915253
"141",45.6032722804804,-73.578343439781,284915253
"142",45.6032989000302,-73.5784050781955,284915253
"143",45.6033044427632,-73.5784179125702,284915253
"144",45.6033044427632,-73.5784179125702,284915253
"145",45.6034084451753,-73.5786650702018,284915253
"146",45.6034491753666,-73.5787618829906,284915253
"147",45.6034893388119,-73.5788573486641,284915253
"148",45.603536520222,-73.5789694955443,284915253
"149",45.6035909473092,-73.5790988648877,285089357
"150",45.6036473045003,-73.5792328219515,284915253
"151",45.6037086412334,-73.579378615035,284915253
"152",45.6037748973721,-73.5795324046781,284915253
"153",45.6038308115236,-73.579661113443,284915253
"154",45.6038912116606,-73.5798001484964,285089357
"155",45.6039469060786,-73.5799283514569,284915253
"156",45.6040079226316,-73.5800688054381,285089357
"157",45.6040635871108,-73.5801969394825,284915253
"158",45.6041267038275,-73.5803422278297,285089357
"159",45.6041858328644,-73.5804783369383,284915253
"160",45.604245218607,-73.5806150369575,284915253
"161",45.6043060682695,-73.5807551067734,284915253
"162",45.6043634734169,-73.5808872476614,284915253
"163",45.604419390672,-73.5810159635706,284915253
"164",45.6044740812878,-73.5811418558791,284915253
"165",45.6045293672922,-73.5812676323353,285089357
"166",45.6045760695263,-73.5813728619011,284915253
"167",45.6046201223444,-73.5814721217976,284915253
"168",45.6046522839896,-73.5815445884801,284915253
"169",45.6046876923847,-73.5816243707457,284915253
"170",45.6046848533697,-73.5816179738715,284915253
"171",45.6047846800241,-73.5818480523635,284915253
"172",45.6048392412965,-73.5819739362806,284915253
"173",45.6048945469846,-73.5821015377158,284915253
"174",45.6049505404152,-73.5822307259122,284915253
"175",45.6050045919218,-73.5823554336964,284915253
"176",45.6050555789522,-73.5824730711126,284915253
"177",45.6051086014537,-73.5825954047733,284915253
"178",45.605159304655,-73.5827123873383,284915253
"179",45.6052105288568,-73.5828305719569,284915253
"180",45.6052591805971,-73.5829428213855,284915253
"181",45.6053214910664,-73.583087732869,284915253
"182",45.6053756265992,-73.5832136588598,284915253
"183",45.605430417103,-73.5833411083946,284915253
"184",45.6054889903491,-73.5834773570592,284915253
"185",45.605541070552,-73.5835985020965,285089357
"186",45.6055919256256,-73.5837167973307,284915253
"187",45.6056272007635,-73.5837989733981,285089357
"188",45.6056558479381,-73.5838658227616,284915253
"189",45.60567087682,-73.5839008932776,285089357
"190",45.6056848240257,-73.5839334396572,284915253
"191",45.6056970246499,-73.5839619103171,285089357
"192",45.6057104495829,-73.5839932379518,284915253
"193",45.6057157714887,-73.5840056568386,285089357
"194",45.605739283758,-73.5840605236887,284915253
"195",45.6058460088186,-73.5840513480895,22915865
"196",45.6058831644908,-73.5840172955941,22915865
"197",45.6059657463708,-73.5839416108083,22915865
"198",45.6060296576872,-73.5838830372532,22915865
"199",45.6060887638056,-73.5838288675745,22915865
"200",45.6061344819742,-73.5837864147391,22915865
"201",45.6062069553713,-73.5837167349761,22915865
"202",45.6062844522527,-73.5836425510022,22915865
"203",45.6063516834705,-73.583582643398,22915865
"204",45.6064098012972,-73.5835347855925,22915865
"205",45.6064705948312,-73.5834847524728,22915865
"206",45.6065290440406,-73.5834413451791,22915865
"207",45.6065420273967,-73.5834318080227,22915865
"208",45.6065412658626,-73.5834323674212,22915865
"209",45.6065412658626,-73.5834323674212,22915865
"210",45.6065418901389,-73.5834319088479,22915865
"211",45.6065418901389,-73.5834319088479,22915865
"212",45.6065737389153,-73.5834163192047,22915865
"213",45.6065945266014,-73.5834094968413,22915865
"214",45.606741830749,-73.5832855012953,22915865
"215",45.6067886017687,-73.5832621157854,22915865
"216",45.606815675316,-73.5832470283597,22915865
"217",45.6068373006261,-73.5832388140946,22915865
"218",45.6066702166225,-73.5833933581505,22915865
"219",45.6068829819984,-73.5832385626375,22915865
"220",45.6069073733367,-73.5832428374081,22915865
"221",45.606912192931,-73.5832554102629,22915865
"222",45.606912192931,-73.5832554102629,22915865
"223",45.6068660972916,-73.5832674748311,22915865
"224",45.6068646292606,-73.5832662157115,22915865
"225",45.6068666233088,-73.5832679259922,22915865
"226",45.6068648096537,-73.5832663704334,22915865
"227",45.6068663764768,-73.5832677142862,22915865
"228",45.6068668131786,-73.5832680888422,22915865
"229",45.606865342295,-73.583266827276,22915865
"230",45.6068668438919,-73.5832681151847,22915865
"231",45.606866602227,-73.5832679079105,22915865
"232",45.6068665445042,-73.5832678584021,22915865
"233",45.6068644043012,-73.5832660227655,22915865
"234",45.6068666853625,-73.5832679792153,22915865
"235",45.6068671372686,-73.5832683668118,22915865
"236",45.6068663177143,-73.583267663886,22915865
"237",45.6068664232471,-73.5832677544007,22915865
"238",45.6068647514756,-73.5832663205345,22915865
"239",45.6068671897477,-73.5832684118227,22915865
"240",45.6068666359589,-73.5832679368421,22915865
"241",45.6068641317488,-73.5832657889994,22915865
"242",45.606865321548,-73.5832668094815,22915865
"243",45.6068671746827,-73.5832683989016,22915865
"244",45.6068635789638,-73.5832653148796,22915865
"245",45.6068668530804,-73.5832681230656,22915865
"246",45.6068660708369,-73.5832674521411,22915865
"247",45.6068665978706,-73.5832679041741,22915865
"248",45.6068655282355,-73.5832669867558,22915865
"249",45.6068671200963,-73.5832683520832,22915865
"250",45.6068663899023,-73.5832677258011,22915865
"251",45.6068636203783,-73.5832653504005,22915865
"252",45.6068670070046,-73.5832682550853,22915865
"253",45.6068655212598,-73.5832669807728,22915865
"254",45.6068659989837,-73.5832673905131,22915865
"255",45.6068635741397,-73.5832653107421,22915865
"256",45.6068662480643,-73.5832676041477,22915865
"257",45.6068650034197,-73.5832665366251,22915865
"258",45.6069007285243,-73.5834010707628,22915865
"259",45.6069019071866,-73.5833970272262,22915865
"260",45.6069037949259,-73.5833905511196,22915865
"261",45.6069036485888,-73.5833910531461,22915865
"262",45.6069026516735,-73.5833944731784,22915865
"263",45.6069037122005,-73.5833908349188,22915865
"264",45.606903648837,-73.5833910522945,22915865
"265",45.6069028191283,-73.5833938987054,22915865
"266",45.6069035407204,-73.583391423201,22915865
"267",45.6069021191842,-73.5833962999443,22915865
"268",45.6069012773468,-73.5833991879643,22915865
"269",45.6069037361955,-73.583390752601,22915865
"270",45.6069035992095,-73.5833912225472,22915865
"271",45.6069037331601,-73.5833907630143,22915865
"272",45.6069029172063,-73.5833533769992,22915865
"273",45.6068981540932,-73.5833355700317,22915865
"274",45.6068876634327,-73.5833040851507,22915865
"275",45.6068869980725,-73.5833021829943,22915865
"276",45.6068871661438,-73.5833026634829,22915865
"277",45.6068872701549,-73.5833029608335,22915865
"278",45.6068952678765,-73.5833258250161,22915865
"279",45.6068947569752,-73.5833243644326,22915865
"280",45.6068948190369,-73.5833245418568,22915865
"281",45.6068949832379,-73.5833250112807,22915865
"282",45.6068951860514,-73.5833255910915,22915865
"283",45.6068951523033,-73.5833254946113,22915865
"284",45.6068946173873,-73.5833239653734,22915865
"285",45.6068936519233,-73.5833212052692,22915865
"286",45.6068953120881,-73.5833259514099,22915865
"287",45.6068908948833,-73.5833133233413,22915865
"288",45.6068855038451,-73.5832979112418,22915865
"289",45.606885322233,-73.5832973920424,22915865
"290",45.606885222662,-73.5832971073851,22915865
"291",45.6068855592709,-73.583298069695,22915865
"292",45.6068673441399,-73.5832686354974,22915865
"293",45.606867623808,-73.5832690773399,22915865
"294",45.6068675383244,-73.5832689422858,22915865
"295",45.6068680344519,-73.5832697261085,22915865
"296",45.606874457512,-73.5832798737817,22915865
"297",45.6068688431153,-73.5832710037007,22915865
"298",45.6068673794613,-73.583268691301,22915865
"299",45.6068678764019,-73.5832694764082,22915865
"300",45.6068695704059,-73.5832721527337,22915865
"301",45.6068684362854,-73.5832703609577,22915865
"302",45.6068677582449,-73.5832692897343,22915865
"303",45.6068674100098,-73.5832687395641,22915865
"304",45.6068677746442,-73.5832693156431,22915865
"305",45.6068686731213,-73.5832707351304,22915865
"306",45.6068683743437,-73.5832702630972,22915865
"307",45.606867396381,-73.5832687180321,22915865
"308",45.6068681343203,-73.5832698838887,22915865
"309",45.6068673869714,-73.5832687031661,22915865
"310",45.6068686462674,-73.5832706927045,22915865
"311",45.6068695773633,-73.5832721637255,22915865
"312",45.6068714558762,-73.5832751315532,22915865
"313",45.6068700638657,-73.5832729323416,22915865
"314",45.6068675304324,-73.5832689298175,22915865
"315",45.6068675093313,-73.5832688964803,22915865
"316",45.6068539506266,-73.5832570567248,22915865
"317",45.6068543128859,-73.583257367432,22915865
"318",45.6068543616874,-73.5832574092887,22915865
"319",45.6068538046259,-73.5832569315011,22915865
"320",45.6068570062941,-73.5832596775486,22915865
"321",45.606853205913,-73.5832564179894,22915865
"322",45.6068533476188,-73.5832565395294,22915865
"323",45.6068590597399,-73.5832614387742,22915865
"324",45.6068551619013,-73.5832580956263,22915865
"325",45.6068444414869,-73.5832515271811,22915865
"326",45.6068381046234,-73.5832480046869,22915865
"327",45.6068204518405,-73.5832417227784,22915865
"328",45.6068213423903,-73.5832420188196,22915865
"329",45.6068212401133,-73.5832419848201,22915865
"330",45.6068507507394,-73.5832550343272,22915865
"331",45.6068519251976,-73.5832556871773,22915865
"332",45.6068530981332,-73.583256339181,22915865
"333",45.6068527681686,-73.5832561557625,22915865
"334",45.6068638408648,-73.5832655395102,22915865
"335",45.6068666287279,-73.5832679306401,22915865
"336",45.6068671115763,-73.5832683447757,22915865
"337",45.6068663275323,-73.5832676723069,22915865
"338",45.6068653632661,-73.5832668452627,22915865
"339",45.6068669433494,-73.5832682004887,22915865
"340",45.6068638645007,-73.5832655597826,22915865
"341",45.6068664717983,-73.5832677960428,22915865
"342",45.6068671319026,-73.5832683622094,22915865
"343",45.6068660230727,-73.583267411174,22915865
"344",45.6068634044988,-73.5832651652423,22915865
"345",45.6068629657044,-73.5832647888915,22915865
"346",45.6068640280867,-73.5832657000891,22915865
"347",45.6068670257104,-73.5832682711292,22915865
"348",45.6068671446906,-73.5832683731776,22915865
"349",45.6068661692024,-73.5832675365085,22915865
"350",45.6068661525968,-73.583267522266,22915865
"351",45.6068646634595,-73.5832662450437,22915865
"352",45.6068666612421,-73.5832679585273,22915865
"353",45.6068671422641,-73.5832683710964,22915865
"354",45.6068660719478,-73.5832674530939,22915865
"355",45.6068627174287,-73.5832645759472,22915865
"356",45.6068653681032,-73.5832668494115,22915865
"357",45.6068658032913,-73.5832672226692,22915865
"358",45.6068662883452,-73.5832676386964,22915865
"359",45.6068670445031,-73.5832682872475,22915865
"360",45.6068664390702,-73.5832677679721,22915865
"361",45.6068650997881,-73.5832666192796,22915865
"362",45.6068641742762,-73.5832658254747,22915865
"363",45.6068666147126,-73.5832679186193,22915865
"364",45.6068664929304,-73.5832678141676,22915865
"365",45.6068668630321,-73.5832681316012,22915865
"366",45.6068659384969,-73.583267338634,22915865
"367",45.6068638998944,-73.5832655901395,22915865
"368",45.6068648930739,-73.5832664419823,22915865
"369",45.6068670948171,-73.5832683304014,22915865
"370",45.6068657949447,-73.5832672155104,22915865
"371",45.6068671103066,-73.5832683436867,22915865
"372",45.6068668188217,-73.5832680936822,22915865
"373",45.6068655408157,-73.5832669975457,22915865
"374",45.6068654791468,-73.5832669446527,22915865
"375",45.6068662162803,-73.5832675768868,22915865
"376",45.6068662475921,-73.5832676037427,22915865
"377",45.6068662659435,-73.5832676194826,22915865
"378",45.6068657966416,-73.5832672169658,22915865
"379",45.6068659499012,-73.5832673484154,22915865
"380",45.6068655019251,-73.5832669641895,22915865
"381",45.6068659023429,-73.583267307625,22915865
"382",45.6068821254318,-73.5832919881857,22915865
"383",45.6068805279253,-73.583289464315,22915865
"384",45.6068824841095,-73.583292554854,22915865
"385",45.6068820192838,-73.5832918204846,22915865
"386",45.6068843963908,-73.5832955760317,22915865
"387",45.606884285923,-73.5832954015057,22915865
"388",45.6068842045048,-73.5832952728746,22915865
"389",45.606881340408,-73.5832907479412,22915865
"390",45.60688387518,-73.5832947525804,22915865
"391",45.6068850146,-73.5832965527289,22915865
"392",45.6068846869169,-73.5832960350284,22915865
"393",45.6068846641184,-73.5832959990095,22915865
"394",45.6068806754813,-73.583289697436,22915865
"395",45.6068833888629,-73.5832939842571,22915865
"396",45.6068843678874,-73.5832955309997,22915865
"397",45.6068842423441,-73.5832953326561,22915865
"398",45.6068847256542,-73.5832960962288,22915865
"399",45.6068844073432,-73.5832955933352,22915865
"400",45.6068800097569,-73.5832886456704,22915865
"401",45.6068778428357,-73.5832852221918,22915865
"402",45.6068795711251,-73.583287952684,22915865
"403",45.6068817033908,-73.583291321411,22915865
"404",45.6068804606721,-73.5832893580629,22915865
"405",45.606877394542,-73.5832845139408,22915865
"406",45.6068744660021,-73.5832798871952,22915865
"407",45.6068743477298,-73.5832797003389,22915865
"408",45.6068744575487,-73.5832798738397,22915865
"409",45.6068749426365,-73.583280640221,22915865
"410",45.6068745923924,-73.5832800868768,22915865
"411",45.6068732751493,-73.5832780057889,22915865
"412",45.6068744569869,-73.5832798729521,22915865
"413",45.6068693272614,-73.5832717685942,22915865
"414",45.6068802590054,-73.5832890394534,22915865
"415",45.6068973646577,-73.5833328899543,22915865
"416",45.6069029547573,-73.5833549338092,22915865
"417",45.6069037569029,-73.5833881895552,22915865
"418",45.6068946568581,-73.5834219003118,22915865
"419",45.606880079644,-73.5834626544327,22915865
"420",45.6068397845277,-73.5835000813689,22915865
"421",45.6067798740047,-73.5835192474203,22915865
"422",45.6067408134965,-73.5835103349032,22915865
"423",45.6067397708396,-73.5835099284334,22915865
"424",45.6067406386994,-73.5835102667603,22915865
"425",45.6067407341355,-73.5835103039651,22915865
"426",45.6067616130516,-73.5835180045754,22915865
"427",45.606543608228,-73.5834306757336,22915865
"428",45.6064812723154,-73.5834764367539,22915865
"429",45.6064260219672,-73.5835214359701,22915865
"430",45.6063689746512,-73.5835683859499,22915865
"431",45.6062954062463,-73.5836327902463,285089357
"432",45.6062191464613,-73.5837050138164,285089357
"433",45.6061504875088,-73.5837710261703,285089357
"434",45.6060841469238,-73.5838330988624,285089357
"435",45.6060222837933,-73.5838897952924,285089357
"436",45.6059668046696,-73.5839406408968,285089357
"437",45.6059265385702,-73.583977544042,285089357
"438",45.6058884958834,-73.58401240947,285089357
"439",45.6058674507836,-73.5840316969199,285089357
"440",45.605860986157,-73.5840376216322,285089357
"441",45.6058589614435,-73.5840394772452,285089357
"442",45.605836776478,-73.5840598093611,284915253
"443",45.6058271636187,-73.5840686193712,284915253
"444",45.6058554522232,-73.584337234638,284915253
"445",45.6058960797316,-73.584434612291,284915253
"446",45.6059542149391,-73.5845739531045,284915253
"447",45.6060115370243,-73.5847113449937,284915253
"448",45.6060747721091,-73.5848557764833,284915253
"449",45.6061338372982,-73.5849904883236,284915253
"450",45.606191332441,-73.5851216193098,284915253
"451",45.6062548388835,-73.5852664604567,284915253
"452",45.6063073040141,-73.5853861193353,284915253
"453",45.6063609249161,-73.5855097349877,284915253
"454",45.6064099454849,-73.5856214241732,284915253
"455",45.6064632405094,-73.5857428523416,284915253
"456",45.6065134244431,-73.5858579004766,284915253
"457",45.6065614585834,-73.585972557947,284915253
"458",45.6065898949675,-73.5860404355824,284915253
"459",45.6066246146766,-73.5861222105779,285089357
"460",45.6066590475038,-73.5862026021941,284915253
"461",45.606679694447,-73.5862508073887,695763676
"462",45.6067108874524,-73.5863236348712,284915253
"463",45.6067100804408,-73.5863217507109,22910570
"464",45.6068798551417,-73.586214118647,695763677
"465",45.6069278886157,-73.5861453944277,695763684
"466",45.6069919217385,-73.5860527003458,695763684
"467",45.6070570853661,-73.5859503515901,695763684
"468",45.6071284843747,-73.5858329366711,695763684
"469",45.6072200745164,-73.5856776797252,695763684
"470",45.6073112786949,-73.585522575666,695763684
"471",45.6074011915552,-73.585369667654,695763684
"472",45.6074889341066,-73.5852166061573,695763684
"473",45.6075776659323,-73.5850573968344,695763684
"474",45.6076596080844,-73.5849037334947,695763684
"475",45.6077417036886,-73.5847449954991,695763684
"476",45.6078162087032,-73.5846300121451,695763684
"477",45.6079024046101,-73.5844918064874,695763684
"478",45.6079897853502,-73.5843558979644,695763684
"479",45.6080788029702,-73.5842240404956,695763684
"480",45.6081674133842,-73.5840953150865,695763684
"481",45.6082573258267,-73.5839646982048,695763684
"482",45.608326710494,-73.5838659508443,695763684
"483",45.608434097702,-73.5837327107714,695763684
"484",45.6085122972515,-73.583640210583,695763684
"485",45.6085739825079,-73.5835675572842,695763684
"486",45.6086535721201,-73.5834729073113,695763684
"487",45.6087145845511,-73.5833983220468,695763684
"488",45.6088147402274,-73.583252356688,695763684
"489",45.6088492262151,-73.5832094147226,695763684
"490",45.6088551026167,-73.5832035859795,695763684
"491",45.6088913803598,-73.5831676271932,695763684
"492",45.60889372033,-73.583165547325,695763684
"493",45.6089015534083,-73.5831585849409,695763684
"494",45.6088990738798,-73.5831607888548,695763684
"495",45.608886526764,-73.5831724166863,695763684
"496",45.6088853184912,-73.5831736151599,695763684
"497",45.6089157257489,-73.583145987942,695763684
"498",45.6090008189737,-73.5830703533462,695763684
"499",45.6090373520366,-73.5830378811551,695763678
"500",45.6091458720655,-73.5829462341149,695763678
"501",45.6092155968038,-73.5828873549704,695763678
"502",45.6093193273523,-73.5827997595761,37691517
"503",45.6094232490025,-73.5827120028056,37691517
"504",45.6095222747452,-73.5826283803905,37691517
"505",45.6096381282451,-73.5824390970326,37691517
"506",45.6097405932134,-73.5823339662365,37691517
"507",45.6098629151,-73.5822151397373,37691517
"508",45.6099606715403,-73.5821270058787,37691517
"509",45.6100657280012,-73.5820343479548,37691517
"510",45.6101681478657,-73.5819447533554,37691517
"511",45.6102620206403,-73.5818625519332,37691517
"512",45.6103313844138,-73.5818018054168,37691517
"513",45.6104010394425,-73.5817408038287,37691517
"514",45.6104669230295,-73.5816831051454,37691517
"515",45.6105046967872,-73.5816500241281,37691517
"516",45.6105465062311,-73.5816134087892,37691517
"517",45.6105674178682,-73.5815950950638,37691517
"518",45.6105841172144,-73.5815804703244,37691517
"519",45.6106050636051,-73.5815621261629,37691517
"520",45.6106375151753,-73.5815337061427,37691517
"521",45.610679032274,-73.5814973468301,695763681
"522",45.6106886699893,-73.5813322277063,695763681
"523",45.610670005434,-73.5812729489683,695763681
"524",45.610650637645,-73.5812114367559,695763681
"525",45.6106065051504,-73.5810712716921,695763681
"526",45.6105636789636,-73.5809352554697,695763681
"527",45.6105165060743,-73.5807854340944,695763681
"528",45.6104704421598,-73.5806391348295,695763681
"529",45.6104238108664,-73.580491033566,695763681
"530",45.6103811324973,-73.5803554868134,695763681
"531",45.6103347017535,-73.5802080224966,695763681
"532",45.6102804855057,-73.5800401323271,695763681
"533",45.6102140131261,-73.5798379102811,695763681
"534",45.610146784702,-73.5796333881992,695763681
"535",45.6100763168972,-73.5794190112844,695763681
"536",45.610000348046,-73.5791863499986,680923348
"537",45.6099319431398,-73.5789694440701,680923348
"538",45.6098623550923,-73.5787576247016,680923348
"539",45.609792774882,-73.5785501271252,680923348
"540",45.6097926564217,-73.5783074571065,680923348
"541",45.6097410433419,-73.5780934990137,680923348
"542",45.609704414425,-73.5779028945356,680923348
"543",45.6096525304444,-73.5776847974151,680923348
"544",45.6096096151001,-73.5774755851119,680923348
"545",45.6095051564717,-73.5772855897858,680923348
"546",45.6094457097323,-73.577074296948,680923348
"547",45.6093859547834,-73.5768619086344,680923348
"548",45.6093251303926,-73.5766457191804,680923348
"549",45.6092669743578,-73.5764390139218,680923348
"550",45.6092050418448,-73.5762188858451,680923348
"551",45.6091433591434,-73.5759957793407,680923348
"552",45.6090906159554,-73.5757535436751,680923348
"553",45.6090407425758,-73.5755012007488,680923347
"554",45.6089601234789,-73.5752522981144,230337576
"555",45.6088681082786,-73.5750025194445,230337576
"556",45.6087718379376,-73.5747411900375,230337576
"557",45.6086748529857,-73.5744779207929,230337576
"558",45.6085853519315,-73.5742378575022,230337576
"559",45.6084910805907,-73.5739891141798,230337576
"560",45.6083948976446,-73.5737421915841,230337576
"561",45.6082951414824,-73.5734890018366,230337576
"562",45.6081914755605,-73.5732303882149,230337576
"563",45.6080955097914,-73.572996837739,230337576
"564",45.6079971458186,-73.5727618222581,230337576
"565",45.6078785652099,-73.5724819702637,230337576
"566",45.6077959791789,-73.5722958099626,230337576
"567",45.6076709752521,-73.5720132389657,230337576
"568",45.6075471532767,-73.5717325936164,230337576
"569",45.6074075244655,-73.5714243126056,230337576
"570",45.6072913181396,-73.5711737239478,230337576
"571",45.6071950643916,-73.5709692701344,230337576
"572",45.6071131344204,-73.5708131182427,230337576
"573",45.6070202410544,-73.5706452747068,230337576
"574",45.6069121002206,-73.5704794270806,230337576
"575",45.6067903990273,-73.570339230048,230337576
"576",45.6066037808038,-73.5702290107249,230337576
"577",45.60646040835,-73.5700455308645,222709179
"578",45.6063168682582,-73.5698767193346,222709179
"579",45.6061786087654,-73.5697383341133,222709179
"580",45.6060379185207,-73.5695996974348,40493512
"581",45.6059128995294,-73.5693907975214,40493512
"582",45.6057709607923,-73.569273367721,40493512
"583",45.6056141812281,-73.5691551286423,40493513
"584",45.6054499521179,-73.5690509414419,40493514
"585",45.6052852918346,-73.5689597960423,40493514
"586",45.6051156200668,-73.5688771266326,40493514
"587",45.6049337906193,-73.5687969903144,40493514
"588",45.6047509876688,-73.5687272023308,40493514
"589",45.6045802806749,-73.56867363656,40493514
"590",45.6043917499255,-73.5686258215176,40493514
"591",45.6041967183822,-73.5685928791112,40493514
"592",45.6040054179996,-73.5685715059279,40493514
"593",45.6038242996084,-73.5685614297108,40493514
"594",45.6036515142774,-73.5685719531271,40493514
"595",45.603473608538,-73.5685933047989,40493514
"596",45.6032982917095,-73.5686177468776,472471217
"597",45.6031420864089,-73.5686528507091,40493514
"598",45.6029806393631,-73.5687070851559,472471217
"599",45.6028063685028,-73.5687709917997,40493514
"600",45.6026171112014,-73.5688365768309,472471217
"601",45.6023987968692,-73.568902652069,94846451
"602",45.6022630043796,-73.5689846440297,94846451
"603",45.6021071368663,-73.5690792413788,94846451
"604",45.6019562313975,-73.5691814483084,94846451
"605",45.6018106083148,-73.5692862198944,94846451
"606",45.6016619217342,-73.5693997675362,20938278
"607",45.6015207880265,-73.5695100929039,94846451
"608",45.6013838684737,-73.5696195677201,20938278
"609",45.6012187065807,-73.5697516238618,37814033
"610",45.6010628774141,-73.5698790080684,20938278
"611",45.600904923749,-73.5700082441559,22909953
"612",45.6007589909014,-73.570128603388,20938278
"613",45.6005938940147,-73.5702663869064,22909953
"614",45.6004291554021,-73.5704038714229,37814033
"615",45.6002688093364,-73.5705376900886,22909953
"616",45.600104667045,-73.5706746769384,37814033
"617",45.5999286314452,-73.5708242984884,22909953
"618",45.5997608959716,-73.5709701262431,37814033
"619",45.59956608281,-73.5711397975078,37814033
"620",45.5993948298869,-73.571288949135,37814033
"621",45.5992343784012,-73.57142869332,22909953
"622",45.5990648517868,-73.5715763414297,37814033
"623",45.5989027319413,-73.5717175386619,37814033
"624",45.5987170280446,-73.5718792762712,22909953
"625",45.5985373724262,-73.572033771635,37814033
"626",45.5983595443836,-73.5721850278652,37814033
"627",45.5981804549222,-73.5723337085975,22909953
"628",45.5980003000969,-73.5724832737988,37814033
"629",45.5978359705342,-73.5726217953534,284453641
"630",45.5976721776831,-73.5727711130673,37814033
"631",45.5975008620593,-73.5729286641456,37814033
"632",45.5973084154848,-73.5731242573307,37814033
"633",45.5971270998967,-73.5733108570227,37814033
"634",45.5969582881225,-73.5734845885004,37814033
"635",45.5967755660305,-73.5736797527161,37814033
"636",45.5966765061445,-73.573942361468,22909953
"637",45.596548263026,-73.5741483048289,202236597
"638",45.5964285275392,-73.5743403342306,22909953
"639",45.5963214906357,-73.574521048063,22909953
"640",45.5962085444904,-73.5746899434119,22909953
"641",45.5961131584323,-73.5748307593852,22909953
"642",45.5960049480624,-73.5749934521257,202236597
"643",45.5959294690243,-73.575089257279,22909953
"644",45.5958693288691,-73.5751715675681,202236597
"645",45.5957855098374,-73.5752802808523,202236597
"646",45.595731781838,-73.5753620044082,22909953
"647",45.595663050232,-73.5754590668469,202236597
"648",45.5956089450471,-73.5755195003688,37814033
"649",45.5955319153569,-73.5756360088229,202236597
"650",45.595464818222,-73.5757472366779,37814033
"651",45.5953765567816,-73.5758675169885,22909953
"652",45.5953178415499,-73.5759628192275,20944925
"653",45.5952379201032,-73.5760678444743,22909953
"654",45.5951736728154,-73.5761840176522,22909953
"655",45.5951036839239,-73.5763170384555,22909953
"656",45.5950315157376,-73.5764602851807,22909953
"657",45.5949326511897,-73.5765844211667,37814033
"658",45.5948184896685,-73.5767063778579,37814033
"659",45.5947096087463,-73.5768625327139,22909953
"660",45.5946116242982,-73.5770070367246,37814033
"661",45.5945097841747,-73.5771800392061,22909953
"662",45.5944281444378,-73.5772879142999,22909951
"663",45.5943331774748,-73.577409787172,22909953
"664",45.5942330556414,-73.5775381979286,22909951
"665",45.5941496976144,-73.5776782595306,37814032
"666",45.5940671358682,-73.5778038204401,22909951
"667",45.5939724203623,-73.5779487435459,37814032
"668",45.5938845361076,-73.5780873802244,22909951
"669",45.5937869707547,-73.578218557009,37814032
"670",45.5936870165593,-73.5783670843332,22909951
"671",45.593596324367,-73.578522484818,37814032
"672",45.5935021955944,-73.5786669888287,37814032
"673",45.5934067257173,-73.5788181145429,22909951
"674",45.5932995630852,-73.5789681506097,37814030
"675",45.5931907659821,-73.5791184381335,37814030
"676",45.5930843996308,-73.5792714078664,22909951
"677",45.5929782428272,-73.5794186779051,22909918
"678",45.5928624049253,-73.579571563819,22909951
"679",45.5927536916412,-73.579722270438,22909918
"680",45.5926602753303,-73.5798741505235,37814031
"681",45.592570714695,-73.5800188221722,37814031
"682",45.592457223726,-73.5801559501081,22909918
"683",45.5923315789975,-73.5802883841782,22909918
"684",45.5922131427057,-73.5804185551345,37814031
"685",45.5920963827945,-73.5805358179598,37814031
"686",45.5919769406743,-73.5806602892219,22909918
"687",45.5918505415745,-73.5807883647024,37814031
"688",45.5917232204653,-73.5809151828974,22909918
"689",45.5915855057962,-73.5810333677321,22909918
"690",45.5914461147464,-73.5811552406042,37814031
"691",45.591307478068,-73.5812678095638,22909918
"692",45.5911587411962,-73.5813829769134,22909952
"693",45.591015662109,-73.581519350478,22909918
"694",45.590883479496,-73.5816305783331,22909918
"695",45.5907422025181,-73.5817547981381,22909918
"696",45.5905974470503,-73.5818634276032,22909918
"697",45.5904622888617,-73.5819808580666,75607165
"698",45.5903191259555,-73.5820826143711,22909918
"699",45.5901795253582,-73.582206582719,75607165
"700",45.5900313333101,-73.5822982807397,22909918
"701",45.5898900982417,-73.5824097600519,22909918
"702",45.589746977245,-73.5825304594576,22909918
"703",45.5895914929412,-73.5826460459023,22909918
"704",45.589439151851,-73.5827606265187,22910467
"705",45.5893222243018,-73.5828599520712,22909918
"706",45.5891838390804,-73.5829803162008,22910467
"707",45.5890403828076,-73.5831062962055,22909918
"708",45.5888781510718,-73.5832539853393,22910467
"709",45.5887390533886,-73.5833844077527,22909918
"710",45.5885822698898,-73.5835337732672,22910467
"711",45.5884388555265,-73.5836736672311,22909918
"712",45.588274863591,-73.5838203505366,22910467
"713",45.5881225644104,-73.5839734040886,22910467
"714",45.5879680440254,-73.5841139686047,22909918
"715",45.5878182594157,-73.5842544493019,22910467
"716",45.5876582069747,-73.5844066646635,22909918
"717",45.5875021778471,-73.5845535156071,22910467
"718",45.5873450171627,-73.5846941639423,22910467
"719",45.5871857190929,-73.5848417692571,22909918
"720",45.5870307796127,-73.5849776399075,22910467
"721",45.58688732334,-73.5851186235189,22909918
"722",45.5867363233543,-73.5852554161786,22910467
"723",45.5865932442672,-73.5853905324578,22909918
"724",45.5864432561177,-73.5853899219968,22910467
"725",45.5863212934188,-73.5856493656277,22909918
"726",45.5861952715046,-73.5857731663375,75607164
"727",45.586068076124,-73.5858877469539,22909918
"728",45.5859387014485,-73.5860135593205,75607164
"729",45.5858094105921,-73.586139036411,75607164
"730",45.5856835982255,-73.5862543713986,22909918
"731",45.5855623959056,-73.5863744840711,75607164
"732",45.5854389723814,-73.5864987876951,22909918
"733",45.5853106873534,-73.5866181459963,163937615
"734",45.5851790914736,-73.5867426172584,22909952
"735",45.5850544106639,-73.5868627299308,163937615
"736",45.5849203421227,-73.5869751312523,22909918
"737",45.5847894167952,-73.5870979261338,37814031
"738",45.5846732017077,-73.5872209724724,22909918
"739",45.5845402228139,-73.5873477068483,37814031
"740",45.5844092974863,-73.5874585994273,22909918
"741",45.58429211848,-73.5875717551201,22909918
"742",45.5841707066126,-73.587687676841,37814031
"743",45.5840626638807,-73.5877832305371,452080898
"744",45.5839542858727,-73.5878853221177,37814031
"745",45.5838367296807,-73.5879851505845,22909918
"746",45.5837171199224,-73.5880853981464,37814031
"747",45.5836166209034,-73.5881771799862,22909918
"748",45.58349659205,-73.5882730689585,37814031
"749",45.5833761860109,-73.5883711372256,22909952
"750",45.5832662992603,-73.5884849634706,22909918
"751",45.5831482401542,-73.5885966104209,37814031
"752",45.5830289237625,-73.5887012165725,22909918
"753",45.5829181988216,-73.5888037272483,37814031
"754",45.5828060070477,-73.5889108479708,22909918
"755",45.5826828349806,-73.5890315473765,37814031
"756",45.5825622613034,-73.5891355667948,22909918
"757",45.5824503628961,-73.58923120431,37814031
"758",45.5823338125325,-73.5893258359968,22909918
"759",45.5822152086026,-73.5894204676836,37814031
"760",45.5820864206604,-73.5895469506025,22909918
"761",45.5819785874761,-73.5896585975527,37814031
"762",45.5818352569319,-73.589783571729,22909918
"763",45.5817056307993,-73.589912988314,37814031
"764",45.5815697601489,-73.5900376272141,22909918
"765",45.5814322131179,-73.5901544709444,37814031
"766",45.581289804583,-73.5902686324656,22909918
"767",45.5811468512244,-73.5903952830225,37814031
"768",45.5810054485179,-73.5905176588088,22909918
"769",45.5808796361513,-73.5906435549944,37814031
"770",45.580748166,-73.5907536932021,22909918
"771",45.5806206353433,-73.5908731353223,37814031
"772",45.5804961221717,-73.5909855366438,22909918
"773",45.5803709384478,-73.5910995305269,37814031
"774",45.5802423600531,-73.5912007839173,22909918
"775",45.5801133625633,-73.5913098324775,37814031
"776",45.5799897294916,-73.5914174561142,22909918
"777",45.5798580497927,-73.591517200762,22909918
"778",45.5797334108926,-73.5916157719433,22909918
"779",45.579607682345,-73.591712834382,22909918
"780",45.579494023738,-73.5918101482778,22909952
"781",45.5793845560826,-73.5919070430785,22909918
"782",45.5792639404959,-73.5920051951646,163937613
"783",45.579149066513,-73.5921018385082,163937613
"784",45.5790424906141,-73.5921922792434,22909918
"785",45.5789340287871,-73.5922929459005,163937613
"786",45.578818819528,-73.5923881643205,163937613
"787",45.5787154287524,-73.5924815387219,22909918
"788",45.5785922985948,-73.5925661959439,163937613
"789",45.5784723116509,-73.5926650185823,163937613
"790",45.5783551745541,-73.5927575547933,22909918
"791",45.5782299489207,-73.592857131803,163937613
"792",45.578103968916,-73.5929533560514,22909918
"793",45.577975683888,-73.5930572078317,22909918
"794",45.577840986704,-73.5931707826197,22909918
"795",45.5777134979568,-73.5932977684527,22910467
"796",45.5775722209788,-73.5934188869535,22909918
"797",45.5774322012863,-73.5935436934918,22910467
"798",45.5772955343551,-73.5936686676681,22910467
"799",45.5771602504379,-73.5938004311859,22909918
"800",45.5770234158687,-73.5939156823545,22910467
"801",45.5768794566817,-73.594041243264,22910467
"802",45.5767437117598,-73.5941646248787,22909918
"803",45.5766050331719,-73.5942854919224,22909918
"804",45.576461409261,-73.5944254697054,22910467
"805",45.5763256224296,-73.5945542995572,22910467
"806",45.576187865851,-73.5946770944386,22909918
"807",45.5760467146016,-73.5947929323405,22909918
"808",45.5759139033458,-73.5948817805141,22909918
"809",45.5757844867609,-73.5949932598263,22909918
"810",45.5756509211338,-73.5950888973414,22910467
"811",45.5754971551201,-73.5952183139264,22910467
"812",45.5753439339302,-73.5953431204646,22909918
"813",45.5752102844841,-73.5954714474022,22910467
"814",45.575067373035,-73.5956365708947,22909918
"815",45.5749026267282,-73.5957731959164,22910467
"816",45.5747657921589,-73.595901774311,37636654
"817",45.5746348668314,-73.5960225575357,37636654
"818",45.5744920897802,-73.5961207462317,22909918
"819",45.5743460139613,-73.5962514006759,37636654
"820",45.5742189103591,-73.5963650858199,37636654
"821",45.5740748635473,-73.5964939254614,22909918
"822",45.5739249170736,-73.5966280419313,37636654
"823",45.5737916277296,-73.596747259782,37636654
"824",45.5736682670303,-73.5968573908406,22909918
"825",45.5735116793967,-73.5969970916952,37636654
"826",45.5733557267519,-73.5971362260396,22909918
"827",45.5732158479544,-73.5972610199782,37636654
"828",45.5730802986005,-73.5973819513707,37636654
"829",45.5729373668883,-73.5975098116242,22909918
"830",45.5727944207994,-73.5976377908828,37636654
"831",45.5726522074237,-73.5977651141451,22909918
"832",45.5725097693747,-73.597892638557,26134849
"833",45.5723850549596,-73.5980042950458,22909918
"834",45.572247393092,-73.598127543355,26134849
"835",45.5721069759573,-73.5982532584476,37636654
"836",45.5719740198577,-73.598372293695,26134849
"837",45.5718590797088,-73.5984751993089,37636654
"838",45.5717190423305,-73.5985991134489,495230176
"839",45.5715836995718,-73.5987142361256,26134849
"840",45.5714523671427,-73.5988421384887,495230176
"841",45.5713152386873,-73.5989656096275,495230176
"842",45.5711651733555,-73.5991014924027,26134849
"843",45.5710110025549,-73.5992411864784,495230176
"844",45.5708859059346,-73.5993545364556,24266481
"845",45.5707425489044,-73.5994844321799,26134849
"846",45.5706187584876,-73.599596598607,495230176
"847",45.5704422738508,-73.5997626320018,404755526
"848",45.5702999088684,-73.5998960737478,743346204
"849",45.5701407425204,-73.6000403389669,26134849
"850",45.5700135158285,-73.6001556547156,743346204
"851",45.5698590041404,-73.6002957010434,20441255
"852",45.5697039898863,-73.6004362028871,743346204
"853",45.5695652123031,-73.6005619881344,743346204
"854",45.5694106230069,-73.6007021048046,743346204
"855",45.5692743606852,-73.6008256102689,26134849
"856",45.5691249233007,-73.6009610573486,163937618
"857",45.5689773320523,-73.6010948311272,163937618
"858",45.5688349727434,-73.6012236244267,26134849
"859",45.5686923539459,-73.6013513497922,163937618
"860",45.5685498572536,-73.6014789658039,26134849
"861",45.5683984519981,-73.601614560073,163937618
"862",45.5682587061503,-73.601739712506,163937618
"863",45.5681047454597,-73.6018773431975,26134849
"864",45.5679690192076,-73.6019985168408,163937618
"865",45.5678350500402,-73.6021179031579,26134849
"866",45.5677059446319,-73.602232787262,163937618
"867",45.567576551905,-73.6023477581381,26134849
"868",45.5674360627101,-73.6024725438037,26134849
"869",45.5672927962403,-73.6025997963074,26134849
"870",45.5671540159886,-73.6027230823999,743346204
"871",45.5670082591895,-73.6028528131345,26134849
"872",45.5668772659435,-73.6029694035791,743346204
"873",45.566715148383,-73.6031080850311,743346204
"874",45.5665882665311,-73.6032160177138,26134849
"875",45.5664453693704,-73.6033377909012,743346204
"876",45.5663175792449,-73.6034466902722,26134849
"877",45.566171200751,-73.6035745190786,743346204
"878",45.5660480093328,-73.6036823736768,743346204
"879",45.565912915505,-73.6038001775652,26134849
"880",45.565830417116,-73.6038721174249,743346204
"881",45.5656589228134,-73.6040194522105,743346204
"882",45.5655294524463,-73.6041306280888,26134849
"883",45.5654065989801,-73.6042366083738,26134849
"884",45.5652915478029,-73.6043369889489,163936798
"885",45.5651826492021,-73.6044320014855,163936798
"886",45.5651255138642,-73.6046174448669,26134849
"887",45.5650286609731,-73.6047368869871,163936798
"888",45.5649219174362,-73.6048316024929,26134849
"889",45.5648209574125,-73.6049185228288,163936798
"890",45.564724397888,-73.6049941275954,163936798
"891",45.5646275449968,-73.6050838977784,26134849
"892",45.564539409285,-73.605178026551,163936798
"893",45.5644443165935,-73.6052657850772,26134849
"894",45.5643509421921,-73.6053599138498,163936798
"895",45.5642454559407,-73.605431914398,26134849
"896",45.5641501956112,-73.6055179965436,163936798
"897",45.5640514148823,-73.6056023184895,163936798
"898",45.5639536399818,-73.6056906637489,26134849
"899",45.5638595950282,-73.6057640892207,26134849
"900",45.5637655919842,-73.6058543623179,26134849
"901",45.5636640452272,-73.6059350800454,26134849
"902",45.5635645520366,-73.6060236767619,163936798
"903",45.5634788889862,-73.6061142013162,163936798
"904",45.5634323275141,-73.6062294524848,26134849
"905",45.5633619195274,-73.6063156184494,163936800
"906",45.5632831715471,-73.606409663403,26134849
"907",45.5632240979224,-73.606510340245,404756222
"908",45.5631530906019,-73.6066057067017,404756222
"909",45.5631066913005,-73.6066680233324,26134849
"910",45.5630148393454,-73.6067992056247,404756222
"911",45.5629549884578,-73.6068846915964,25831129
"912",45.5628918799093,-73.6069657794408,404756222
"913",45.5628271595348,-73.607044781372,404756222
"914",45.5627558636616,-73.6071197491522,167668717
"915",45.5626882493993,-73.6071821389092,404756222
"916",45.5626236642728,-73.6072385619554,404756222
"917",45.5625688254316,-73.6072864704233,404756222
"918",45.5625276110446,-73.607322476256,404756222
"919",45.562491649855,-73.6073538927751,453242448
"920",45.5623324449756,-73.6072831508103,453242448
"921",45.5623201448639,-73.607258818269,453242448
"922",45.5622894412847,-73.6071980792998,453242448
"923",45.5622540367806,-73.6071280407852,453242448
"924",45.5622166626766,-73.607054934467,453242448
"925",45.5621681391307,-73.6069501804554,453242448
"926",45.5621462453528,-73.6068746093772,453242448
"927",45.5621197050075,-73.6067460513636,453242448
"928",45.5621098545731,-73.6066862975886,453242448
"929",45.5621036132389,-73.606647476694,452044768
"930",45.5621217774397,-73.6065094606088,452044768
"931",45.5621989782399,-73.6064231429594,743346204
"932",45.5622308889652,-73.6063909868096,743346204
"933",45.5622743255845,-73.6063472161205,743346204
"934",45.5623163776723,-73.6063052749491,743346204
"935",45.5623546555539,-73.6062700333727,743346204
"936",45.5623765184246,-73.6062500829432,743346204
"937",45.562406775125,-73.606225731413,743346204
"938",45.5624255643011,-73.6062117505642,743346204
"939",45.5624367595549,-73.6062034268768,743346204
"940",45.5624376824105,-73.6062027407323,743346204
"941",45.5624380457891,-73.6062024705598,743346204
"942",45.5624378705212,-73.6062026008717,743346204
"943",45.5624349943514,-73.6062047393081,743346204
"944",45.5624334632032,-73.606205877719,743346204
"945",45.5624326838508,-73.6062064571686,743346204
"946",45.5624360517179,-73.6062039531546,743346204
"947",45.5624580051731,-73.6061876307289,743346204
"948",45.562518659828,-73.6061452402265,743346204
"949",45.5625678730364,-73.606111736849,743346204
"950",45.5626131652046,-73.6060847062937,743346204
"951",45.562663653425,-73.6060555006213,743346204
"952",45.5627036394978,-73.6060323700746,743346204
"953",45.5627427548844,-73.6060097431894,743346204
"954",45.5627621067814,-73.6059985487928,163936799
"955",45.5627333156771,-73.6059191128461,167668717
"956",45.5627124427641,-73.6058654001399,167668717
"957",45.5626886235418,-73.605804105634,167668717
"958",45.5626644194114,-73.6057418206359,167668717
"959",45.5626323748676,-73.6056610622589,167668717
"960",45.5626030126099,-73.6055885350541,163936799
"961",45.562567955629,-73.6055084765057,163936799
"962",45.5625330221793,-73.6054287000617,163936799
"963",45.5624977910958,-73.6053482439206,163936799
"964",45.5624597007032,-73.6052612580634,163936799
"965",45.5624202749709,-73.6051712227319,163936799
"966",45.5623837569858,-73.6050878277331,163936799
"967",45.5623375975983,-73.6049824149604,163936799
"968",45.5622936225474,-73.60488199049,163936799
"969",45.5622593112551,-73.6048050480795,163936799
"970",45.562222743692,-73.604725726828,163936799
"971",45.5621802287269,-73.6046530225302,163936799
"972",45.5621268408806,-73.6045808877287,163936799
"973",45.5621031316025,-73.6045552545019,163936799
"974",45.5620607606678,-73.6045204608544,163936799
"975",45.5620235161181,-73.6044975804173,20442248
"976",45.5620011240903,-73.6044861414995,163936799
"977",45.5619869352121,-73.6044788931426,20442248
"978",45.5619693071055,-73.6044698878633,163936799
"979",45.561956638384,-73.604463416075,20442248
"980",45.5619451828246,-73.6044575640279,163936799
"981",45.5619351984313,-73.6044524635227,20442248
"982",45.5619269011295,-73.6044482248644,163936799
"983",45.561919492394,-73.6044444401284,20442248
"984",45.5619185290977,-73.6044439480306,163936799
"985",45.5619263876703,-73.604447962565,20442248
"986",45.5619256904122,-73.6044476063722,163936799
"987",45.5619123452637,-73.6044407890327,20442248
"988",45.5618997079684,-73.6044540940749,163936799
"989",45.5618788399931,-73.6046121460267,20442248
"990",45.5618766152614,-73.6046279312613,20442248
"991",45.5618778121499,-73.6046194389265,20442248
"992",45.5618771801203,-73.6046239233937,20442248
"993",45.5618773452628,-73.6046227516509,20442248
"994",45.5618761534284,-73.6046312081249,20442248
"995",45.5618745475355,-73.604642602486,20442248
"996",45.5618750002926,-73.6046393900188,20442248
"997",45.5618738240359,-73.604648699293,20442248
"998",45.5618741073854,-73.6046462894605,20442248
"999",45.5618741334461,-73.6046460678191,20442248
"1000",45.5618744216814,-73.6046436164339,20442248
"1001",45.5618737530365,-73.6046493031291,452091601
"1002",45.561871347761,-73.6046697595316,452091601
"1003",45.5618672613015,-73.6047045140781,452091601
"1004",45.5618591978257,-73.6047730923784,452091601
"1005",45.5618545401169,-73.6048127052893,167668717
"1006",45.5618518316537,-73.6048357402448,452091601
"1007",45.561849179609,-73.604858295371,452091601
"1008",45.5618434205235,-73.6049072752781,452091601
"1009",45.561845555289,-73.6050198358707,452091601
"1010",45.5618626787008,-73.6050551945705,167668717
"1011",45.561873070248,-73.6050766524203,460764909
"1012",45.5618741951258,-73.6050789752176,460764909
"1013",45.5618743162319,-73.6050792252937,460764909
"1014",45.561872935636,-73.6050763744555,460764909
"1015",45.561876727964,-73.6050842053591,460764909
"1016",45.5618828851203,-73.605096919475,460764909
"1017",45.5618891129312,-73.6051097794878,460764909
"1018",45.5619010975698,-73.6051345269648,167668717
"1019",45.561951592534,-73.6052387956878,167668717
"1020",45.5619813896836,-73.6053003248082,460764909
"1021",45.5620092204108,-73.605357793398,452044768
"1022",45.5620384767327,-73.6054182057454,460764909
"1023",45.5620735520434,-73.6054906339153,452044768
"1024",45.56211046872,-73.605563625917,452044768
"1025",45.562159487659,-73.6056485638991,452044768
"1026",45.5622206823356,-73.6057222405078,452044768
"1027",45.5622963277822,-73.6058029228743,167668717
"1028",45.5623604881561,-73.6058659255714,167668717
"1029",45.5624135745717,-73.6059205883923,163936799
"1030",45.5624225799924,-73.6059301667959,743346204
"1031",45.5624282834988,-73.6059363312638,167668717
"1032",45.5624292247593,-73.6059373899835,743346204
"1033",45.5624287955613,-73.6059369072263,167668717
"1034",45.5624316327493,-73.6059400984643,743346204
"1035",45.5624295943363,-73.6059378056796,167668717
"1036",45.562429828738,-73.6059380693321,743346204
"1037",45.5624297818282,-73.6059380165685,167668717
"1038",45.5624302628582,-73.6059385576257,743346204
"1039",45.5624290971082,-73.6059372464029,167668717
"1040",45.5624293453508,-73.6059375256234,743346204
"1041",45.5624306850482,-73.6059390325005,167668717
"1042",45.5624288626963,-73.605936982739,743346204
"1043",45.5624304360879,-73.6059387524727,167668717
"1044",45.5624301290646,-73.6059384071362,743346204
"1045",45.5624284578175,-73.6059365273357,167668717
"1046",45.5624299497831,-73.6059382054823,743346204
"1047",45.5624298862585,-73.6059381340305,167668717
"1048",45.5624302271881,-73.6059385175044,743346204
"1049",45.5624305332597,-73.6059388617705,167668717
"1050",45.562430599818,-73.6059389366345,743346204
"1051",45.562430118788,-73.6059383955772,167668717
"1052",45.56243035808,-73.6059386647302,743346204
"1053",45.5624314194195,-73.6059398585133,167668717
"1054",45.5624304880029,-73.605938810866,743346204
"1055",45.5624313862351,-73.6059398211879,167668717
"1056",45.5624354598154,-73.6059444031065,743346204
"1057",45.5624306302085,-73.6059389708173,167668717
"1058",45.5624309456462,-73.6059393256182,743346204
"1059",45.5624284352643,-73.6059365019681,167668717
"1060",45.5624286628278,-73.605936757929,743346204
"1061",45.5624285279182,-73.6059366061842,167668717
"1062",45.5624279502006,-73.6059359563737,743346204
"1063",45.5624291547145,-73.6059373111978,167668717
"1064",45.5624291884169,-73.6059373491059,743346204
"1065",45.562428138944,-73.6059361686702,167668717
"1066",45.5624279566347,-73.6059359636107,743346204
"1067",45.562427175632,-73.6059350851475,167668717
"1068",45.5624300288226,-73.605938294385,743346204
"1069",45.5624357027802,-73.6059446763907,167668717
"1070",45.5624343920429,-73.6059432020877,743346204
"1071",45.5624344074171,-73.6059432193804,167668717
"1072",45.5624380185036,-73.6059472810911,743346204
"1073",45.5624356469889,-73.6059446136373,167668717
"1074",45.5624372044736,-73.605946365479,743346204
"1075",45.5624370547273,-73.605946197046,167668717
"1076",45.5624361565595,-73.6059451867967,743346204
"1077",45.5624370282228,-73.605946167234,167668717
"1078",45.5624443738332,-73.6059544294965,743346204
"1079",45.562448823088,-73.6059594339697,743346204
"1080",45.5624513369561,-73.6059622615411,743346204
"1081",45.5624514509818,-73.6059623897961,743346204
"1082",45.5624516073952,-73.6059625657281,743346204
"1083",45.5624512714888,-73.6059621879042,743346204
"1084",45.5624510737124,-73.6059619654475,743346204
"1085",45.562452564165,-73.6059636418924,743346204
"1086",45.5624745850922,-73.605988410791,163936799
"1087",45.5624985036943,-73.6060153141737,743346204
"1088",45.5625231558131,-73.6060441186178,163936799
"1089",45.5625599027838,-73.6060873031528,743346204
"1090",45.5625757696547,-73.6061059496814,163936799
"1091",45.5626938005624,-73.6060380615551,743346204
"1092",45.5627406580233,-73.6060109561504,743346204
"1093",45.5627631646672,-73.6059979368428,743346204
"1094",45.562856906183,-73.6059514533698,743346204
"1095",45.56287629943,-73.6059418478561,743346204
"1096",45.5630133253927,-73.6058587512246,743346204
"1097",45.5630674937776,-73.6058242756756,743346204
"1098",45.5631204406567,-73.6057848550889,743346204
"1099",45.5631920602596,-73.6057334952742,743346204
"1100",45.5632723169825,-73.6056627520114,743346204
"1101",45.5633386597461,-73.6055965349763,743346204
"1102",45.5634122947655,-73.6055398733109,743346204
"1103",45.563498209273,-73.6054558866411,743346204
"1104",45.563577585896,-73.6053951178431,743346204
"1105",45.5636497121728,-73.6053270567894,743346204
"1106",45.5637550307862,-73.6052290723413,743346204
"1107",45.5638555717147,-73.6051482707947,743346204
"1108",45.5639644526369,-73.6050628592014,743346204
"1109",45.5640635267324,-73.6049902719199,743346204
"1110",45.564148393502,-73.6049113982111,743346204
"1111",45.5642377445898,-73.6048380565583,743346204
"1112",45.5642356910235,-73.6047877651393,743346204
"1113",45.5642591184429,-73.6047682353049,743346204
"1114",45.5643063923768,-73.6047422514051,743346204
"1115",45.5643741711994,-73.6047258698654,20444764
"1116",45.5643843076447,-73.6047506038249,743346204
"1117",45.564389664352,-73.6047636747366,20444764
"1118",45.5644319877738,-73.6048658250379,20444764
"1119",45.5644478900867,-73.6049040116837,20444764
"1120",45.5644536907969,-73.6049180548273,20444764
"1121",45.5644476428459,-73.6049034131297,20444764
"1122",45.5644454823439,-73.6048982234349,20444764
"1123",45.5644464888477,-73.6049006398966,20444764
"1124",45.56444604,-73.6048995622819,20444764
"1125",45.5644565124785,-73.6049248859358,20444764
"1126",45.5644861314997,-73.6049965916672,743346204
"1127",45.5645065145393,-73.605314543759,26134849
"1128",45.5645003855199,-73.6053198029294,163936800
"1129",45.564476930827,-73.6053399288613,26134849
"1130",45.5644433795764,-73.6053687184168,163936800
"1131",45.5643731793752,-73.6054289555928,26134849
"1132",45.5643012125487,-73.6054907086694,163936800
"1133",45.5642011993533,-73.6055765276893,26134849
"1134",45.5640862824619,-73.6056751352275,163936800
"1135",45.563914313337,-73.6058304803329,26134849
"1136",45.5637928323096,-73.6059402884825,26134849
"1137",45.5636775596678,-73.6060444847982,26134849
"1138",45.5635712424908,-73.6061406092467,26134849
"1139",45.5634715896367,-73.6062312762269,163936800
"1140",45.5633764734619,-73.606328737858,26134849
"1141",45.5632995717193,-73.6064185996383,404756222
"1142",45.5632092846702,-73.606530235199,163936800
"1143",45.5631332246203,-73.6066323877292,26134849
"1144",45.563049572975,-73.606749595031,404756222
"1145",45.5629761578119,-73.6068544550723,25831129
"1146",45.5628981965666,-73.6069579602152,404756222
"1147",45.5628300523192,-73.6070414365614,404756222
"1148",45.5627489397782,-73.6071261832841,167668717
"1149",45.5626616477487,-73.6072053787206,404756222
"1150",45.5625739589811,-73.6072819856369,404756222
"1151",45.5624898647965,-73.6073554522431,404756222
"1152",45.5624103153033,-73.6074249485029,404756222
"1153",45.5623252613873,-73.6074723523308,453242448
"1154",45.5622451394869,-73.6075156596808,453242448
"1155",45.5621659544805,-73.6075584606225,26134849
"1156",45.5620862356726,-73.6076015500936,404756222
"1157",45.5620174271957,-73.6076387423317,26134849
"1158",45.5619667540688,-73.607666132082,404756222
"1159",45.5619633284029,-73.607667983717,404756222
"1160",45.5618330405649,-73.607736285541,26134849
"1161",45.5617580177947,-73.6077635028654,25831131
"1162",45.5616884306497,-73.607826288858,404756222
"1163",45.5616138317115,-73.607857888633,26134849
"1164",45.5615580501459,-73.6078698747545,26134849
"1165",45.5615020171232,-73.6079015583485,26134849
"1166",45.5614677351392,-73.6079282966196,26134849
"1167",45.5614417512394,-73.6079392769128,26134849
"1168",45.5614041584036,-73.60796375207,26134849
"1169",45.5613749474711,-73.607984790647,26134849
"1170",45.561353657437,-73.6079982855111,26134849
"1171",45.5613329122267,-73.6080185697168,163936795
"1172",45.5613101972691,-73.608037764275,26134849
"1173",45.5612905836157,-73.6080585513949,163936795
"1174",45.5612803996033,-73.6080805119812,26134849
"1175",45.5612843810073,-73.6081085913568,163936795
"1176",45.5612842552788,-73.6081313901335,26134849
"1177",45.561276879204,-73.6081532669007,25831131
"1178",45.5612524459562,-73.6081840284854,26134849
"1179",45.5611694232053,-73.6082387623131,163936795
"1180",45.5610982189379,-73.6082977709114,163936795
"1181",45.5610234523616,-73.6083479785114,26134849
"1182",45.560959791807,-73.6084064841956,26134849
"1183",45.5609061895362,-73.6084670015365,26134849
"1184",45.5608429899863,-73.6085220706403,26134849
"1185",45.5607966799713,-73.6085830908954,26134849
"1186",45.5607481068424,-73.6086393334657,26134849
"1187",45.5606976058758,-73.6086987611591,163936795
"1188",45.5606528465129,-73.6087493040353,26134849
"1189",45.5605993699706,-73.6087903753608,163936795
"1190",45.5605598912067,-73.608835721457,163936795
"1191",45.5605237232945,-73.6088757031351,26134849
"1192",45.5604856275446,-73.6089197919458,26134849
"1193",45.5604477413422,-73.6089597736239,26134849
"1194",45.5603958154521,-73.6090108194142,26134849
"1195",45.560345440214,-73.609060356462,26134849
"1196",45.5603062548167,-73.6091094744146,26134849
"1197",45.5602855096064,-73.6091810558676,163936795
"1198",45.5602604058064,-73.6091976520359,163936795
"1199",45.5602244055322,-73.6092626956045,26134849
"1200",45.5601804005406,-73.6093253084212,26134849
"1201",45.5601316597736,-73.6093937885701,26134849
"1202",45.5600711005232,-73.6094802059918,26134849
"1203",45.5600192165426,-73.6095555593013,26134849
"1204",45.559978061398,-73.60960761092,26134849
"1205",45.5599250458605,-73.609689334476,163936795
"1206",45.5598772690124,-73.6097765062689,163936795
"1207",45.5598110519773,-73.6098595709294,26134849
"1208",45.559759922368,-73.6099486705601,163936795
"1209",45.5597056914545,-73.6100325734108,26134849
"1210",45.5596644944004,-73.6100951024085,163936795
"1211",45.5596043542451,-73.610183615306,26134849
"1212",45.5595314316875,-73.6102937535137,26134849
"1213",45.5594677292234,-73.6103896424859,26134849
"1214",45.559401721736,-73.6104835198015,26134849
"1215",45.5593290506355,-73.6105887126863,26134849
"1216",45.5592321558348,-73.6107402574956,37636653
"1217",45.5591511447406,-73.6108790618121,26134849
"1218",45.5590633443049,-73.6110554170549,26134849
"1219",45.5589748030806,-73.6112002874214,26134849
"1220",45.5588932831385,-73.6113767950051,26134849
"1221",45.5588219820617,-73.6115471636137,37636653
"1222",45.5587501021205,-73.6117242391927,37636653
"1223",45.5586633371496,-73.6119208561582,26134849
"1224",45.5585798100323,-73.6121101358662,26134849
"1225",45.5584911722648,-73.6123109967514,26134849
"1226",45.5584144468372,-73.6125042704197,26134849
"1227",45.5583276394169,-73.6127153486164,40504078
"1228",45.5582404026167,-73.6129250871749,26134849
"1229",45.5581447660205,-73.6131550208929,40504078
"1230",45.5580561187339,-73.6133681506048,40504078
"1231",45.5579645713291,-73.6135882529088,26134849
"1232",45.5578742900106,-73.6138053112321,40504078
"1233",45.5577901074603,-73.6140077066284,26134849
"1234",45.5576434778897,-73.6143602399022,26134819
"1235",45.557543389196,-73.6146008775492,26134819
"1236",45.5574509467842,-73.6148229706684,26134849
"1237",45.5573570405333,-73.6150483730429,26134819
"1238",45.5572550289935,-73.6152932304732,26134849
"1239",45.5571558112894,-73.6155313675045,26134819
"1240",45.5570559357885,-73.615768672201,26134849
"1241",45.5569542513343,-73.6160102749794,461359178
"1242",45.5568482864649,-73.616264091742,26134849
"1243",45.556742800878,-73.6165175775815,461359181
"1244",45.5566340468563,-73.6167789175928,26134849
"1245",45.5565333253387,-73.6170209551943,461359181
"1246",45.5564248347399,-73.6172816621906,26134849
"1247",45.5563124259697,-73.6175517847004,26134849
"1248",45.5562068579087,-73.6178054687282,461359181
"1249",45.5561014814681,-73.6180583418889,461359182
"1250",45.5559949487171,-73.618302205546,20441244
"1251",45.5558894021436,-73.6185493878032,26134849
"1252",45.5557892712383,-73.6187844899527,20441244
"1253",45.5556836601436,-73.6190324593016,20441244
"1254",45.5555806226104,-73.619274386062,20441244
"1255",45.5554686123194,-73.6195374524849,20441244
"1256",45.5553660797544,-73.6197783482567,20441244
"1257",45.5552620471331,-73.6200246816788,26134849
"1258",45.5551557144469,-73.6202850056557,20441244
"1259",45.5550547326398,-73.6205322295957,20441244
"1260",45.5549477359848,-73.6207941375046,20441244
"1261",45.5548500770294,-73.6210330981552,20441244
"1262",45.5547411993303,-73.6212946029772,26134849
"1263",45.5546393723665,-73.6215392838099,26134849
"1264",45.5545315286419,-73.6217984223656,26134849
"1265",45.5544264140914,-73.6220474863259,26134849
"1266",45.554329052419,-73.622270130439,26134849
"1267",45.5542174250827,-73.6225089716392,26134849
"1268",45.5541112880855,-73.6227305592661,26134849
"1269",45.5539966238651,-73.6229627693181,609009571
"1270",45.5539447292246,-73.6230659121248,609009571
"1271",45.5537699684542,-73.6233915442307,26134849
"1272",45.5536834197543,-73.6236662418335,26134849
"1273",45.5535632232628,-73.623884087497,732382925
"1274",45.5534416018478,-73.6241000891417,732382925
"1275",45.5533106765202,-73.6243298371076,732382925
"1276",45.5531819304875,-73.6245682184338,26134849
"1277",45.5530529329977,-73.6248020735323,732382925
"1278",45.5529271206311,-73.6250361800879,732382925
"1279",45.5528102349914,-73.6252626591116,327142509
"1280",45.5526827881536,-73.6254957598388,26134849
"1281",45.55254892916,-73.6257308722228,327142509
"1282",45.5524219852365,-73.6259674933493,26134849
"1283",45.5522972625173,-73.6261954811156,327142509
"1284",45.5521699833176,-73.6264284142047,26134849
"1285",45.5520412791944,-73.6266731657773,327142509
"1286",45.5519048637203,-73.626923449406,327142509
"1287",45.5517652212135,-73.6271728948444,26134849
"1288",45.5516298115677,-73.6274207477212,26134849
"1289",45.5514920549891,-73.6276746355682,26134849
"1290",45.551370349755,-73.6279188004076,26134849
"1291",45.5512439925647,-73.6281714309692,26134849
"1292",45.5511275679297,-73.6284129974186,26134849
"1293",45.5510084610856,-73.6286657117992,26134849
"1294",45.5508970655925,-73.6289341003388,26134849
"1295",45.5507833231664,-73.6292019021451,26134849
"1296",45.5506894877604,-73.6294555385351,26134849
"1297",45.550605123905,-73.6297311355114,26134849
"1298",45.5505340872756,-73.629981251502,26134849
"1299",45.5504589854232,-73.6302701757043,26134849
"1300",45.5503902957267,-73.6305518076509,26134849
"1301",45.550334262704,-73.6308280751794,26134849
"1302",45.5502877431414,-73.631104426527,26134849
"1303",45.5502381222746,-73.6313894112348,164060509
"1304",45.5501929857261,-73.6316754855901,26134849
"1305",45.5501424009404,-73.6319665890872,164060509
"1306",45.5501005333341,-73.632254172185,26134849
"1307",45.5500451708636,-73.6325277575046,26134849
"1308",45.5499651655979,-73.6328050308615,20296284
"1309",45.5498898541979,-73.6330823042184,20296284
"1310",45.5498158419928,-73.6333643552601,433818620
"1311",45.5497451406396,-73.6336319894284,463876777
"1312",45.5496626208029,-73.633897947216,26134849
"1313",45.5495777540333,-73.6341662519365,20296281
"1314",45.5494758720002,-73.6344082374811,26134849
"1315",45.5493694218299,-73.6346501392066,26134849
"1316",45.5492557278707,-73.6348806773231,26134849
"1317",45.5491369800728,-73.6351153696669,26134849
"1318",45.5490040024876,-73.6353465370644,451862136
"1319",45.5488597805267,-73.6355687882612,451862136
"1320",45.5487116485306,-73.6357816800116,433813261
"1321",45.5485583973596,-73.6359908630415,433813261
"1322",45.5484034601948,-73.6361862775917,26134849
"1323",45.54822995349,-73.6363878332435,26134849
"1324",45.5480400179243,-73.6365793296003,26134849
"1325",45.547862229993,-73.6367466341327,26134849
"1326",45.5476818249027,-73.6369108161992,26134849
"1327",45.5474896574908,-73.6370856216976,26134849
"1328",45.5473155580302,-73.6372402198989,26134849
"1329",45.5471475814436,-73.6373886065175,433813261
"1330",45.5469776435292,-73.6375363491805,433813261
"1331",45.5467911115739,-73.6376984320545,26134849
"1332",45.5466335578235,-73.6378331568157,433813261
"1333",45.5464502009543,-73.6379848864136,530901769
"1334",45.546281372596,-73.6381249982777,26134849
"1335",45.5461087792894,-73.6382682647009,530901769
"1336",45.5459458946201,-73.6384055329093,530901769
"1337",45.5457600749585,-73.6385641059355,530901769
"1338",45.5455898009772,-73.6387103742971,26134849
"1339",45.5454243061164,-73.6388531138819,530901769
"1340",45.5452646295551,-73.6389911465327,37636651
"1341",45.5451044234206,-73.6391293080233,26134849
"1342",45.5449494031462,-73.6392629972372,37636651
"1343",45.544798408075,-73.6393936624471,37636651
"1344",45.5446465272947,-73.6395294948373,26134849
"1345",45.5444881383373,-73.639671962858,37636651
"1346",45.5443255756636,-73.6398115456997,37636651
"1347",45.5441528618631,-73.6399539501179,37636651
"1348",45.543995082399,-73.6400820851921,26134849
"1349",45.54382090438,-73.6402208754136,26134849
"1350",45.543642173135,-73.6403611930069,26134849
"1351",45.5434687186554,-73.6404892716558,26134849
"1352",45.5432866467206,-73.6406189150355,26134849
"1353",45.5430923280534,-73.6407523385262,37636651
"1354",45.5429121586713,-73.6408735833538,37636651
"1355",45.542732785717,-73.6409916232135,26134849
"1356",45.5425557094323,-73.6411049603423,37636651
"1357",45.5423618040612,-73.6412293159647,37636651
"1358",45.5421831481547,-73.6413448115806,37636651
"1359",45.542015462272,-73.6414529948404,37636651
"1360",45.5418391757935,-73.6415666891739,37764785
"1361",45.5416672989284,-73.641677539568,26134849
"1362",45.5415008618291,-73.6417851488155,37764785
"1363",45.5413346528024,-73.6418924174913,37764785
"1364",45.541159925883,-73.6420051812382,37764785
"1365",45.5409898545991,-73.6421145243877,37764785
"1366",45.5408137824399,-73.6422262352255,26134849
"1367",45.540633238371,-73.6423406329001,37764785
"1368",45.5404389149213,-73.6424637615684,37764785
"1369",45.5402480048895,-73.6425847274015,37764785
"1370",45.5400613952161,-73.6427029684095,26134849
"1371",45.5398797047267,-73.6428180924876,37764785
"1372",45.5396914722215,-73.6429380183293,37764785
"1373",45.539528469474,-73.6430409248874,26134849
"1374",45.5393129401333,-73.6431671586573,37764783
"1375",45.5391336093149,-73.6432809010833,26134874
"1376",45.5389445973984,-73.643409395659,37764783
"1377",45.5387602374381,-73.6435292568743,26134874
"1378",45.5385780567727,-73.6436637026012,26134874
"1379",45.5383993126876,-73.6437922809958,37764783
"1380",45.5382161681033,-73.6439104658306,26134874
"1381",45.5380335264332,-73.6440256331801,26134874
"1382",45.5378415808505,-73.6441507749945,37764785
"1383",45.5376562150619,-73.644268456915,37764785
"1384",45.537471645554,-73.6443826184362,37764783
"1385",45.5372705217874,-73.6445049942225,37764785
"1386",45.5370834377087,-73.6446276214659,37764785
"1387",45.5368888518265,-73.6447516736329,37764783
"1388",45.5367013067431,-73.6448753067046,37764785
"1389",45.5365133425644,-73.6449963413864,37764783
"1390",45.5363342212937,-73.6451073177844,37764785
"1391",45.5361489812336,-73.6452281010091,37764783
"1392",45.5359607236883,-73.6453498062432,37764785
"1393",45.535767017906,-73.6454714276582,37764783
"1394",45.5355703365481,-73.6455930490732,37764785
"1395",45.5353737390092,-73.6457164306879,37764784
"1396",45.5351734115234,-73.6458426621497,37764781
"1397",45.5349745089612,-73.6459696479827,38080673
"1398",45.5347907357341,-73.6460933648735,163592277
"1399",45.5345933000049,-73.6462314986378,163592277
"1400",45.5344099458731,-73.6463581491947,38080673
"1401",45.5342242448083,-73.6464795191526,38080673
"1402",45.5340338917873,-73.6466035713196,38080673
"1403",45.5338347377679,-73.6467416212648,38080673
"1404",45.5336539401165,-73.646866427803,163592277
"1405",45.5334761599502,-73.646993329817,163592277
"1406",45.5332889920524,-73.6471102573663,38080673
"1407",45.5331242038361,-73.6472344771713,163592277
"1408",45.5329539254731,-73.6473439448267,163592277
"1409",45.5327670090324,-73.6474737805068,361433700
"1410",45.5325924558989,-73.6475902889609,38080673
"1411",45.5324249854735,-73.6477072165102,361433700
"1412",45.5322459061122,-73.6478279997349,361433700
"1413",45.5320763821206,-73.6479366292,38080673
"1414",45.5319016850919,-73.6480824531146,38080673
"1415",45.5317298520747,-73.6481954737347,38080670
"1416",45.5315446960483,-73.6483161349755,38080673
"1417",45.5313560549715,-73.6484383679765,22884250
"1418",45.5311763729099,-73.6485534206853,22884250
"1419",45.5309822277413,-73.6486766318509,38080673
"1420",45.5307879959513,-73.6487998979894,372884997
"1421",45.5306108623432,-73.6489123130368,372884997
"1422",45.5304250605307,-73.6490311481652,38080673
"1423",45.530240402992,-73.6491672299441,38080673
"1424",45.5300721661595,-73.6493056132341,38080673
"1425",45.5298939440823,-73.6494043842643,38080673
"1426",45.5297341430983,-73.6495483853608,38080673
"1427",45.5295654992065,-73.6496997625321,38080673
"1428",45.5293988250619,-73.6498646345675,38080673
"1429",45.5292379344306,-73.6500290875077,38080673
"1430",45.5290782591752,-73.6501932051718,37764780
"1431",45.5289315758697,-73.6503482703805,38080673
"1432",45.5287669972009,-73.6505192612052,38080673
"1433",45.5286121182549,-73.6506888683844,38080673
"1434",45.5284414655227,-73.650868280253,38080673
"1435",45.5282780607862,-73.6510307370598,38080673
"1436",45.5281168589405,-73.6511834882525,38080673
"1437",45.5279585832918,-73.6513202592578,38080673
