"1",45.50663,-73.66346,128169246
"2",45.50679,-73.66336,128169246
"3",45.50696,-73.66329,128169246
"4",45.50713,-73.66319,128169246
"5",45.50729,-73.6631,128169246
"6",45.50746,-73.66303,128169246
"7",45.50763,-73.66297,128169246
"8",45.50781,-73.6629,128169246
"9",45.50797,-73.66279,128169246
"10",45.50812,-73.66266,128169246
"11",45.50828,-73.66256,128169246
"12",45.50842,-73.66244,128169246
"13",45.50858,-73.66234,128169246
"14",45.50873,-73.66226,128169246
"15",45.50888,-73.66215,128169246
"16",45.50903,-73.66206,128169246
"17",45.50918,-73.66195,128169246
"18",45.50933,-73.66185,128169246
"19",45.50948,-73.66177,128169246
"20",45.50963,-73.66166,128169246
"21",45.50979,-73.66158,128169246
"22",45.50994,-73.66147,128169246
"23",45.51008,-73.66134,26134904
"24",45.51024,-73.66125,26134904
"25",45.5104,-73.66116,26134904
"26",45.51055,-73.66103,26134904
"27",45.51071,-73.66094,26134904
"28",45.51086,-73.66084,26134904
"29",45.51101,-73.66073,26134904
"30",45.51116,-73.66064,26134904
"31",45.51131,-73.66054,26134904
"32",45.51146,-73.66046,26134904
"33",45.51162,-73.66041,26134904
"34",45.51176,-73.66033,26134904
"35",45.51191,-73.66026,26134904
"36",45.51206,-73.66017,26134904
"37",45.5122,-73.66005,26134904
"38",45.51235,-73.65999,437561680
"39",45.51249,-73.65987,437561680
"40",45.51263,-73.65977,437561680
"41",45.51279,-73.65968,437561680
"42",45.51297,-73.65961,437561680
"43",45.51314,-73.65951,437561680
"44",45.51331,-73.6594,437561680
"45",45.51348,-73.65928,437561680
"46",45.51365,-73.65917,437561680
"47",45.51381,-73.65905,437561680
"48",45.51397,-73.65892,437561680
"49",45.51412,-73.65877,437561680
"50",45.51428,-73.65868,437561680
"51",45.51445,-73.65858,437561680
"52",45.5146,-73.65845,437561680
"53",45.51475,-73.65835,437561680
"54",45.5149,-73.65824,437561680
"55",45.51504,-73.65812,437561680
"56",45.51519,-73.65802,437561680
"57",45.51533,-73.65793,437561680
"58",45.51547,-73.65784,437561680
"59",45.5156,-73.65775,437561680
"60",45.51575,-73.65766,437561680
"61",45.51589,-73.65754,437561680
"62",45.51604,-73.65746,437561680
"63",45.5162,-73.65737,437561680
"64",45.51634,-73.65725,437561680
"65",45.5165,-73.65715,437561680
"66",45.51665,-73.65703,437561680
"67",45.51682,-73.65694,437561680
"68",45.51698,-73.65685,437561680
"69",45.51713,-73.65672,437561680
"70",45.51729,-73.65661,437561680
"71",45.51744,-73.6565,437561680
"72",45.5176,-73.6564,437561680
"73",45.51776,-73.65631,437561680
"74",45.51791,-73.6562,437561680
"75",45.51806,-73.6561,437561680
"76",45.5182,-73.65601,437561680
"77",45.51835,-73.65592,437561680
"78",45.51848,-73.65581,437561680
"79",45.51861,-73.65571,37891140
"80",45.51874,-73.65562,37891140
"81",45.51889,-73.65555,37891140
"82",45.51902,-73.65543,37891140
"83",45.51916,-73.65532,37891140
"84",45.51946,-73.65511,37891140
"85",45.51962,-73.65501,37891140
"86",45.51977,-73.65494,37891140
"87",45.51992,-73.65484,37891140
"88",45.52008,-73.65477,37891140
"89",45.52022,-73.65467,37891140
"90",45.52037,-73.65458,37891140
"91",45.52051,-73.65451,37891140
"92",45.52066,-73.65441,37891140
"93",45.5208,-73.65432,37891141
"94",45.52095,-73.65422,37891141
"95",45.52109,-73.65411,37891141
"96",45.52124,-73.65404,37891141
"97",45.52139,-73.65394,37891141
"98",45.52155,-73.65387,37891141
"99",45.5217,-73.65379,37891141
"100",45.52185,-73.6537,37891141
"101",45.522,-73.65361,37891141
"102",45.52215,-73.65353,37891141
"103",45.52229,-73.65343,37891141
"104",45.52243,-73.65334,37891141
"105",45.52259,-73.65326,37891141
"106",45.52274,-73.65315,37891141
"107",45.5229,-73.65307,37891141
"108",45.52305,-73.653,37891141
"109",45.5232,-73.65292,37891141
"110",45.52336,-73.65284,437731512
"111",45.52351,-73.65275,437731512
"112",45.52366,-73.65265,437731512
"113",45.52382,-73.65257,437731512
"114",45.52397,-73.65249,437731512
"115",45.52413,-73.65244,437731512
"116",45.52427,-73.65235,437731512
"117",45.52443,-73.65228,437731512
"118",45.5246,-73.65222,437731512
"119",45.52475,-73.65215,437731512
"120",45.52491,-73.65207,437731512
"121",45.52506,-73.65201,162923743
"122",45.52522,-73.65197,162923743
"123",45.52554,-73.65183,162923743
"124",45.52569,-73.65179,162923743
"125",45.52585,-73.65172,162923743
"126",45.52601,-73.65169,162923743
"127",45.52617,-73.65163,162923743
"128",45.52633,-73.65157,162923743
"129",45.5265,-73.65152,162923743
"130",45.52665,-73.65144,162923743
"131",45.52681,-73.65138,162923743
"132",45.52698,-73.65134,162923743
"133",45.52714,-73.65128,38080683
"134",45.5273,-73.65124,38080683
"135",45.52745,-73.6512,38080673
"136",45.5276,-73.65113,38080673
"137",45.52775,-73.65104,38080673
"138",45.52789,-73.65096,38080673
"139",45.52804,-73.65087,38080673
"140",45.52817,-73.65079,38080673
"141",45.52831,-73.65071,38080673
"142",45.52843,-73.6506,38080673
"143",45.52857,-73.6505,38080673
"144",45.5287,-73.65038,38080673
"145",45.52883,-73.65024,38080673
"146",45.52896,-73.65012,38080673
"147",45.52908,-73.64998,38080673
"148",45.52922,-73.64986,38080673
"149",45.52935,-73.64972,38080673
"150",45.52951,-73.64961,38080673
"151",45.52963,-73.64948,38080673
"152",45.52976,-73.64934,38080673
"153",45.5299,-73.6492,38080673
"154",45.53003,-73.64907,38080673
"155",45.53017,-73.64893,38080673
"156",45.53032,-73.64883,38080673
"157",45.53047,-73.64874,38080673
"158",45.53063,-73.64866,38080673
"159",45.53077,-73.64855,38080673
"160",45.53092,-73.64845,38080673
"161",45.53107,-73.64835,38080673
"162",45.53122,-73.64825,38080673
"163",45.53137,-73.64815,38080673
"164",45.53152,-73.64804,38080673
"165",45.53166,-73.64792,38080673
"166",45.53181,-73.64783,38080673
"167",45.53197,-73.64774,38080673
"168",45.53211,-73.64764,38080673
"169",45.53226,-73.64753,38080673
"170",45.53242,-73.64744,38080673
"171",45.53258,-73.64734,38080673
"172",45.53274,-73.64725,38080673
"173",45.5329,-73.64712,38080673
"174",45.53306,-73.647,38080673
"175",45.53321,-73.64685,38080673
"176",45.53338,-73.64676,38080673
"177",45.53354,-73.64664,38080673
"178",45.53371,-73.64655,38080673
"179",45.53388,-73.64643,38080673
"180",45.53405,-73.64633,38080673
"181",45.53424,-73.6462,38080673
"182",45.5344,-73.64611,38080673
"183",45.53458,-73.646,38080673
"184",45.53475,-73.64587,38080673
"185",45.53491,-73.64577,37764781
"186",45.53507,-73.64567,37764781
"187",45.53524,-73.64556,37764781
"188",45.5354,-73.64546,37764783
"189",45.53555,-73.64536,37764783
"190",45.53569,-73.64525,37764783
"191",45.53586,-73.64516,37764783
"192",45.53601,-73.64505,37764783
"193",45.53618,-73.64496,37764783
"194",45.53633,-73.64487,37764783
"195",45.53649,-73.64477,37764783
"196",45.53663,-73.64467,37764783
"197",45.53678,-73.64458,37764783
"198",45.53693,-73.6445,37764783
"199",45.5371,-73.64437,37764783
"200",45.53726,-73.64426,37764783
"201",45.53741,-73.64415,37764783
"202",45.53774,-73.64393,37764783
"203",45.5379,-73.64383,37764783
"204",45.53806,-73.64373,37764783
"205",45.53821,-73.64363,37764783
"206",45.53837,-73.64354,37764783
"207",45.53851,-73.64342,37764783
"208",45.53866,-73.64331,37764783
"209",45.53881,-73.6432,37764783
"210",45.53896,-73.64312,37764783
"211",45.53912,-73.64303,37764783
"212",45.53926,-73.64294,37764783
"213",45.53942,-73.64288,37764783
"214",45.53957,-73.64279,26134849
"215",45.53971,-73.64269,26134849
"216",45.53986,-73.64261,26134849
"217",45.53999,-73.64246,26134849
"218",45.54014,-73.64234,26134849
"219",45.54028,-73.64225,26134849
"220",45.54042,-73.64216,26134849
"221",45.54056,-73.64208,26134849
"222",45.54069,-73.64198,26134849
"223",45.54082,-73.64186,26134849
"224",45.54095,-73.64178,26134849
"225",45.54109,-73.64172,26134849
"226",45.54121,-73.6416,26134849
"227",45.54135,-73.64154,26134849
"228",45.54149,-73.64151,26134849
"229",45.54163,-73.64145,26134849
"230",45.54177,-73.64141,26134849
"231",45.5419,-73.64131,26134849
"232",45.54204,-73.64127,26134849
"233",45.54217,-73.64117,26134849
"234",45.5423,-73.64107,26134849
"235",45.54244,-73.641,26134849
"236",45.54257,-73.64092,26134849
"237",45.54269,-73.64082,26134849
"238",45.54282,-73.64072,26134849
"239",45.54294,-73.64062,26134849
"240",45.54307,-73.64052,26134849
"241",45.5432,-73.64044,26134849
"242",45.54333,-73.64035,26134849
"243",45.54345,-73.64024,26134849
"244",45.54357,-73.64013,26134849
"245",45.54368,-73.64002,26134849
"246",45.54379,-73.63994,26134849
"247",45.54392,-73.63986,26134849
"248",45.54402,-73.63974,26134849
"249",45.54415,-73.63964,26134849
"250",45.54427,-73.63954,26134849
"251",45.5444,-73.63945,26134849
"252",45.54453,-73.63933,26134849
"253",45.54465,-73.6392,26134849
"254",45.54479,-73.63907,26134849
"255",45.54492,-73.63898,26134849
"256",45.54506,-73.63888,26134849
"257",45.54519,-73.63876,26134849
"258",45.54533,-73.63864,26134849
"259",45.54547,-73.63855,26134849
"260",45.5456,-73.63842,26134849
"261",45.54574,-73.63831,26134849
"262",45.54588,-73.63819,26134849
"263",45.54602,-73.63805,26134849
"264",45.54616,-73.63794,26134849
"265",45.5463,-73.63782,26134849
"266",45.54644,-73.63771,26134849
"267",45.54659,-73.63762,26134849
"268",45.54671,-73.63749,26134849
"269",45.54686,-73.63739,26134849
"270",45.547,-73.6373,26134849
"271",45.54711,-73.63717,26134849
"272",45.54725,-73.63709,26134849
"273",45.54737,-73.63695,26134849
"274",45.5475,-73.63683,26134849
"275",45.54762,-73.63671,26134849
"276",45.54774,-73.63658,26134849
"277",45.54788,-73.63648,26134849
"278",45.54802,-73.63636,26134849
"279",45.54816,-73.63625,26134849
"280",45.54828,-73.6361,26134849
"281",45.54839,-73.63596,26134849
"282",45.54852,-73.63583,26134849
"283",45.54862,-73.63566,26134849
"284",45.54872,-73.63549,26134849
"285",45.54883,-73.63534,26134849
"286",45.54893,-73.63517,26134849
"287",45.54903,-73.63501,26134849
"288",45.54913,-73.63486,26134849
"289",45.54921,-73.6347,26134849
"290",45.54927,-73.63453,26134849
"291",45.54933,-73.63437,26134849
"292",45.54938,-73.6342,26134849
"293",45.54943,-73.63403,26134849
"294",45.54949,-73.63387,26134849
"295",45.54952,-73.63372,26134849
"296",45.54956,-73.63358,26134849
"297",45.54957,-73.63343,26134849
"298",45.5496,-73.63328,26134849
"299",45.54961,-73.63315,26134849
"300",45.54959,-73.63302,26134849
"301",45.54954,-73.63291,20296281
"302",45.54951,-73.63278,20296281
"303",45.54946,-73.63267,20296281
"304",45.5494,-73.63258,20296281
"305",45.54933,-73.6325,20296283
"306",45.54927,-73.63243,20296283
"307",45.5492,-73.63236,20296283
"308",45.54914,-73.63227,20296283
"309",45.54911,-73.63216,20296283
"310",45.54908,-73.63204,20296283
"311",45.54907,-73.6319,20296283
"312",45.54907,-73.63177,20296283
"313",45.54911,-73.63166,20296283
"314",45.54916,-73.63155,20296283
"315",45.54921,-73.63142,20296283
"316",45.54926,-73.63127,20296283
"317",45.54932,-73.63114,20296283
"318",45.54938,-73.631,20296283
"319",45.54946,-73.63086,433818620
"320",45.54952,-73.63072,433818620
"321",45.54963,-73.63044,433818620
"322",45.54968,-73.6303,452037094
"323",45.54974,-73.63018,452037094
"324",45.54983,-73.6301,452037094
"325",45.54989,-73.63,452037094
"326",45.54995,-73.6299,452037094
"327",45.55,-73.62981,452037094
"328",45.55004,-73.62974,452037094
"329",45.55007,-73.62968,452037094
"330",45.55009,-73.62964,452037094
"331",45.5501,-73.62961,452037094
"332",45.5501,-73.62958,452037094
"333",45.5501,-73.62958,452037094
"334",45.5501,-73.62958,452037094
"335",45.5501,-73.62958,452037094
"336",45.5501,-73.62958,452037094
"337",45.5501,-73.62958,452037094
"338",45.5501,-73.62958,452037094
"339",45.5501,-73.62958,452037094
"340",45.5501,-73.62958,452037094
"341",45.5501,-73.62958,452037094
"342",45.5501,-73.62958,452037094
"343",45.5501,-73.62958,452037094
"344",45.5501,-73.62958,452037094
"345",45.5501,-73.62958,452037094
"346",45.5501,-73.62958,452037094
"347",45.5501,-73.62958,452037094
"348",45.5501,-73.62958,452037094
"349",45.5501,-73.62958,452037094
"350",45.5501,-73.62958,452037094
"351",45.5501,-73.62958,452037094
"352",45.5501,-73.62958,452037094
"353",45.5501,-73.62958,452037094
"354",45.5501,-73.62958,452037094
"355",45.5501,-73.62958,452037094
"356",45.5501,-73.62958,452037094
"357",45.5501,-73.62958,452037094
"358",45.5501,-73.62958,452037094
"359",45.5501,-73.62958,452037094
"360",45.5501,-73.62958,452037094
"361",45.5501,-73.62958,452037094
"362",45.5501,-73.62958,452037094
"363",45.5501,-73.62958,452037094
"364",45.5501,-73.62958,452037094
"365",45.5501,-73.62958,452037094
"366",45.5501,-73.62958,452037094
"367",45.5501,-73.62958,452037094
"368",45.5501,-73.62958,452037094
"369",45.5501,-73.62958,452037094
"370",45.5501,-73.62958,452037094
"371",45.5501,-73.62958,452037094
"372",45.5501,-73.62958,452037094
"373",45.5501,-73.62958,452037094
"374",45.5501,-73.62958,452037094
"375",45.5501,-73.62958,452037094
"376",45.5501,-73.62958,452037094
"377",45.5501,-73.62958,452037094
"378",45.55011,-73.62958,452037094
"379",45.55011,-73.62958,452037094
"380",45.55011,-73.62958,452037094
"381",45.55012,-73.62958,452037094
"382",45.55013,-73.62956,452037094
"383",45.55014,-73.62954,452037094
"384",45.55017,-73.62953,452037094
"385",45.55016,-73.6295,452037094
"386",45.55017,-73.62945,452037094
"387",45.55018,-73.62939,452037084
"388",45.55015,-73.62934,452037084
"389",45.55012,-73.62927,452037084
"390",45.55008,-73.62919,452037084
"391",45.55003,-73.6291,452037084
"392",45.54999,-73.62897,452037084
"393",45.54993,-73.62886,452037084
"394",45.54987,-73.62874,452037084
"395",45.54981,-73.6286,452037084
"396",45.54975,-73.62846,452037084
"397",45.54968,-73.62833,452037084
"398",45.54963,-73.6282,452037084
"399",45.54957,-73.62807,452037084
"400",45.54951,-73.62795,452037084
"401",45.54947,-73.62782,452037084
"402",45.54941,-73.6277,452037084
"403",45.54935,-73.62757,452037084
"404",45.54929,-73.62745,452037084
"405",45.54924,-73.62732,452037084
"406",45.54917,-73.62718,452037084
"407",45.54911,-73.62703,160093855
"408",45.54904,-73.62687,160093855
"409",45.54897,-73.6267,160093855
"410",45.54889,-73.62654,160093855
"411",45.54881,-73.62638,160093855
"412",45.54874,-73.62622,160093855
"413",45.54867,-73.62607,160093855
"414",45.5486,-73.62592,160093855
"415",45.54853,-73.62576,160093855
"416",45.54847,-73.62561,160093855
"417",45.5484,-73.62546,160093855
"418",45.54834,-73.62531,160093855
"419",45.54828,-73.62517,160093855
"420",45.54822,-73.62504,160093855
"421",45.54816,-73.62491,160093855
"422",45.54811,-73.62478,462766320
"423",45.54806,-73.62465,452037086
"424",45.548,-73.62451,452037086
"425",45.54794,-73.62437,452037087
"426",45.54787,-73.62423,452037087
"427",45.54781,-73.6241,452037087
"428",45.54774,-73.62396,24424706
"429",45.54768,-73.62382,24424706
"430",45.54761,-73.62366,24424706
"431",45.54753,-73.62351,24424706
"432",45.54746,-73.62335,24424706
"433",45.54739,-73.62319,24424706
"434",45.54732,-73.62303,24424706
"435",45.54725,-73.62288,24424706
"436",45.54718,-73.62273,24424706
"437",45.54712,-73.62258,24424706
"438",45.54705,-73.62243,24424706
"439",45.54693,-73.62215,24424706
"440",45.54686,-73.62201,24424706
"441",45.5468,-73.62186,24424706
"442",45.54673,-73.62171,24424706
"443",45.54667,-73.62156,24424706
"444",45.5466,-73.62141,24424706
"445",45.54654,-73.62127,24424706
"446",45.54648,-73.62112,24424706
"447",45.54641,-73.62098,24424706
"448",45.54635,-73.62084,24424706
"449",45.54629,-73.6207,24424706
"450",45.54622,-73.62056,24424706
"451",45.54615,-73.62042,24424706
"452",45.54609,-73.62026,24424706
"453",45.54603,-73.62011,24424706
"454",45.54596,-73.61996,24424706
"455",45.54589,-73.61981,24424706
"456",45.54583,-73.61966,24424706
"457",45.54578,-73.61952,160091649
"458",45.54572,-73.61938,160091649
"459",45.54566,-73.61925,160091649
"460",45.5456,-73.61912,160091649
"461",45.54556,-73.61898,160091649
"462",45.54551,-73.61884,160091649
"463",45.54545,-73.61872,160091649
"464",45.5454,-73.6186,160091649
"465",45.54535,-73.61848,160091649
"466",45.54529,-73.61836,160091649
"467",45.54524,-73.61823,160091649
"468",45.54518,-73.6181,160091649
"469",45.54513,-73.61797,160091649
"470",45.54507,-73.61784,160091649
"471",45.54502,-73.61772,160091649
"472",45.54496,-73.6176,160091649
"473",45.5449,-73.61747,160091649
"474",45.54485,-73.61735,160091649
"475",45.54479,-73.61722,160091649
"476",45.54473,-73.61709,160091649
"477",45.54467,-73.61695,160091649
"478",45.54455,-73.61668,160091649
"479",45.54449,-73.61655,160091649
"480",45.54442,-73.61642,160091649
"481",45.54437,-73.61628,160091649
"482",45.54432,-73.61617,160091649
"483",45.54427,-73.61608,160091649
"484",45.54424,-73.616,160091649
"485",45.54422,-73.61594,160091649
"486",45.5442,-73.6159,160091649
"487",45.54419,-73.61587,160091649
"488",45.54418,-73.61586,160091649
"489",45.54417,-73.61584,160091649
"490",45.54416,-73.61583,354349893
"491",45.54415,-73.61581,354349893
"492",45.54415,-73.6158,354349893
"493",45.54415,-73.61579,354349893
"494",45.54415,-73.61579,354349893
"495",45.54415,-73.6158,354349893
"496",45.54416,-73.6158,354349893
"497",45.54416,-73.61581,354349893
"498",45.54416,-73.61581,354349893
"499",45.54415,-73.61582,354349893
"500",45.54415,-73.61582,354349893
"501",45.54415,-73.61583,354349893
"502",45.54415,-73.61583,354349893
"503",45.54415,-73.61583,354349893
"504",45.54415,-73.61584,354349893
"505",45.54415,-73.61584,354349893
"506",45.54415,-73.61584,354349893
"507",45.54415,-73.61584,354349893
"508",45.54415,-73.61584,354349893
"509",45.54415,-73.61584,354349893
"510",45.54415,-73.61584,354349893
"511",45.54415,-73.61584,354349893
"512",45.54415,-73.61584,354349893
"513",45.54415,-73.61584,354349893
"514",45.54415,-73.61584,354349893
"515",45.54415,-73.61584,354349893
"516",45.54415,-73.61584,354349893
"517",45.54415,-73.61584,354349893
"518",45.54415,-73.61584,354349893
"519",45.54415,-73.61584,354349893
"520",45.54415,-73.61584,354349893
"521",45.54415,-73.61584,354349893
"522",45.54415,-73.61584,354349893
"523",45.54415,-73.61584,354349893
"524",45.54415,-73.61584,354349893
"525",45.54415,-73.61584,354349893
"526",45.54415,-73.61584,354349893
"527",45.54415,-73.61584,354349893
"528",45.54415,-73.61584,354349893
"529",45.54415,-73.61584,354349893
"530",45.54415,-73.61584,354349893
"531",45.54415,-73.61584,354349893
"532",45.54415,-73.61584,354349893
"533",45.54415,-73.61584,354349893
"534",45.54415,-73.61584,354349893
"535",45.54415,-73.61584,354349893
"536",45.54415,-73.61584,354349893
"537",45.54415,-73.61584,354349893
"538",45.54415,-73.61584,354349893
"539",45.54415,-73.61584,354349893
"540",45.54415,-73.61584,354349893
"541",45.54415,-73.61584,354349893
"542",45.54415,-73.61584,354349893
"543",45.54415,-73.61584,354349893
"544",45.54415,-73.61584,354349893
"545",45.54415,-73.61584,354349893
"546",45.54415,-73.61584,354349893
"547",45.54415,-73.61584,354349893
"548",45.54415,-73.61584,354349893
"549",45.54415,-73.61584,354349893
"550",45.54415,-73.61584,354349893
"551",45.54415,-73.61584,354349893
"552",45.54415,-73.61584,354349893
"553",45.54415,-73.61584,354349893
"554",45.54415,-73.61584,354349893
"555",45.54415,-73.61584,354349893
"556",45.54415,-73.61584,354349893
"557",45.54415,-73.61584,354349893
"558",45.54415,-73.61584,354349893
"559",45.54415,-73.61584,354349893
"560",45.54415,-73.61584,354349893
"561",45.54415,-73.61584,354349893
"562",45.54415,-73.61584,354349893
"563",45.54415,-73.61584,354349893
"564",45.54415,-73.61584,354349893
"565",45.54415,-73.61584,354349893
"566",45.54415,-73.61584,354349893
"567",45.54415,-73.61584,354349893
"568",45.54415,-73.61584,354349893
"569",45.54415,-73.61584,354349893
"570",45.54415,-73.61584,354349893
"571",45.54415,-73.61584,354349893
"572",45.54415,-73.61584,354349893
"573",45.54415,-73.61584,354349893
"574",45.54415,-73.61584,354349893
"575",45.54415,-73.61584,354349893
"576",45.54415,-73.61584,354349893
"577",45.54415,-73.61584,354349893
"578",45.54415,-73.61584,354349893
"579",45.54415,-73.61584,354349893
"580",45.54415,-73.61584,354349893
"581",45.54415,-73.61584,354349893
"582",45.54415,-73.61584,354349893
"583",45.54415,-73.61584,354349893
"584",45.54415,-73.61584,354349893
"585",45.54415,-73.61584,354349893
"586",45.54415,-73.61584,354349893
"587",45.54415,-73.61584,354349893
"588",45.54415,-73.61584,354349893
"589",45.54415,-73.61584,354349893
"590",45.54415,-73.61584,354349893
"591",45.54415,-73.61584,354349893
"592",45.54415,-73.61584,354349893
"593",45.54415,-73.61584,354349893
"594",45.54415,-73.61584,354349893
"595",45.54415,-73.61584,354349893
"596",45.54415,-73.61584,354349893
"597",45.54415,-73.61584,354349893
"598",45.54415,-73.61584,354349893
"599",45.54415,-73.61584,354349893
"600",45.54415,-73.61584,354349893
"601",45.54415,-73.61584,354349893
"602",45.54415,-73.61584,354349893
"603",45.54415,-73.61584,354349893
"604",45.54415,-73.61584,354349893
"605",45.54415,-73.61584,354349893
"606",45.54415,-73.61584,354349893
"607",45.54415,-73.61584,354349893
"608",45.54415,-73.61584,354349893
"609",45.54415,-73.61584,354349893
"610",45.54415,-73.61584,354349893
"611",45.54415,-73.61584,354349893
"612",45.54415,-73.61584,354349893
"613",45.54415,-73.61584,354349893
"614",45.54415,-73.61584,354349893
"615",45.54415,-73.61584,354349893
"616",45.54418,-73.61586,354349893
"617",45.54419,-73.61587,354349893
"618",45.54419,-73.61588,354349893
"619",45.54419,-73.61588,354349893
"620",45.54419,-73.61587,354349893
"621",45.54418,-73.61585,354349893
"622",45.54416,-73.61581,354349893
"623",45.54414,-73.61576,354349893
"624",45.54412,-73.61572,354349893
"625",45.5441,-73.61568,160091649
"626",45.54408,-73.61564,160091649
"627",45.54407,-73.6156,160091649
"628",45.54405,-73.61556,160091649
"629",45.54403,-73.61548,160091649
"630",45.54399,-73.61539,354349892
"631",45.54395,-73.61528,354349892
"632",45.54391,-73.61518,354349892
"633",45.54386,-73.61507,354349892
"634",45.5438,-73.61495,354349892
"635",45.54374,-73.61483,354349892
"636",45.54369,-73.61472,354349892
"637",45.54363,-73.6146,354349892
"638",45.54357,-73.61447,354349892
"639",45.54352,-73.61434,354349892
"640",45.54346,-73.61421,354349892
"641",45.54339,-73.61407,354349892
"642",45.54333,-73.61393,354349892
"643",45.54326,-73.61379,354349892
"644",45.5432,-73.61363,354349892
"645",45.54312,-73.61347,354349892
"646",45.54305,-73.61331,354349892
"647",45.54298,-73.61315,354349892
"648",45.54291,-73.61299,354349892
"649",45.54285,-73.61285,354349892
"650",45.54278,-73.61271,354349892
"651",45.54273,-73.61258,354349892
"652",45.54267,-73.61246,354349892
"653",45.54262,-73.61234,354349892
"654",45.54257,-73.61224,354349892
"655",45.54253,-73.61216,354349892
"656",45.5425,-73.61211,354348775
"657",45.54247,-73.61208,354349892
"658",45.54242,-73.61209,354348777
"659",45.54238,-73.61211,354348775
"660",45.54232,-73.61216,354348777
"661",45.54226,-73.61222,354348775
"662",45.5422,-73.61227,354348777
"663",45.54214,-73.61231,354348777
"664",45.54209,-73.61235,354348777
"665",45.54204,-73.61238,462771098
"666",45.542,-73.61241,208066837
"667",45.54197,-73.61244,462771098
"668",45.54196,-73.61245,208066837
"669",45.54195,-73.61245,354348777
"670",45.54195,-73.61246,354348777
"671",45.54195,-73.61246,354348777
"672",45.54195,-73.61246,354348777
"673",45.54195,-73.61246,354348777
"674",45.54195,-73.61246,354348777
"675",45.54195,-73.61246,354348777
"676",45.54195,-73.61246,354348777
"677",45.54195,-73.61246,354348777
"678",45.54195,-73.61246,354348777
"679",45.54195,-73.61246,354348777
"680",45.54195,-73.61246,354348777
"681",45.54195,-73.61246,354348777
"682",45.54195,-73.61246,354348777
"683",45.54195,-73.61246,354348777
"684",45.54195,-73.61246,354348777
"685",45.54195,-73.61246,354348777
"686",45.54195,-73.61246,354348777
"687",45.54193,-73.61249,354348777
"688",45.54188,-73.61251,462771098
"689",45.54183,-73.61256,208066837
"690",45.54177,-73.6126,462771098
"691",45.54172,-73.61268,367861713
"692",45.54166,-73.61276,452641476
"693",45.54159,-73.6128,367861713
"694",45.54152,-73.61283,452641476
"695",45.54144,-73.61286,367861713
"696",45.54137,-73.61287,452641476
"697",45.54129,-73.61285,20227270
"698",45.54122,-73.61288,452641476
"699",45.54117,-73.61291,20227270
"700",45.54111,-73.61294,452641476
"701",45.54106,-73.61298,462771099
"702",45.541,-73.61301,20227270
"703",45.54095,-73.61304,462771099
"704",45.5409,-73.61308,20227270
"705",45.54086,-73.61311,766091392
"706",45.54083,-73.61315,452083266
"707",45.5408,-73.61317,766091392
"708",45.54079,-73.61319,452083266
"709",45.54078,-73.61321,462771099
"710",45.54078,-73.61323,462771099
"711",45.54077,-73.61326,475308566
"712",45.54078,-73.61329,463398911
"713",45.54078,-73.61334,475308566
"714",45.54079,-73.6134,766091392
"715",45.54082,-73.61348,475308564
"716",45.54086,-73.61356,475308566
"717",45.5409,-73.61364,208067040
"718",45.54094,-73.61373,475308566
"719",45.54097,-73.61382,208067040
"720",45.541,-73.61392,208067040
"721",45.54102,-73.614,475308566
"722",45.54106,-73.61408,208067040
"723",45.54109,-73.61417,475308566
"724",45.54114,-73.61425,208067040
"725",45.54118,-73.61435,475308566
"726",45.54122,-73.61444,208067040
"727",45.54127,-73.61454,475308566
"728",45.54131,-73.61464,208067040
"729",45.54137,-73.61474,475308566
"730",45.54141,-73.61484,208067040
"731",45.54147,-73.61493,475308566
"732",45.54152,-73.61502,463454897
"733",45.54156,-73.61512,475308566
"734",45.54161,-73.61522,463454897
"735",45.54166,-73.61531,463454897
"736",45.5417,-73.61541,475308567
"737",45.54174,-73.6155,463454897
"738",45.54178,-73.61559,463454897
"739",45.54182,-73.61568,463454897
"740",45.54186,-73.61577,463454897
"741",45.54189,-73.61587,475308567
"742",45.54192,-73.61596,208067040
"743",45.54197,-73.61604,475308567
"744",45.54201,-73.61613,208067040
"745",45.54206,-73.61622,208067040
"746",45.5421,-73.61634,475308567
"747",45.54214,-73.61646,208067040
"748",45.54219,-73.61655,475308567
"749",45.54224,-73.61666,475308567
"750",45.54228,-73.61677,475308567
"751",45.54232,-73.61688,462771109
"752",45.54237,-73.61698,475308567
"753",45.54242,-73.61708,475308567
"754",45.54249,-73.61718,475308567
"755",45.54254,-73.61729,463631148
"756",45.54259,-73.6174,463631148
"757",45.54264,-73.6175,475308567
"758",45.54268,-73.61761,463631148
"759",45.54273,-73.61771,475308567
"760",45.54278,-73.61779,463631147
"761",45.54281,-73.61786,475308567
"762",45.54284,-73.61792,463631147
"763",45.54285,-73.61796,475308567
"764",45.54286,-73.61797,475308567
"765",45.54286,-73.61797,475308567
"766",45.54286,-73.61797,475308567
"767",45.54287,-73.61797,475308567
"768",45.54287,-73.61796,475308567
"769",45.54287,-73.61796,475308567
"770",45.54287,-73.61796,475308567
"771",45.54287,-73.61796,475308567
"772",45.54287,-73.61796,475308567
"773",45.54287,-73.61796,475308567
"774",45.54287,-73.61796,475308567
"775",45.54287,-73.61796,475308567
"776",45.54287,-73.61796,475308567
"777",45.54287,-73.61796,475308567
"778",45.54287,-73.61796,475308567
"779",45.54287,-73.61796,475308567
"780",45.54287,-73.61796,475308567
"781",45.54287,-73.61796,475308567
"782",45.54287,-73.61796,475308567
"783",45.54287,-73.61796,475308567
"784",45.54287,-73.61796,475308567
"785",45.54287,-73.61796,475308567
"786",45.54287,-73.61796,475308567
"787",45.54287,-73.61796,475308567
"788",45.54287,-73.61796,475308567
"789",45.54287,-73.61796,475308567
"790",45.54287,-73.61796,475308567
"791",45.54288,-73.61796,475308567
"792",45.54289,-73.61799,463631147
"793",45.54293,-73.61812,475308567
"794",45.54297,-73.6182,463631147
"795",45.54304,-73.6183,463631147
"796",45.54309,-73.6184,463631147
"797",45.54314,-73.61851,463631147
"798",45.54319,-73.6186,463631147
"799",45.54323,-73.61871,475308567
"800",45.54328,-73.61881,354350324
"801",45.54333,-73.61891,354350324
"802",45.54337,-73.61902,354350324
"803",45.54342,-73.61913,354350324
"804",45.54346,-73.61924,354350324
"805",45.5435,-73.61936,354350324
"806",45.54355,-73.61946,354350324
"807",45.5436,-73.61956,354350324
"808",45.54365,-73.61965,354350324
"809",45.54369,-73.61974,354350324
"810",45.54373,-73.61983,354350324
"811",45.54378,-73.61991,354350324
"812",45.54383,-73.62,354350324
"813",45.54387,-73.62011,354350324
"814",45.54392,-73.62022,354350324
"815",45.54398,-73.62033,354350324
"816",45.54402,-73.62045,354350324
"817",45.54407,-73.62055,354350324
"818",45.54413,-73.62065,354350324
"819",45.54418,-73.62076,354350324
"820",45.54422,-73.62087,475308567
"821",45.54427,-73.62098,475308567
"822",45.54432,-73.6211,463631151
"823",45.54438,-73.62122,463631151
"824",45.54445,-73.62135,475308567
"825",45.54451,-73.62147,475308567
"826",45.54456,-73.6216,20296277
"827",45.54462,-73.62171,475308567
"828",45.54468,-73.62183,20296277
"829",45.54473,-73.62194,475308567
"830",45.54478,-73.62205,20291838
"831",45.54482,-73.62216,20291838
"832",45.54487,-73.62239,20291838
"833",45.54489,-73.62252,20291838
"834",45.54491,-73.62266,20291838
"835",45.54492,-73.62279,471060653
"836",45.54495,-73.62291,20291838
"837",45.545,-73.62302,132220915
"838",45.54504,-73.62314,20291838
"839",45.54508,-73.62325,132220915
"840",45.54513,-73.62335,208067039
"841",45.54517,-73.62347,208067039
"842",45.54523,-73.62358,132220915
"843",45.54528,-73.6237,208067039
"844",45.54534,-73.62382,132220915
"845",45.54539,-73.62395,455677123
"846",45.54545,-73.62407,132220915
"847",45.5455,-73.62419,455677123
"848",45.54556,-73.62431,132220915
"849",45.54561,-73.62444,455677123
"850",45.54566,-73.62457,132220915
"851",45.5457,-73.6247,208067039
"852",45.54577,-73.62482,132220915
"853",45.54582,-73.62496,208067039
"854",45.54588,-73.62508,132220915
"855",45.54594,-73.62521,132220915
"856",45.546,-73.62534,132220915
"857",45.54605,-73.62547,132220915
"858",45.54611,-73.6256,132220915
"859",45.54617,-73.62573,132220915
"860",45.54623,-73.62585,132220915
"861",45.54629,-73.62597,132220915
"862",45.54634,-73.62607,132220915
"863",45.54638,-73.62617,521946953
"864",45.54642,-73.62625,139295822
"865",45.54645,-73.62635,463875425
"866",45.54648,-73.62646,139295822
"867",45.54653,-73.62656,139295822
"868",45.54657,-73.62667,139295822
"869",45.54661,-73.62679,139295822
"870",45.54666,-73.62691,139295822
"871",45.54674,-73.62714,463875425
"872",45.54676,-73.62727,20296265
"873",45.5468,-73.62738,20296265
"874",45.54684,-73.62749,20296265
"875",45.54688,-73.6276,20296265
"876",45.54692,-73.6277,20296265
"877",45.54696,-73.62781,20296265
"878",45.547,-73.62791,20296265
"879",45.54703,-73.62802,20296265
"880",45.54706,-73.62813,20296265
"881",45.5471,-73.62823,20296265
"882",45.54714,-73.62835,20296265
"883",45.54718,-73.62846,20296265
"884",45.54721,-73.62858,463875423
"885",45.54724,-73.6287,20296265
"886",45.54727,-73.62881,20296265
"887",45.54732,-73.62892,20296265
"888",45.54729,-73.62908,463875423
"889",45.54733,-73.62921,20296267
"890",45.54737,-73.62932,463875423
"891",45.5474,-73.62945,20296267
"892",45.54744,-73.62956,463875423
"893",45.54748,-73.62968,20296267
"894",45.54751,-73.62979,463875423
"895",45.54755,-73.6299,20296267
"896",45.54759,-73.63001,463875423
"897",45.54762,-73.63012,20296267
"898",45.54765,-73.63021,463875423
"899",45.54767,-73.6303,20296267
"900",45.5477,-73.63037,463875423
"901",45.54772,-73.63043,20296267
"902",45.54773,-73.63047,463875423
"903",45.54774,-73.63049,20296267
"904",45.54774,-73.6305,20296267
"905",45.54774,-73.63051,20296267
"906",45.54774,-73.63051,20296267
"907",45.54774,-73.63051,20296267
"908",45.54774,-73.63051,20296267
"909",45.54774,-73.63051,20296267
"910",45.54774,-73.63051,20296267
"911",45.54774,-73.63051,20296267
"912",45.54774,-73.63052,463875423
"913",45.54777,-73.63057,20296267
"914",45.54779,-73.63068,463875423
"915",45.54784,-73.63078,20296267
"916",45.54788,-73.6309,463875423
"917",45.54792,-73.63103,455662433
"918",45.54797,-73.63116,463875423
"919",45.54799,-73.63131,455662433
"920",45.54803,-73.63145,463875423
"921",45.54808,-73.63158,455662433
"922",45.54812,-73.63172,463875423
"923",45.54816,-73.63186,455662433
"924",45.5482,-73.63199,463875423
"925",45.54825,-73.63213,455662433
"926",45.5483,-73.63226,463875423
"927",45.54835,-73.63239,455662433
"928",45.54839,-73.63253,460016953
"929",45.54843,-73.63266,460016953
"930",45.54847,-73.63281,460016953
"931",45.54851,-73.63298,460016953
"932",45.54857,-73.63314,460016954
"933",45.54862,-73.6333,460016954
"934",45.54867,-73.63346,460016954
"935",45.54873,-73.63361,460016954
"936",45.54875,-73.63378,460016954
"937",45.54879,-73.63393,460016954
"938",45.54883,-73.63405,460016954
"939",45.54887,-73.63415,460016954
"940",45.5489,-73.63424,460016954
"941",45.54892,-73.63432,460016954
"942",45.54895,-73.63436,460016954
"943",45.54898,-73.63439,451862142
"944",45.54902,-73.6344,451862138
"945",45.54906,-73.6344,451862142
"946",45.5491,-73.63438,451862142
"947",45.54913,-73.63433,451862142
"948",45.54916,-73.63426,451862142
"949",45.54925,-73.63409,462744537
"950",45.5493,-73.63398,463876777
"951",45.54935,-73.63387,463876777
"952",45.54941,-73.63375,463876777
"953",45.54948,-73.63361,463876777
"954",45.54954,-73.63345,20296284
"955",45.54961,-73.6333,20296284
"956",45.54967,-73.63314,20296284
"957",45.54973,-73.63296,20296284
"958",45.54979,-73.63277,20296284
"959",45.54984,-73.63258,20296284
"960",45.54989,-73.63237,164060509
"961",45.5499,-73.63215,164060509
"962",45.54994,-73.63194,164060509
"963",45.54997,-73.63175,164060509
"964",45.55001,-73.63156,164060509
"965",45.55004,-73.63137,164060509
"966",45.55006,-73.63118,164060509
"967",45.5501,-73.63099,164060509
"968",45.55013,-73.6308,164060509
"969",45.55016,-73.63061,164060509
"970",45.5502,-73.63043,164060509
"971",45.55025,-73.63023,26134849
"972",45.55032,-73.63005,26134849
"973",45.55038,-73.62985,26134849
"974",45.55043,-73.62968,26134849
"975",45.55049,-73.62952,26134849
"976",45.55054,-73.62937,26134849
"977",45.55059,-73.62923,26134849
"978",45.55064,-73.62909,26134849
"979",45.5507,-73.62895,26134849
"980",45.55076,-73.6288,26134849
"981",45.55082,-73.62866,26134849
"982",45.55089,-73.6285,26134849
"983",45.55097,-73.62834,26134849
"984",45.55104,-73.62817,26134849
"985",45.55112,-73.62799,26134849
"986",45.5512,-73.62781,26134849
"987",45.55129,-73.62763,26134849
"988",45.55139,-73.62746,26134849
"989",45.55149,-73.62729,26134849
"990",45.55159,-73.62712,26134849
"991",45.5517,-73.62694,26134849
"992",45.5518,-73.62675,26134849
"993",45.55191,-73.62658,26134849
"994",45.55203,-73.62641,26134849
"995",45.55212,-73.62621,26134849
"996",45.55222,-73.62601,26134849
"997",45.55234,-73.62583,26134849
"998",45.55244,-73.62563,26134849
"999",45.55255,-73.62545,26134849
"1000",45.55267,-73.62527,26134849
"1001",45.55275,-73.62506,26134849
"1002",45.55285,-73.62486,26134849
"1003",45.55295,-73.62466,26134849
"1004",45.55306,-73.62447,26134849
"1005",45.55318,-73.62428,26134849
"1006",45.55328,-73.62406,26134849
"1007",45.55341,-73.62386,26134849
"1008",45.55351,-73.62364,26134849
"1009",45.55364,-73.62344,26134849
"1010",45.55374,-73.62323,26134849
"1011",45.55386,-73.62301,26134849
"1012",45.55396,-73.6228,26134849
"1013",45.55409,-73.6226,26134849
"1014",45.55419,-73.62238,26134849
"1015",45.55429,-73.62215,26134849
"1016",45.55436,-73.62193,26134849
"1017",45.55446,-73.62171,26134849
"1018",45.55453,-73.62148,26134849
"1019",45.55462,-73.62128,26134849
"1020",45.55472,-73.62109,26134849
"1021",45.55481,-73.62088,26134849
"1022",45.55488,-73.62066,26134849
"1023",45.55498,-73.62046,26134849
"1024",45.55508,-73.62026,26134849
"1025",45.55516,-73.62006,26134849
"1026",45.55525,-73.61987,26134849
"1027",45.55533,-73.61968,26134849
"1028",45.5554,-73.61948,26134849
"1029",45.55547,-73.61927,26134849
"1030",45.55557,-73.61907,26134849
"1031",45.55566,-73.61885,26134849
"1032",45.55575,-73.61864,26134849
"1033",45.55583,-73.61842,26134849
"1034",45.5559,-73.6182,26134849
"1035",45.556,-73.61799,26134849
"1036",45.5561,-73.61778,26134849
"1037",45.5562,-73.61757,26134849
"1038",45.55628,-73.61734,26134849
"1039",45.55637,-73.61712,26134849
"1040",45.55647,-73.61689,26134849
"1041",45.55658,-73.61666,26134849
"1042",45.55667,-73.61641,26134849
"1043",45.55677,-73.61618,26134849
"1044",45.55687,-73.61595,26134849
"1045",45.55697,-73.61573,26134849
"1046",45.55708,-73.6155,26134849
"1047",45.55717,-73.61527,26134849
"1048",45.55724,-73.61502,26134849
"1049",45.55734,-73.61478,26134849
"1050",45.55744,-73.61455,26134849
"1051",45.55754,-73.61432,26134849
"1052",45.55763,-73.61409,26134849
"1053",45.55774,-73.61388,26134849
"1054",45.55782,-73.61363,26134849
"1055",45.55792,-73.61342,26134849
"1056",45.55801,-73.61319,26134849
"1057",45.5581,-73.61297,26134849
"1058",45.55818,-73.61274,26134849
"1059",45.55828,-73.61252,26134849
"1060",45.55838,-73.6123,26134849
"1061",45.55847,-73.61208,26134849
"1062",45.55855,-73.61185,26134849
"1063",45.55864,-73.61164,26134849
"1064",45.55872,-73.61141,26134849
"1065",45.55882,-73.6112,26134849
"1066",45.55891,-73.61098,26134849
"1067",45.55901,-73.6108,26134849
"1068",45.5592,-73.61042,26134849
"1069",45.55931,-73.61023,26134849
"1070",45.55943,-73.61005,163936795
"1071",45.55953,-73.60984,163936795
"1072",45.55966,-73.60966,163936795
"1073",45.55979,-73.60949,163936795
"1074",45.55992,-73.60931,163936795
"1075",45.56005,-73.60914,163936795
"1076",45.56018,-73.60895,163936795
"1077",45.56031,-73.60876,163936795
"1078",45.56045,-73.6086,163936795
"1079",45.5606,-73.60845,163936795
"1080",45.56074,-73.6083,163936795
"1081",45.56089,-73.60816,163936795
"1082",45.561,-73.60798,163936795
"1083",45.56114,-73.60783,163936795
"1084",45.56129,-73.60768,164060508
"1085",45.56145,-73.60755,164060508
"1086",45.56161,-73.60741,743346204
"1087",45.56175,-73.60726,743346204
"1088",45.5619,-73.60711,743346204
"1089",45.56205,-73.60698,743346204
"1090",45.56222,-73.60685,743346204
"1091",45.56236,-73.60672,743346204
"1092",45.56251,-73.60658,743346204
"1093",45.56264,-73.60643,743346204
"1094",45.56279,-73.60632,743346204
"1095",45.56295,-73.60621,743346204
"1096",45.56309,-73.60608,743346204
"1097",45.56324,-73.60596,743346204
"1098",45.56338,-73.60585,743346204
"1099",45.56353,-73.60573,743346204
"1100",45.56368,-73.60559,743346204
"1101",45.56381,-73.60545,743346204
"1102",45.56395,-73.60532,743346204
"1103",45.56409,-73.60519,743346204
"1104",45.56425,-73.60507,743346204
"1105",45.56439,-73.60495,743346204
"1106",45.56455,-73.60485,743346204
"1107",45.56469,-73.60473,743346204
"1108",45.56482,-73.60458,743346204
"1109",45.56496,-73.60445,743346204
"1110",45.5651,-73.60433,743346204
"1111",45.56524,-73.6042,743346204
"1112",45.56538,-73.60407,743346204
"1113",45.56553,-73.60395,743346204
"1114",45.56567,-73.60383,743346204
"1115",45.56581,-73.60369,743346204
"1116",45.56597,-73.60358,743346204
"1117",45.56612,-73.60347,743346204
"1118",45.56627,-73.60335,743346204
"1119",45.56641,-73.60322,743346204
"1120",45.56655,-73.6031,743346204
"1121",45.56669,-73.60297,743346204
"1122",45.56684,-73.60284,743346204
"1123",45.56698,-73.60269,743346204
"1124",45.56713,-73.6026,743346204
"1125",45.56728,-73.60249,743346204
"1126",45.56742,-73.60237,743346204
"1127",45.56755,-73.60223,743346204
"1128",45.56771,-73.60212,743346204
"1129",45.56785,-73.60196,743346204
"1130",45.56801,-73.60183,743346204
"1131",45.56816,-73.60168,743346204
"1132",45.56832,-73.60153,743346204
"1133",45.56847,-73.60138,743346204
"1134",45.56863,-73.60125,743346204
"1135",45.5688,-73.60114,743346204
"1136",45.56895,-73.60103,743346204
"1137",45.56909,-73.60087,743346204
"1138",45.56923,-73.60074,743346204
"1139",45.56938,-73.60062,743346204
"1140",45.56952,-73.60048,743346204
"1141",45.56966,-73.60034,743346204
"1142",45.56981,-73.60022,743346204
"1143",45.56994,-73.60007,743346204
"1144",45.57009,-73.59994,743346204
"1145",45.57024,-73.59981,404755526
"1146",45.57036,-73.59966,404755526
"1147",45.57068,-73.59937,495230176
"1148",45.57082,-73.59925,495230176
"1149",45.57095,-73.59912,495230176
"1150",45.5711,-73.59901,495230176
"1151",45.57124,-73.59886,495230176
"1152",45.57139,-73.59875,495230176
"1153",45.57153,-73.59862,495230176
"1154",45.57167,-73.59849,495230176
"1155",45.57182,-73.59835,37636654
"1156",45.57198,-73.59822,37636654
"1157",45.57213,-73.59807,37636654
"1158",45.57229,-73.59793,37636654
"1159",45.57244,-73.59778,37636654
"1160",45.5726,-73.59766,37636654
"1161",45.57276,-73.59751,37636654
"1162",45.57292,-73.59737,37636654
"1163",45.57307,-73.5972,37636654
"1164",45.57322,-73.59705,37636654
"1165",45.57339,-73.59693,37636654
"1166",45.57354,-73.59681,37636654
"1167",45.57369,-73.59668,37636654
"1168",45.57385,-73.59655,37636654
"1169",45.574,-73.59641,37636654
"1170",45.57413,-73.59625,37636654
"1171",45.57427,-73.5961,37636654
"1172",45.57441,-73.59594,37636654
"1173",45.57456,-73.59579,37636654
"1174",45.57472,-73.59564,22910467
"1175",45.57487,-73.59548,22910467
"1176",45.57503,-73.59535,22910467
"1177",45.57519,-73.5952,22910467
"1178",45.57534,-73.59504,22910467
"1179",45.57551,-73.59492,22910467
"1180",45.57568,-73.59477,22910467
"1181",45.57584,-73.59459,22910467
"1182",45.57603,-73.59446,22910467
"1183",45.57621,-73.59431,22910467
"1184",45.5764,-73.59416,22910467
"1185",45.57658,-73.59401,22910467
"1186",45.57678,-73.59386,22910467
"1187",45.57695,-73.59369,22910467
"1188",45.57714,-73.59353,22910467
"1189",45.57731,-73.59335,22910467
"1190",45.57749,-73.5932,22910467
"1191",45.57765,-73.59303,22910467
"1192",45.57784,-73.59291,22910467
"1193",45.57802,-73.59275,22910467
"1194",45.5782,-73.5926,22910467
"1195",45.57835,-73.59244,22910467
"1196",45.5785,-73.59228,22910467
"1197",45.57865,-73.59213,22910467
"1198",45.57881,-73.59197,22910467
"1199",45.57899,-73.59183,22910467
"1200",45.57917,-73.59169,22910467
"1201",45.57935,-73.59154,22910467
"1202",45.57953,-73.59136,22910467
"1203",45.57972,-73.5912,22910467
"1204",45.57992,-73.59102,22910467
"1205",45.58012,-73.59086,22910467
"1206",45.58031,-73.59069,22910467
"1207",45.58049,-73.59053,22910467
"1208",45.58067,-73.59036,22910467
"1209",45.58085,-73.59019,22910467
"1210",45.58103,-73.59001,22910467
"1211",45.58122,-73.58986,22910467
"1212",45.58139,-73.5897,22910467
"1213",45.58158,-73.58956,22910467
"1214",45.58176,-73.58941,22910467
"1215",45.58194,-73.58924,22910467
"1216",45.58212,-73.58907,22910467
"1217",45.58231,-73.58891,22910467
"1218",45.5825,-73.58874,22910467
"1219",45.58268,-73.58858,22910467
"1220",45.58286,-73.58841,22910467
"1221",45.58304,-73.58826,22910467
"1222",45.58322,-73.58807,22910467
"1223",45.58338,-73.58788,22910467
"1224",45.58358,-73.58774,22910467
"1225",45.58378,-73.58759,22910467
"1226",45.58397,-73.58741,22910467
"1227",45.58416,-73.58723,22910467
"1228",45.58434,-73.58705,22910467
"1229",45.58453,-73.58689,22910467
"1230",45.58472,-73.58673,22910467
"1231",45.58492,-73.58656,75607164
"1232",45.58511,-73.58637,75607164
"1233",45.58529,-73.58618,75607164
"1234",45.58547,-73.58599,75607164
"1235",45.58567,-73.58585,75607164
"1236",45.58585,-73.58569,75607164
"1237",45.58604,-73.58552,75607164
"1238",45.58622,-73.58536,22909918
"1239",45.58639,-73.58519,22909918
"1240",45.58656,-73.58503,22909918
"1241",45.58673,-73.58489,22909918
"1242",45.58689,-73.58472,22909918
"1243",45.58706,-73.58457,22909918
"1244",45.58724,-73.58445,22909918
"1245",45.5874,-73.58429,22909918
"1246",45.58757,-73.58416,22909918
"1247",45.58772,-73.58401,22909918
"1248",45.58787,-73.58387,22909918
"1249",45.58803,-73.58376,22909918
"1250",45.58819,-73.58363,22909918
"1251",45.58834,-73.58349,22909918
"1252",45.58849,-73.58336,22909918
"1253",45.58864,-73.58322,22909918
"1254",45.58878,-73.58305,22909918
"1255",45.58894,-73.58292,22909918
"1256",45.58909,-73.58275,22909918
"1257",45.58925,-73.58263,22909918
"1258",45.5894,-73.58248,22909918
"1259",45.58955,-73.58234,22909918
"1260",45.5897,-73.58217,22909918
"1261",45.58984,-73.58201,75607165
"1262",45.58999,-73.58188,75607165
"1263",45.59014,-73.58175,75607165
"1264",45.59028,-73.58162,75607165
"1265",45.5904,-73.5815,75607165
"1266",45.59061,-73.5812,75607165
"1267",45.59071,-73.58105,22910467
"1268",45.59081,-73.58089,22910467
"1269",45.59093,-73.58081,22910467
"1270",45.59105,-73.58074,22910467
"1271",45.59116,-73.58066,22910467
"1272",45.59126,-73.58056,22910467
"1273",45.59136,-73.58046,22910467
"1274",45.59147,-73.5804,75608020
"1275",45.59158,-73.5803,75608020
"1276",45.59168,-73.5802,75608020
"1277",45.59179,-73.58011,75608020
"1278",45.59189,-73.58002,75608020
"1279",45.59198,-73.57993,75608020
"1280",45.59208,-73.57983,75608020
"1281",45.59219,-73.57967,75608020
"1282",45.59232,-73.57954,75608020
"1283",45.59244,-73.57937,75608020
"1284",45.59256,-73.57921,75608020
"1285",45.59268,-73.57904,75608020
"1286",45.59282,-73.57889,75608020
"1287",45.59294,-73.57873,75608020
"1288",45.59304,-73.57853,75608020
"1289",45.59314,-73.57834,75608020
"1290",45.59326,-73.57816,75608020
"1291",45.59338,-73.57799,75608020
"1292",45.59349,-73.57781,471507853
"1293",45.59361,-73.57765,471507853
"1294",45.59373,-73.57749,471507853
"1295",45.59385,-73.57732,471507853
"1296",45.59396,-73.57715,471507853
"1297",45.59408,-73.57698,471507853
"1298",45.59419,-73.57681,471507853
"1299",45.59431,-73.57663,471507852
"1300",45.59443,-73.57645,471507852
"1301",45.59454,-73.57626,471507852
"1302",45.59466,-73.57609,471507852
"1303",45.59478,-73.57591,471507852
"1304",45.5949,-73.57573,471507852
"1305",45.59515,-73.57541,37814033
"1306",45.59526,-73.57523,37814033
"1307",45.59536,-73.57505,37814033
"1308",45.59547,-73.57487,37814033
"1309",45.59557,-73.57468,37814033
"1310",45.5957,-73.57451,37814033
"1311",45.59583,-73.57435,37814033
"1312",45.59596,-73.57418,37814033
"1313",45.59607,-73.57399,37814033
"1314",45.5962,-73.57382,37814033
"1315",45.59632,-73.57367,37814033
"1316",45.59645,-73.57353,37814033
"1317",45.59657,-73.57337,37814033
"1318",45.59669,-73.57323,37814033
"1319",45.59679,-73.57307,37814033
"1320",45.59692,-73.57294,37814033
"1321",45.59704,-73.57282,37814033
"1322",45.59719,-73.57267,37814033
"1323",45.59734,-73.57255,22915657
"1324",45.59749,-73.57243,37814033
"1325",45.59763,-73.57229,37814033
"1326",45.59778,-73.57219,37814033
"1327",45.59792,-73.57204,37814033
"1328",45.5981,-73.5719,37814033
"1329",45.59826,-73.57175,37814033
"1330",45.59842,-73.57164,37814033
"1331",45.59859,-73.57148,37814033
"1332",45.59875,-73.57135,37814033
"1333",45.59891,-73.57122,37814033
"1334",45.59905,-73.57106,37814033
"1335",45.5992,-73.57094,37814033
"1336",45.59934,-73.57081,37814033
"1337",45.59948,-73.57071,37814033
"1338",45.5996,-73.57061,37814033
"1339",45.59973,-73.57051,37814033
"1340",45.59984,-73.5704,37814033
"1341",45.59996,-73.5703,37814033
"1342",45.60008,-73.57019,37814033
"1343",45.60018,-73.57008,37814033
"1344",45.60038,-73.56989,46688806
"1345",45.60044,-73.56981,46688806
"1346",45.60049,-73.56974,46688806
"1347",45.6005,-73.56966,46688806
"1348",45.6005,-73.56959,46688806
"1349",45.60048,-73.56951,46688806
"1350",45.60044,-73.56942,46688806
"1351",45.60038,-73.56933,46688806
"1352",45.60031,-73.56924,284463125
"1353",45.60024,-73.56915,284463125
"1354",45.60017,-73.5691,284463125
"1355",45.60008,-73.56903,284463125
"1356",45.6,-73.56897,284463125
"1357",45.59993,-73.56892,284463125
"1358",45.59984,-73.56888,284463125
"1359",45.59975,-73.56888,284463125
"1360",45.59965,-73.56886,284463125
