1,45.504837,-73.55673,376479646
2,45.504833,-73.55673,376479646
3,45.504833,-73.55673,376479646
4,45.504833,-73.55673,376479646
5,45.504837,-73.55673,376479646
6,45.504837,-73.556725,376479646
7,45.50484,-73.556725,376479646
8,45.504845,-73.556725,376479646
9,45.504852,-73.55672,376479646
10,45.50486,-73.55671,376479646
11,45.504868,-73.55671,376479646
12,45.50487,-73.5567,376479646
13,45.50487,-73.5567,376479646
14,45.504875,-73.5567,376479646
15,45.504875,-73.5567,376479646
16,45.50487,-73.5567,376479646
17,45.504868,-73.5567,376479646
18,45.50487,-73.5567,376479646
19,45.504868,-73.55671,376479646
20,45.504864,-73.55671,376479646
21,45.504856,-73.55672,376479646
22,45.504898,-73.55652,4320791
23,45.504883,-73.55646,4320791
24,45.504875,-73.55643,4320791
25,45.504864,-73.5564,4320791
26,45.504856,-73.556366,4320791
27,45.504852,-73.55634,4320791
28,45.504845,-73.55632,4320791
29,45.504837,-73.55629,4320791
30,45.50483,-73.55627,4320791
31,45.50482,-73.55624,4320791
32,45.504814,-73.55621,4320791
33,45.504807,-73.55618,4320791
34,45.5048,-73.556145,4320791
35,45.50479,-73.556114,4320791
36,45.50478,-73.55608,4320791
37,45.504772,-73.55605,4320791
38,45.50477,-73.55603,4320791
39,45.504757,-73.556,4320791
40,45.50475,-73.55597,4320791
41,45.50474,-73.55593,4320791
42,45.50473,-73.55589,4320791
43,45.504723,-73.55587,4320791
44,45.50472,-73.55585,4320791
45,45.504715,-73.55583,4320791
46,45.50471,-73.55582,4320791
47,45.504704,-73.5558,4320791
48,45.5047,-73.55578,4320791
49,45.5047,-73.55577,4320791
50,45.504692,-73.555756,4320791
51,45.504692,-73.555756,4320791
52,45.504692,-73.555756,4320791
53,45.504692,-73.55575,4320791
54,45.504692,-73.555756,4320791
55,45.504692,-73.555756,4320791
56,45.504696,-73.55576,4320791
57,45.504684,-73.55573,4320791
58,45.504684,-73.555725,4320791
59,45.50468,-73.55572,4320791
60,45.504677,-73.555695,4320791
61,45.504673,-73.55569,4320791
62,45.50467,-73.55567,4320791
63,45.50467,-73.555664,4320791
64,45.504665,-73.55565,4320791
65,45.50466,-73.55563,4320791
66,45.504658,-73.55562,4320791
67,45.504654,-73.5556,4320791
68,45.504646,-73.55558,4320791
69,45.50464,-73.55556,4320791
70,45.50463,-73.55552,4320791
71,45.504623,-73.55549,4320791
72,45.504612,-73.55546,4320791
73,45.504604,-73.55543,4320791
74,45.504597,-73.55539,4320791
75,45.504585,-73.55535,4320791
76,45.50458,-73.55533,4320791
77,45.504574,-73.5553,4320791
78,45.504566,-73.55528,4320791
79,45.504562,-73.55526,4320791
80,45.504555,-73.55524,4320791
81,45.50455,-73.555214,4320791
82,45.504543,-73.55519,4320791
83,45.50454,-73.555176,4320791
84,45.50453,-73.55515,4320791
85,45.504528,-73.55513,4320791
86,45.50452,-73.555115,4320791
87,45.504513,-73.555084,4320791
88,45.504505,-73.55505,4320791
89,45.504505,-73.555046,4320791
90,45.504494,-73.55501,4320791
91,45.50449,-73.554985,4320791
92,45.504482,-73.554955,4320791
93,45.50447,-73.554924,4320791
94,45.504467,-73.5549,4320791
95,45.50446,-73.55488,4320791
96,45.504456,-73.554855,4320791
97,45.504448,-73.55483,4320791
98,45.504444,-73.55481,4320791
99,45.504436,-73.55479,4320791
100,45.504425,-73.55475,4320791
101,45.504417,-73.55472,4320791
102,45.504414,-73.5547,4320791
103,45.504406,-73.55467,4320791
104,45.504402,-73.554665,4320791
105,45.504402,-73.55465,4320791
106,45.5044,-73.55464,4320791
107,45.504395,-73.554634,4320791
108,45.50439,-73.55461,4320791
109,45.504383,-73.55458,4320791
110,45.504383,-73.55458,4320791
111,45.50438,-73.554565,4320791
112,45.50437,-73.55454,4320791
113,45.50435,-73.55453,4320787
114,45.50435,-73.55453,4320787
115,45.50435,-73.55453,4320787
116,45.50435,-73.55453,4320787
117,45.504333,-73.55453,4320787
118,45.504208,-73.55458,4320787
119,45.504158,-73.5546,4320787
120,45.504112,-73.55462,4320787
121,45.504074,-73.554634,4320787
122,45.504017,-73.55466,4320787
123,45.50397,-73.55468,4320787
124,45.503937,-73.554695,4320787
125,45.503906,-73.5547,4320787
126,45.50387,-73.55472,4320787
127,45.50382,-73.55474,4320787
128,45.503765,-73.55476,4320787
129,45.50374,-73.55477,4320787
130,45.50369,-73.554794,4320787
131,45.503654,-73.55481,4320787
132,45.50362,-73.554825,4320787
133,45.50359,-73.55483,4320787
134,45.50357,-73.55484,4320787
135,45.50355,-73.55485,4320787
136,45.50352,-73.55486,4320787
137,45.503494,-73.55488,4320787
138,45.503464,-73.55489,4320787
139,45.50343,-73.55492,4320787
140,45.5034,-73.55493,4320787
141,45.503372,-73.55495,4320787
142,45.503357,-73.554955,4320787
143,45.50334,-73.55496,4320787
144,45.503334,-73.55496,4320787
145,45.50331,-73.55498,4320787
146,45.503307,-73.55498,4320787
147,45.503304,-73.55498,4320787
148,45.50325,-73.554855,35943302
149,45.503235,-73.5548,35943302
150,45.503216,-73.55473,35943302
151,45.50319,-73.554634,35943302
152,45.50317,-73.554565,35943302
153,45.50317,-73.55456,35943302
154,45.503166,-73.55456,35943302
155,45.503166,-73.55456,35943302
156,45.503105,-73.55434,35943302
157,45.5031,-73.55431,35943302
158,45.503098,-73.554306,35943302
159,45.503094,-73.5543,35943302
160,45.503094,-73.55429,35943302
161,45.50309,-73.55428,35943302
162,45.503086,-73.55427,35943302
163,45.503082,-73.55425,35943302
164,45.50308,-73.55424,35943302
165,45.50308,-73.55424,35943302
166,45.503075,-73.55423,35943302
167,45.502975,-73.55431,20319599
168,45.502956,-73.55433,20319599
169,45.50293,-73.55435,20319599
170,45.502895,-73.55439,20319599
171,45.502865,-73.55441,399679409
172,45.50283,-73.55444,399679409
173,45.502792,-73.55448,399679409
174,45.502758,-73.55451,399679409
175,45.502716,-73.55455,399679409
176,45.50267,-73.55459,399679409
177,45.50264,-73.55461,399679409
178,45.5026,-73.55465,399679409
179,45.502575,-73.55467,399679409
180,45.502556,-73.554695,399679409
181,45.502537,-73.55471,399679409
182,45.50252,-73.55472,399679409
183,45.50251,-73.55473,399679409
184,45.5025,-73.55474,399679409
185,45.5025,-73.55474,399679409
186,45.502506,-73.55483,39171453
187,45.502525,-73.55486,39171453
188,45.50254,-73.55489,39171453
189,45.50256,-73.55493,399679415
190,45.502583,-73.55498,399679415
191,45.5026,-73.55502,399679415
192,45.5026,-73.55502,399679415
193,45.5026,-73.55502,399679415
194,45.5026,-73.55502,399679415
195,45.5026,-73.55502,399679415
196,45.5026,-73.55502,399679415
197,45.5027,-73.555214,399679415
198,45.5027,-73.55522,399679415
199,45.50271,-73.55523,399679415
200,45.502716,-73.555244,399679415
201,45.502728,-73.55527,399679415
202,45.502735,-73.55528,399679415
203,45.502735,-73.55528,399679415
204,45.502735,-73.55528,399679415
205,45.502735,-73.55528,399679415
206,45.502827,-73.555466,399679414
207,45.502846,-73.555504,399679414
208,45.502872,-73.55555,399679414
209,45.502903,-73.55561,399679414
210,45.50293,-73.55566,399679414
211,45.502953,-73.5557,399679414
212,45.502975,-73.55574,399679414
213,45.503,-73.555786,399679414
214,45.503017,-73.55582,399679414
215,45.503036,-73.555855,399679414
216,45.50306,-73.5559,399679414
217,45.503082,-73.55594,399679414
218,45.503105,-73.555984,399679414
219,45.503136,-73.55604,399679414
220,45.503162,-73.55608,399679414
221,45.503185,-73.55612,399679414
222,45.503212,-73.556175,399679414
223,45.503242,-73.55622,399679414
224,45.50328,-73.55629,399679414
225,45.503307,-73.556335,399679414
226,45.503338,-73.55639,399679414
227,45.503365,-73.55644,399679414
228,45.503395,-73.55649,399679414
229,45.50342,-73.55654,399679414
230,45.503445,-73.55659,399679414
231,45.503468,-73.556625,399679414
232,45.503494,-73.55668,399679414
233,45.50352,-73.556725,399679414
234,45.503548,-73.55678,399679414
235,45.503582,-73.55684,399679414
236,45.503582,-73.55684,399679414
237,45.503582,-73.55684,399679414
238,45.50367,-73.557,399679414
239,45.503696,-73.557045,399679414
240,45.50372,-73.5571,399679414
241,45.503742,-73.55714,399679414
242,45.50376,-73.557175,399679414
243,45.50378,-73.557205,399679414
244,45.503796,-73.557236,399679414
245,45.503803,-73.55725,399679414
246,45.50381,-73.55726,399679414
247,45.503807,-73.55726,399679414
248,45.503807,-73.55726,399679414
249,45.503815,-73.55727,399679414
250,45.503815,-73.55727,399679414
251,45.503815,-73.55727,399679414
252,45.503815,-73.55727,399679414
253,45.503815,-73.55727,399679414
254,45.503815,-73.55727,399679414
255,45.503815,-73.55727,399679414
256,45.503815,-73.55727,399679414
257,45.503815,-73.55727,399679414
258,45.50381,-73.55726,399679414
259,45.50382,-73.557274,399679414
260,45.50383,-73.5573,399679414
261,45.503845,-73.55733,399679414
262,45.503864,-73.55736,399679414
263,45.503887,-73.5574,399679414
264,45.5039,-73.55743,399679414
265,45.503933,-73.557495,399679414
266,45.503952,-73.55755,399679414
267,45.503975,-73.5576,399679414
268,45.503998,-73.55765,399679414
269,45.504017,-73.5577,399679414
270,45.504036,-73.55775,399679414
271,45.50406,-73.55779,399679414
272,45.504078,-73.55784,399679414
273,45.504093,-73.55788,399679414
274,45.50411,-73.557915,399679414
275,45.504124,-73.557945,399679414
276,45.50414,-73.55798,399679414
277,45.50415,-73.558014,399679414
278,45.50416,-73.55804,399679414
279,45.504173,-73.55807,399679414
280,45.504185,-73.5581,399679414
281,45.504192,-73.55811,399679414
282,45.5042,-73.55813,399679414
283,45.504204,-73.558136,399679414
284,45.504204,-73.558136,399679414
285,45.5042,-73.55813,399679414
286,45.5042,-73.55813,399679414
287,45.504196,-73.55812,399679414
288,45.50419,-73.5581,399679414
289,45.504097,-73.5583,4911698
290,45.504078,-73.55831,4911698
291,45.504047,-73.55833,4911698
292,45.504013,-73.55836,4911698
293,45.503983,-73.55838,4911698
294,45.503956,-73.558395,4911698
295,45.50393,-73.55842,4911698
296,45.503895,-73.55844,4911698
297,45.503864,-73.558464,4911698
298,45.50383,-73.55849,4911698
299,45.503807,-73.55851,4911698
300,45.503777,-73.558525,4911698
301,45.503742,-73.558556,4911698
302,45.503704,-73.55858,4911698
303,45.50367,-73.55861,4911698
304,45.503643,-73.558624,4911698
305,45.503613,-73.55865,4911698
306,45.503597,-73.55866,4911698
307,45.503582,-73.55867,4911698
308,45.503567,-73.558685,4911698
309,45.503548,-73.55869,4911698
310,45.503536,-73.55871,4911698
311,45.503517,-73.55872,4911698
312,45.503506,-73.55873,4911698
313,45.50351,-73.55872,4911698
314,45.503506,-73.55873,4911698
315,45.503494,-73.55874,4911698
316,45.50349,-73.55874,4911698
317,45.503483,-73.55875,4911698
318,45.50349,-73.55874,4911698
319,45.50349,-73.55874,4911698
320,45.50349,-73.55874,4911698
321,45.50349,-73.55874,4911698
322,45.50349,-73.55874,4911698
323,45.50349,-73.55874,4911698
324,45.50349,-73.55874,4911698
325,45.50349,-73.55874,4911698
326,45.50349,-73.55874,4911698
327,45.50349,-73.55874,4911698
328,45.50349,-73.55874,4911698
329,45.50349,-73.55874,4911698
330,45.50349,-73.55874,4911698
331,45.50349,-73.55874,4911698
332,45.50349,-73.55874,4911698
333,45.50349,-73.55874,4911698
334,45.50349,-73.55874,4911698
335,45.50349,-73.55874,4911698
336,45.50349,-73.55874,4911698
337,45.50349,-73.55874,4911698
338,45.50349,-73.55874,4911698
339,45.50349,-73.55874,4911698
340,45.50349,-73.55874,4911698
341,45.50349,-73.55874,4911698
342,45.50349,-73.55874,4911698
343,45.50349,-73.55874,4911698
344,45.50349,-73.55874,4911698
345,45.50349,-73.55874,4911698
346,45.50349,-73.55874,4911698
347,45.50349,-73.55874,4911698
348,45.50349,-73.55874,4911698
349,45.50349,-73.55874,4911698
350,45.50349,-73.55874,4911698
351,45.50349,-73.55874,4911698
352,45.50349,-73.55874,4911698
353,45.50349,-73.55874,4911698
354,45.50349,-73.55874,4911698
355,45.50349,-73.55874,4911698
356,45.50349,-73.55874,4911698
357,45.50349,-73.55874,4911698
358,45.50349,-73.55874,4911698
359,45.50349,-73.55874,4911698
360,45.50349,-73.55874,4911698
361,45.50349,-73.55874,4911698
362,45.50349,-73.55874,4911698
363,45.50349,-73.55874,4911698
364,45.50349,-73.55874,4911698
365,45.50349,-73.55874,4911698
366,45.50349,-73.55874,4911698
367,45.50349,-73.55874,4911698
368,45.50349,-73.55874,4911698
369,45.50349,-73.55874,4911698
370,45.50349,-73.55874,4911698
371,45.50349,-73.55874,4911698
372,45.50349,-73.55874,4911698
373,45.50349,-73.55874,4911698
374,45.50349,-73.55874,4911698
375,45.50349,-73.55874,4911698
376,45.50349,-73.55874,4911698
377,45.50349,-73.55874,4911698
378,45.50349,-73.55874,4911698
379,45.50349,-73.55874,4911698
380,45.50349,-73.55874,4911698
381,45.50349,-73.55874,4911698
382,45.50349,-73.55874,4911698
383,45.50349,-73.55874,4911698
384,45.50349,-73.55874,4911698
385,45.50349,-73.55874,4911698
386,45.50349,-73.55874,4911698
387,45.50349,-73.55874,4911698
388,45.50349,-73.55874,4911698
389,45.503494,-73.55874,4911698
390,45.50349,-73.55874,4911698
391,45.50349,-73.55874,4911698
392,45.50349,-73.55874,4911698
393,45.50349,-73.55874,4911698
394,45.50349,-73.55874,4911698
395,45.50349,-73.55874,4911698
396,45.50349,-73.55874,4911698
397,45.50349,-73.55874,4911698
398,45.50349,-73.55874,4911698
399,45.50349,-73.55874,4911698
400,45.50349,-73.55874,4911698
401,45.50349,-73.55874,4911698
402,45.50349,-73.55874,4911698
403,45.50349,-73.55874,4911698
404,45.50349,-73.55874,4911698
405,45.50349,-73.55874,4911698
406,45.50349,-73.55874,4911698
407,45.50349,-73.55874,4911698
408,45.50349,-73.55874,4911698
409,45.50349,-73.55874,4911698
410,45.50349,-73.55874,4911698
411,45.50349,-73.55874,4911698
412,45.50349,-73.55874,4911698
413,45.50349,-73.55874,4911698
414,45.50349,-73.55874,4911698
415,45.50349,-73.55874,4911698
416,45.50349,-73.55874,4911698
417,45.50349,-73.55874,4911698
418,45.50349,-73.55874,4911698
419,45.50349,-73.55874,4911698
420,45.50349,-73.55874,4911698
421,45.50349,-73.55874,4911698
422,45.50349,-73.55874,4911698
423,45.50349,-73.55874,4911698
424,45.50349,-73.55874,4911698
425,45.50349,-73.55874,4911698
426,45.50349,-73.55874,4911698
427,45.50349,-73.55874,4911698
428,45.50349,-73.55874,4911698
429,45.50349,-73.55874,4911698
430,45.50349,-73.55874,4911698
431,45.50349,-73.55874,4911698
432,45.50349,-73.55874,4911698
433,45.50349,-73.55874,4911698
434,45.50349,-73.55874,4911698
435,45.50349,-73.55874,4911698
436,45.50349,-73.55874,4911698
437,45.50349,-73.55874,4911698
438,45.50349,-73.55874,4911698
439,45.50349,-73.55874,4911698
440,45.50349,-73.55874,4911698
441,45.50349,-73.55874,4911698
442,45.50349,-73.55874,4911698
443,45.50349,-73.55874,4911698
444,45.50349,-73.55874,4911698
445,45.50349,-73.55874,4911698
446,45.50349,-73.55874,4911698
447,45.50349,-73.55874,4911698
448,45.50349,-73.55874,4911698
449,45.50349,-73.55874,4911698
450,45.50349,-73.55874,4911698
451,45.50349,-73.55874,4911698
452,45.50349,-73.55874,4911698
453,45.50349,-73.55874,4911698
454,45.50349,-73.55874,4911698
455,45.50349,-73.55874,4911698
456,45.50349,-73.55874,4911698
457,45.50346,-73.55876,4911698
458,45.50346,-73.55876,4911698
459,45.50346,-73.55876,4911698
460,45.503456,-73.55876,4911698
461,45.503456,-73.55876,4911698
462,45.503456,-73.55876,4911698
463,45.503456,-73.55876,4911698
464,45.503456,-73.55876,4911698
465,45.503456,-73.55876,4911698
466,45.503456,-73.55876,4911698
467,45.503456,-73.55876,4911698
468,45.503456,-73.55876,4911698
469,45.503456,-73.55876,4911698
470,45.503456,-73.55876,4911698
471,45.503456,-73.55876,4911698
472,45.50346,-73.55876,4911698
473,45.503456,-73.55876,4911698
474,45.503456,-73.55876,4911698
475,45.503456,-73.55876,4911698
476,45.503456,-73.55876,4911698
477,45.503456,-73.55876,4911698
478,45.503456,-73.55876,4911698
479,45.503456,-73.55876,4911698
480,45.503475,-73.55875,4911698
481,45.503475,-73.558754,4911698
482,45.50347,-73.558754,4911698
483,45.503468,-73.558754,4911698
484,45.503452,-73.55877,4911698
485,45.50341,-73.5588,4911698
486,45.50337,-73.55883,4911698
487,45.50335,-73.558846,4911698
488,45.503353,-73.55884,4911698
489,45.503254,-73.558914,4911698
490,45.503212,-73.558945,4911698
491,45.503174,-73.55897,4911698
492,45.503147,-73.55899,4911698
493,45.503105,-73.55902,4911698
494,45.50308,-73.559044,4911698
495,45.50306,-73.55906,4911698
496,45.50304,-73.55907,4911698
497,45.50303,-73.55908,4911698
498,45.50301,-73.55909,4911698
499,45.50299,-73.559105,4911698
500,45.50298,-73.55911,4911698
501,45.502964,-73.55913,4911698
502,45.502953,-73.559135,4911698
503,45.502937,-73.55914,4911698
504,45.50293,-73.55915,4911698
505,45.502914,-73.559166,4911698
506,45.502907,-73.559166,4911698
507,45.50289,-73.55918,4911698
508,45.50287,-73.5592,4911698
509,45.50285,-73.55921,4911698
510,45.502857,-73.559204,4911698
511,45.502865,-73.5592,4911698
512,45.502865,-73.559204,4911698
513,45.50285,-73.55921,4911698
514,45.50282,-73.559235,4911698
515,45.5028,-73.55925,4911698
516,45.502766,-73.55927,4911698
517,45.50274,-73.55929,4911698
518,45.502632,-73.55924,20319594
519,45.502605,-73.55919,20319594
520,45.502583,-73.55914,20319594
521,45.50256,-73.55909,20319594
522,45.502533,-73.55904,20319594
523,45.502514,-73.55899,20319594
524,45.502502,-73.55897,20319594
525,45.502495,-73.55895,20319594
526,45.502472,-73.55891,20319594
527,45.50246,-73.55888,20319594
528,45.502438,-73.55884,20319594
529,45.502434,-73.55882,20319594
530,45.50243,-73.55882,20319594
531,45.50243,-73.55882,20319594
532,45.502434,-73.55882,20319594
533,45.502434,-73.55882,20319594
534,45.502434,-73.55882,20319594
535,45.502434,-73.55882,20319594
536,45.502434,-73.55882,20319594
537,45.502434,-73.55882,20319594
538,45.502434,-73.55882,20319594
539,45.502434,-73.55882,20319594
540,45.502434,-73.55882,20319594
541,45.502434,-73.55882,20319594
542,45.502434,-73.55882,20319594
543,45.502434,-73.55882,20319594
544,45.502434,-73.55882,20319594
545,45.502434,-73.55882,20319594
546,45.502434,-73.55882,20319594
547,45.502434,-73.55883,20319594
548,45.502434,-73.55883,20319594
549,45.502434,-73.55882,20319594
550,45.502434,-73.55882,20319594
551,45.502434,-73.55882,20319594
552,45.502434,-73.55882,20319594
553,45.502422,-73.5588,20319594
554,45.50242,-73.5588,20319594
555,45.502415,-73.558784,20319594
556,45.502407,-73.55877,20319594
557,45.502396,-73.55875,20319594
558,45.50239,-73.55874,20319594
559,45.502388,-73.55873,20319594
560,45.502384,-73.55872,20319594
561,45.502388,-73.55873,20319594
562,45.50239,-73.55874,20319594
563,45.502388,-73.55873,20319594
564,45.50238,-73.558716,20319594
565,45.502373,-73.5587,20319594
566,45.502357,-73.55866,20319594
567,45.50241,-73.55853,376479646
568,45.502464,-73.55849,376479646
569,45.50253,-73.55845,376479646
570,45.502583,-73.55841,376479646
571,45.50263,-73.55837,376479646
572,45.50268,-73.558334,376479646
573,45.502724,-73.558304,376479646
574,45.502785,-73.55826,376479646
575,45.50283,-73.55823,376479646
576,45.50287,-73.5582,376479646
577,45.502903,-73.558174,376479646
578,45.502956,-73.55813,376479646
579,45.503002,-73.5581,376479646
580,45.503075,-73.558044,376479646
581,45.503155,-73.55798,376479646
582,45.50322,-73.55794,376479646
583,45.50329,-73.55789,376479646
584,45.503353,-73.557846,376479646
585,45.5034,-73.55781,376479646
586,45.50345,-73.55778,376479646
587,45.50349,-73.55774,376479646
588,45.50353,-73.55772,376479646
589,45.50356,-73.55769,376479646
590,45.503582,-73.55768,376479646
591,45.503597,-73.55766,376479646
592,45.503597,-73.55766,376479646
593,45.503597,-73.55766,376479646
594,45.503597,-73.55766,376479646
595,45.503597,-73.55766,376479646
596,45.503597,-73.55766,376479646
597,45.503597,-73.55766,376479646
598,45.503597,-73.55766,376479646
599,45.503597,-73.55766,376479646
600,45.503597,-73.55766,376479646
601,45.503597,-73.55766,376479646
602,45.503597,-73.55766,376479646
603,45.5036,-73.55766,376479646
604,45.503597,-73.55766,376479646
605,45.503597,-73.55766,376479646
606,45.5036,-73.55766,376479646
607,45.503613,-73.557655,376479646
608,45.50364,-73.55763,376479646
609,45.50367,-73.55761,376479646
610,45.5037,-73.55759,376479646
611,45.50373,-73.55756,376479646
612,45.503765,-73.55754,376479646
613,45.503796,-73.55752,376479646
614,45.503822,-73.557495,376479646
615,45.50385,-73.55748,376479646
616,45.503857,-73.55747,376479646
617,45.503937,-73.55751,399679414
618,45.503963,-73.55757,399679414
619,45.50399,-73.55763,399679414
620,45.504017,-73.5577,399679414
621,45.504044,-73.55776,399679414
622,45.504066,-73.557816,399679414
623,45.504093,-73.55788,399679414
624,45.504112,-73.55792,399679414
625,45.50413,-73.55796,399679414
626,45.504147,-73.55801,399679414
627,45.50416,-73.55804,399679414
628,45.504166,-73.558044,399679414
629,45.504166,-73.558044,399679414
630,45.504166,-73.55805,399679414
631,45.504166,-73.55805,399679414
632,45.504166,-73.55805,399679414
633,45.504166,-73.55805,399679414
634,45.504166,-73.55805,399679414
635,45.504166,-73.55805,399679414
636,45.504166,-73.55805,399679414
637,45.504166,-73.55805,399679414
638,45.504166,-73.55805,399679414
639,45.504166,-73.55805,399679414
640,45.504166,-73.55805,399679414
641,45.504166,-73.55805,399679414
642,45.504166,-73.55805,399679414
643,45.504166,-73.55805,399679414
644,45.504166,-73.55805,399679414
645,45.504166,-73.55805,399679414
646,45.504166,-73.55805,399679414
647,45.504166,-73.55805,399679414
648,45.504166,-73.55805,399679414
649,45.504166,-73.55805,399679414
650,45.504166,-73.55805,399679414
651,45.504166,-73.55805,399679414
652,45.504166,-73.55805,399679414
653,45.504166,-73.55805,399679414
654,45.504166,-73.55805,399679414
655,45.504166,-73.55805,399679414
656,45.50416,-73.55804,399679414
657,45.50417,-73.55806,399679414
658,45.504185,-73.55809,399679414
659,45.504204,-73.558136,399679414
660,45.504223,-73.55818,399679414
661,45.50423,-73.5582,399679414
662,45.50423,-73.5582,399679414
663,45.504284,-73.55833,399679414
664,45.504314,-73.558395,399679414
665,45.50434,-73.558464,399679414
666,45.50437,-73.55853,399679414
667,45.5044,-73.5586,399679414
668,45.50442,-73.558655,399679414
669,45.504448,-73.558716,399679414
670,45.50447,-73.55877,399679414
671,45.50449,-73.558815,399679414
672,45.504513,-73.55886,399679414
673,45.504528,-73.5589,399679414
674,45.50454,-73.55893,399679414
675,45.50455,-73.55895,399679414
676,45.504555,-73.55897,399679414
677,45.50456,-73.558975,399679414
678,45.50456,-73.558975,399679414
679,45.50456,-73.558975,399679414
680,45.50456,-73.558975,399679414
681,45.50456,-73.558975,399679414
682,45.50456,-73.558975,399679414
683,45.50456,-73.558975,399679414
684,45.50456,-73.558975,399679414
685,45.50456,-73.558975,399679414
686,45.50456,-73.558975,399679414
687,45.50456,-73.558975,399679414
688,45.50456,-73.558975,399679414
689,45.50456,-73.558975,399679414
690,45.50456,-73.558975,399679414
691,45.50456,-73.558975,399679414
692,45.50456,-73.558975,399679414
693,45.50456,-73.558975,399679414
694,45.50456,-73.558975,399679414
695,45.50456,-73.558975,399679414
696,45.50456,-73.558975,399679414
697,45.50456,-73.558975,399679414
698,45.50456,-73.558975,399679414
699,45.50456,-73.558975,399679414
700,45.50456,-73.558975,399679414
701,45.50456,-73.558975,399679414
702,45.50456,-73.558975,399679414
703,45.50456,-73.558975,399679414
704,45.50456,-73.558975,399679414
705,45.50456,-73.558975,399679414
706,45.50456,-73.558975,399679414
707,45.50456,-73.558975,399679414
708,45.50456,-73.558975,399679414
709,45.50456,-73.558975,399679414
710,45.50456,-73.558975,399679414
711,45.50456,-73.558975,399679414
712,45.50456,-73.558975,399679414
713,45.50456,-73.55897,399679414
714,45.50456,-73.55897,399679414
715,45.50456,-73.55897,399679414
716,45.50456,-73.55897,399679414
717,45.50456,-73.55897,399679414
718,45.50456,-73.55897,399679414
719,45.50456,-73.558975,399679414
720,45.50456,-73.558975,399679414
721,45.50456,-73.558975,399679414
722,45.50456,-73.558975,399679414
723,45.50456,-73.558975,399679414
724,45.50456,-73.558975,399679414
725,45.50456,-73.558975,399679414
726,45.504574,-73.559006,399679414
727,45.504578,-73.55901,399679414
728,45.504585,-73.55904,399679414
729,45.504597,-73.55907,399679414
730,45.504612,-73.5591,399679414
731,45.50464,-73.55912,274693142
732,45.50464,-73.55912,274693142
733,45.504692,-73.559074,274693142
734,45.504726,-73.559044,274693142
735,45.504765,-73.55901,274693142
736,45.504807,-73.558975,274693142
737,45.50486,-73.55894,274693142
738,45.5049,-73.5589,274693142
739,45.50495,-73.55886,274693142
740,45.50499,-73.55882,274693142
741,45.505024,-73.5588,274693142
742,45.505054,-73.55877,274693142
743,45.505116,-73.558716,274693142
744,45.505146,-73.55869,274693142
745,45.50518,-73.55866,274693142
746,45.50521,-73.55864,274693142
747,45.505245,-73.55861,274693142
748,45.505276,-73.558586,274693142
749,45.5053,-73.55856,274693142
750,45.505318,-73.55855,274693142
751,45.505325,-73.55854,274693142
752,45.50533,-73.55854,274693142
753,45.50533,-73.55854,274693142
754,45.50533,-73.55854,274693142
755,45.50533,-73.55854,274693142
756,45.50533,-73.55854,274693142
757,45.50533,-73.55854,274693142
758,45.50533,-73.55854,274693142
759,45.505333,-73.55854,274693142
760,45.505333,-73.55854,274693142
761,45.505325,-73.55854,274693142
762,45.505337,-73.55853,274693142
763,45.505363,-73.55851,274693142
764,45.505398,-73.55848,274693142
765,45.505436,-73.55845,274693142
766,45.50548,-73.55841,274693142
767,45.505543,-73.55836,274693142
768,45.505608,-73.558304,274693142
769,45.505676,-73.55824,274693142
770,45.505756,-73.55818,274693142
771,45.505833,-73.55812,274693142
772,45.5059,-73.55807,274693142
773,45.505985,-73.55799,274693142
774,45.506054,-73.55794,274693142
775,45.506123,-73.557884,274693142
776,45.506184,-73.55783,274693142
777,45.50624,-73.557785,274693142
778,45.50629,-73.55775,274693142
779,45.50634,-73.55771,274693142
780,45.506374,-73.55768,274693142
781,45.506413,-73.55765,274693142
782,45.50644,-73.557625,274693142
783,45.506477,-73.557594,274693142
784,45.50649,-73.55759,274693142
785,45.50651,-73.55757,274693142
786,45.506527,-73.557556,274693142
787,45.506542,-73.55754,274693142
788,45.506565,-73.557526,274693142
789,45.506588,-73.5575,274693142
790,45.50661,-73.55749,274693142
791,45.50662,-73.55748,274693142
792,45.50663,-73.55747,274693142
793,45.50663,-73.55747,274693142
794,45.50663,-73.55747,274693142
795,45.50663,-73.55747,274693142
796,45.50663,-73.55747,274693142
797,45.50663,-73.55747,274693142
798,45.50663,-73.55747,274693142
799,45.50663,-73.55747,274693142
800,45.50663,-73.55747,274693142
801,45.50663,-73.55747,274693142
802,45.50665,-73.55746,274693142
803,45.50665,-73.55746,274693142
804,45.506657,-73.55745,274693142
805,45.506664,-73.55744,274693142
806,45.506668,-73.55744,274693142
807,45.506668,-73.55744,274693142
808,45.506668,-73.55744,274693142
809,45.50667,-73.557434,274693142
810,45.506676,-73.557434,274693142
811,45.50668,-73.557434,274693142
812,45.506683,-73.55743,274693142
813,45.50669,-73.55742,274693142
814,45.506706,-73.55741,274693142
815,45.506737,-73.55738,274693142
816,45.50677,-73.55736,274693142
817,45.506813,-73.55732,274693142
818,45.506863,-73.55728,274693142
819,45.50692,-73.557236,165325229
820,45.50699,-73.55719,165325229
821,45.507057,-73.55714,165325229
822,45.507126,-73.55708,165325229
823,45.507206,-73.55702,165325229
824,45.507282,-73.55697,165325229
825,45.507362,-73.55691,165325229
826,45.507458,-73.55684,165325229
827,45.507534,-73.55678,165325229
828,45.50763,-73.55671,165325229
829,45.507713,-73.55664,165325229
830,45.507805,-73.55659,165325229
831,45.507896,-73.55652,165325229
832,45.507988,-73.55646,165325229
833,45.508064,-73.556404,165325229
834,45.50816,-73.556335,165325229
835,45.50823,-73.5563,34286991
836,45.508327,-73.55626,34286991
837,45.508415,-73.55623,34286991
838,45.508495,-73.5562,34286991
839,45.50858,-73.55617,34286991
840,45.50866,-73.556175,34286991
841,45.508717,-73.5562,34286991
842,45.5088,-73.55624,34286991
843,45.508854,-73.55629,34286991
844,45.50891,-73.55637,34286991
845,45.50895,-73.55645,34287039
846,45.508987,-73.55653,34287039
847,45.509033,-73.55663,34287039
848,45.509075,-73.556725,34287039
849,45.509113,-73.556816,34287039
850,45.50916,-73.556915,34287039
851,45.509174,-73.55698,34287041
852,45.50917,-73.55706,34287041
853,45.509144,-73.55716,34287041
854,45.509106,-73.55721,34287041
855,45.50904,-73.557274,34287041
856,45.508957,-73.55733,34287041
857,45.508884,-73.55737,34287041
858,45.508785,-73.557434,34287041
859,45.50869,-73.55749,34287041
860,45.5086,-73.55755,34287041
861,45.50849,-73.55761,34287041
862,45.508404,-73.55768,34287041
863,45.508297,-73.55776,34287041
864,45.50822,-73.55782,34287041
865,45.50811,-73.5579,34287041
866,45.508007,-73.557976,34287041
867,45.50792,-73.558044,34287041
868,45.507824,-73.55812,34287041
869,45.507725,-73.5582,356979511
870,45.50764,-73.55825,356979511
871,45.507534,-73.55832,356979511
872,45.507397,-73.55841,356979511
873,45.507324,-73.55846,356979511
874,45.507202,-73.55853,356979511
875,45.507088,-73.55861,356979511
876,45.50697,-73.55869,548252184
877,45.50683,-73.558815,548252184
878,45.50674,-73.55888,548252184
879,45.50662,-73.55899,548252184
880,45.506496,-73.55909,548252184
881,45.506382,-73.55919,548252184
882,45.506252,-73.559296,19652361
883,45.506134,-73.5594,19652361
884,45.50601,-73.55951,19652361
885,45.505863,-73.55963,19652361
886,45.505737,-73.55974,19652361
887,45.505596,-73.55986,19652361
888,45.50546,-73.559975,19652361
889,45.50534,-73.560074,19652361
890,45.505188,-73.56021,19652361
891,45.505077,-73.5603,19652361
892,45.50497,-73.560394,19652361
893,45.50486,-73.56049,19652361
894,45.50478,-73.56056,19652361
895,45.504707,-73.560616,19652361
896,45.504646,-73.56067,19652361
897,45.504616,-73.5607,19652361
898,45.504593,-73.560715,19652361
899,45.504585,-73.56072,19652361
900,45.50455,-73.56075,19652361
901,45.504536,-73.56077,19652361
902,45.504536,-73.56077,19652361
903,45.504528,-73.560776,19652361
904,45.504456,-73.56084,19652361
905,45.504383,-73.5609,19652361
906,45.50433,-73.56094,19652361
907,45.50424,-73.56102,19652361
908,45.50413,-73.56111,19652361
909,45.50402,-73.56121,19652361
910,45.50393,-73.56129,19652361
911,45.503838,-73.56136,19652361
912,45.503757,-73.56143,19652361
913,45.503693,-73.561485,19652361
914,45.50365,-73.56152,19652361
915,45.503597,-73.56157,19652361
916,45.503277,-73.561844,19652361
917,45.503296,-73.56183,19652361
918,45.503273,-73.561844,19652361
919,45.503273,-73.561844,19652361
920,45.503273,-73.561844,19652361
921,45.5033,-73.56183,19652361
922,45.503284,-73.56184,19652361
923,45.50326,-73.56186,19652361
924,45.50326,-73.56186,19652361
925,45.503254,-73.56187,19652361
926,45.503117,-73.56198,19652361
927,45.50262,-73.56241,19652361
928,45.492294,-73.57356,399681575
929,45.492115,-73.57379,399681575
930,45.491966,-73.57398,399681575
931,45.491867,-73.574104,399681575
932,45.491768,-73.57423,399681575
933,45.491646,-73.57439,399681575
934,45.49153,-73.57453,399681575
935,45.491455,-73.57463,399681575
936,45.49137,-73.57473,399681575
937,45.49128,-73.57485,399681575
938,45.4912,-73.57495,399681575
939,45.490948,-73.57527,399681575
940,45.490917,-73.57531,399681575
941,45.491035,-73.57516,399681575
942,45.490963,-73.57525,399681575
943,45.490902,-73.575325,399681575
944,45.49086,-73.57538,399681575
945,45.490814,-73.57544,399681575
946,45.490726,-73.575554,399681575
947,45.49067,-73.57562,399681575
948,45.4906,-73.57571,399681575
949,45.4904,-73.575966,399681575
950,45.490284,-73.5761,399681575
951,45.49022,-73.57619,399681575
952,45.490158,-73.57626,399681575
953,45.4901,-73.57633,399681575
954,45.490013,-73.57644,399681575
955,45.490013,-73.57644,399681575
956,45.48996,-73.57651,399681575
957,45.489933,-73.57654,399681575
958,45.489876,-73.576614,399681575
959,45.489845,-73.576645,399681575
960,45.489788,-73.57672,399681575
961,45.489407,-73.576225,463676555
962,45.48936,-73.57629,463676555
963,45.489315,-73.57635,463676555
964,45.48927,-73.57641,463676555
965,45.489223,-73.576454,463676555
966,45.489185,-73.57649,463676555
967,45.48915,-73.57653,463676555
968,45.489124,-73.57656,463676555
969,45.489113,-73.57658,463676555
970,45.489105,-73.576584,463676555
971,45.489098,-73.57659,463676555
972,45.489098,-73.57659,463676555
973,45.4891,-73.576584,463676555
974,45.4891,-73.576584,463676555
975,45.4891,-73.576584,463676555
976,45.489105,-73.576584,463676555
977,45.4891,-73.57659,463676555
978,45.489086,-73.5766,463676555
979,45.489067,-73.57662,463676555
980,45.489048,-73.576645,463676555
981,45.489048,-73.576645,463676555
982,45.489048,-73.576645,463676555
983,45.489048,-73.576645,463676555
984,45.489048,-73.576645,463676555
985,45.488697,-73.576775,104456616
986,45.488674,-73.576744,104456616
987,45.48866,-73.57672,104456616
988,45.488678,-73.57675,104456616
989,45.488647,-73.57671,104456616
990,45.488605,-73.57666,104456616
991,45.48857,-73.57661,104456616
992,45.488544,-73.57656,104456616
993,45.488506,-73.57651,104456616
994,45.488476,-73.576454,104456616
995,45.48843,-73.57634,104456616
996,45.488407,-73.57625,104456616
997,45.48836,-73.576164,454188456
998,45.48831,-73.57608,463677230
999,45.488277,-73.57603,463677230
1000,45.488247,-73.57597,463677230
1001,45.488224,-73.57594,463677230
1002,45.488213,-73.57592,463677230
1003,45.488197,-73.5759,463677230
1004,45.48818,-73.57587,463677230
1005,45.48817,-73.57585,463677230
1006,45.48819,-73.57571,20112427
1007,45.488216,-73.575676,20112427
1008,45.48824,-73.57566,20112427
1009,45.488274,-73.57562,20112427
1010,45.488316,-73.575584,20112427
1011,45.488342,-73.57556,20112427
1012,45.488384,-73.575516,20112427
1013,45.48842,-73.575485,20112427
1014,45.48845,-73.575455,20112427
1015,45.48849,-73.57542,20112427
1016,45.488525,-73.575386,20112427
1017,45.488552,-73.575356,20112427
1018,45.488575,-73.57534,20112427
1019,45.488583,-73.57533,20112427
1020,45.488586,-73.575325,20112427
1021,45.488594,-73.57532,20112427
1022,45.488598,-73.57532,20112427
1023,45.4886,-73.57531,20112427
1024,45.4887,-73.57531,20112427
1025,45.48872,-73.57535,20112427
1026,45.48874,-73.575386,20112427
1027,45.488758,-73.57542,20112427
1028,45.488785,-73.5754,20112442
1029,45.488808,-73.57538,20112442
1030,45.488842,-73.57535,20112442
1031,45.48888,-73.57532,20112442
1032,45.488903,-73.575294,20112442
1033,45.488937,-73.57526,20112442
1034,45.488983,-73.57522,20112442
1035,45.48903,-73.57517,20112442
1036,45.489067,-73.575134,20112442
1037,45.489105,-73.5751,20112442
1038,45.48915,-73.57506,20112442
1039,45.48919,-73.57502,20112442
1040,45.489227,-73.57499,20112442
1041,45.48926,-73.57495,20112442
1042,45.489304,-73.57491,20112442
1043,45.489323,-73.57489,20112442
1044,45.48937,-73.57485,20112442
1045,45.489407,-73.574814,20112442
1046,45.48943,-73.57479,20112442
1047,45.48943,-73.57479,20112442
1048,45.48943,-73.57479,20112442
1049,45.48943,-73.57479,20112442
1050,45.48957,-73.57466,20112442
1051,45.489605,-73.57463,20112442
1052,45.48963,-73.5746,20112442
1053,45.489666,-73.57457,20112442
1054,45.489697,-73.57454,20112442
1055,45.489716,-73.574524,20112442
1056,45.489735,-73.5745,20112442
1057,45.489758,-73.574486,20112442
1058,45.489765,-73.57447,20112442
1059,45.489773,-73.57446,20112442
1060,45.489777,-73.57446,20112442
1061,45.489777,-73.57446,20112442
1062,45.489773,-73.57446,20112442
1063,45.489773,-73.57446,20112442
1064,45.489777,-73.57446,20112442
1065,45.489777,-73.57446,20112442
1066,45.489777,-73.57446,20112442
1067,45.489777,-73.57446,20112442
1068,45.489777,-73.57446,20112442
1069,45.489777,-73.57446,20112442
1070,45.489777,-73.57446,20112442
1071,45.489777,-73.57446,20112442
1072,45.489777,-73.57446,20112442
1073,45.489777,-73.57446,20112442
1074,45.489777,-73.57446,20112442
1075,45.489777,-73.57446,20112442
1076,45.489777,-73.57446,20112442
1077,45.489777,-73.57446,20112442
1078,45.489777,-73.57446,20112442
1079,45.489777,-73.57446,20112442
1080,45.489777,-73.57446,20112442
1081,45.489777,-73.57446,20112442
1082,45.489777,-73.57446,20112442
1083,45.489777,-73.57446,20112442
1084,45.489777,-73.57446,20112442
1085,45.489777,-73.57446,20112442
1086,45.489777,-73.57446,20112442
1087,45.489777,-73.57446,20112442
1088,45.489777,-73.57446,20112442
1089,45.489777,-73.57446,20112442
1090,45.489777,-73.57446,20112442
1091,45.489777,-73.57446,20112442
1092,45.489777,-73.57446,20112442
1093,45.489777,-73.57446,20112442
1094,45.489777,-73.57446,20112442
1095,45.489777,-73.57446,20112442
1096,45.489777,-73.57446,20112442
1097,45.489777,-73.57446,20112442
1098,45.489777,-73.57446,20112442
1099,45.489777,-73.57446,20112442
1100,45.489777,-73.57446,20112442
1101,45.489777,-73.57446,20112442
1102,45.489777,-73.57446,20112442
1103,45.489777,-73.57446,20112442
1104,45.489777,-73.57446,20112442
1105,45.489777,-73.57446,20112442
1106,45.489777,-73.57446,20112442
1107,45.489777,-73.57446,20112442
1108,45.489777,-73.57446,20112442
1109,45.489777,-73.57446,20112442
1110,45.489777,-73.57446,20112442
1111,45.489777,-73.57446,20112442
1112,45.489777,-73.57446,20112442
1113,45.489777,-73.57446,20112442
1114,45.489777,-73.57446,20112442
1115,45.489777,-73.57446,20112442
1116,45.489777,-73.57446,20112442
1117,45.489777,-73.57446,20112442
1118,45.489777,-73.57446,20112442
1119,45.489777,-73.57446,20112442
1120,45.489777,-73.57446,20112442
1121,45.489777,-73.57446,20112442
1122,45.489777,-73.57446,20112442
1123,45.489777,-73.57446,20112442
1124,45.489777,-73.57446,20112442
1125,45.489777,-73.57446,20112442
1126,45.489777,-73.57446,20112442
1127,45.489777,-73.57446,20112442
1128,45.489777,-73.57446,20112442
1129,45.489777,-73.57446,20112442
1130,45.489777,-73.57446,20112442
1131,45.489777,-73.57446,20112442
1132,45.489777,-73.57446,20112442
1133,45.489777,-73.57446,20112442
1134,45.489777,-73.57446,20112442
1135,45.489777,-73.57446,20112442
1136,45.489777,-73.57446,20112442
1137,45.489777,-73.57446,20112442
1138,45.489777,-73.57446,20112442
1139,45.489777,-73.57446,20112442
1140,45.489777,-73.57446,20112442
1141,45.489777,-73.57446,20112442
1142,45.489777,-73.57446,20112442
1143,45.489777,-73.57446,20112442
1144,45.489777,-73.57446,20112442
1145,45.489777,-73.57446,20112442
1146,45.489777,-73.57446,20112442
1147,45.489777,-73.57446,20112442
1148,45.489777,-73.57446,20112442
1149,45.489777,-73.57446,20112442
1150,45.489777,-73.57446,20112442
1151,45.489777,-73.57446,20112442
1152,45.489777,-73.57446,20112442
1153,45.489777,-73.57446,20112442
1154,45.489777,-73.57446,20112442
1155,45.489777,-73.57446,20112442
1156,45.489777,-73.57446,20112442
1157,45.489777,-73.57446,20112442
1158,45.489777,-73.57446,20112442
1159,45.489777,-73.57446,20112442
1160,45.489777,-73.57446,20112442
1161,45.489777,-73.57446,20112442
1162,45.489777,-73.57446,20112442
1163,45.489777,-73.57446,20112442
1164,45.489777,-73.57446,20112442
1165,45.489777,-73.57446,20112442
1166,45.489777,-73.57446,20112442
1167,45.489777,-73.57446,20112442
1168,45.489777,-73.57446,20112442
1169,45.489777,-73.57446,20112442
1170,45.489777,-73.57446,20112442
1171,45.489777,-73.57446,20112442
1172,45.489777,-73.57446,20112442
1173,45.489777,-73.57446,20112442
1174,45.489777,-73.57446,20112442
1175,45.489777,-73.57446,20112442
1176,45.489777,-73.57446,20112442
1177,45.489777,-73.57446,20112442
1178,45.489777,-73.57446,20112442
1179,45.489777,-73.57446,20112442
1180,45.489777,-73.57446,20112442
1181,45.489777,-73.57446,20112442
1182,45.489777,-73.57446,20112442
1183,45.489777,-73.57446,20112442
1184,45.489777,-73.57446,20112442
1185,45.489777,-73.57446,20112442
1186,45.489777,-73.57446,20112442
1187,45.489777,-73.57446,20112442
1188,45.489777,-73.57446,20112442
1189,45.489777,-73.57446,20112442
1190,45.489777,-73.57446,20112442
1191,45.489777,-73.57446,20112442
1192,45.489777,-73.57446,20112442
1193,45.489777,-73.57446,20112442
1194,45.489777,-73.57446,20112442
1195,45.489777,-73.57446,20112442
1196,45.489777,-73.57446,20112442
1197,45.489777,-73.57446,20112442
1198,45.489777,-73.57446,20112442
1199,45.489777,-73.57446,20112442
1200,45.489777,-73.57446,20112442
1201,45.489777,-73.57446,20112442
1202,45.489777,-73.57446,20112442
1203,45.489777,-73.57446,20112442
1204,45.489777,-73.57446,20112442
1205,45.489777,-73.57446,20112442
1206,45.489777,-73.57446,20112442
1207,45.489777,-73.57446,20112442
1208,45.489777,-73.57446,20112442
1209,45.489777,-73.57446,20112442
1210,45.489777,-73.57446,20112442
1211,45.489777,-73.57446,20112442
1212,45.489777,-73.57446,20112442
1213,45.489777,-73.57446,20112442
1214,45.489777,-73.57446,20112442
1215,45.489777,-73.57446,20112442
1216,45.489777,-73.57446,20112442
1217,45.489777,-73.57446,20112442
1218,45.489777,-73.57446,20112442
1219,45.489777,-73.57446,20112442
1220,45.489777,-73.57446,20112442
1221,45.489777,-73.57446,20112442
1222,45.489777,-73.57446,20112442
1223,45.489777,-73.57446,20112442
1224,45.489777,-73.57446,20112442
1225,45.489777,-73.57446,20112442
1226,45.489777,-73.57446,20112442
1227,45.489777,-73.57446,20112442
1228,45.489777,-73.57446,20112442
1229,45.489777,-73.57446,20112442
1230,45.489777,-73.57446,20112442
1231,45.489777,-73.57446,20112442
1232,45.489777,-73.57446,20112442
1233,45.489777,-73.57446,20112442
1234,45.489777,-73.57446,20112442
1235,45.489777,-73.57446,20112442
1236,45.489777,-73.57446,20112442
1237,45.489777,-73.57446,20112442
1238,45.489777,-73.57446,20112442
1239,45.489777,-73.57446,20112442
1240,45.489777,-73.57446,20112442
1241,45.489777,-73.57446,20112442
1242,45.489777,-73.57446,20112442
1243,45.489777,-73.57446,20112442
1244,45.489777,-73.57446,20112442
1245,45.489777,-73.57446,20112442
1246,45.489777,-73.57446,20112442
1247,45.489777,-73.57446,20112442
1248,45.489777,-73.57446,20112442
1249,45.489777,-73.57446,20112442
1250,45.489777,-73.57446,20112442
1251,45.489777,-73.57446,20112442
1252,45.489777,-73.57446,20112442
1253,45.489777,-73.57446,20112442
1254,45.489777,-73.57446,20112442
1255,45.489777,-73.57446,20112442
1256,45.489777,-73.57446,20112442
1257,45.489777,-73.57446,20112442
1258,45.489777,-73.57446,20112442
1259,45.489777,-73.57446,20112442
1260,45.489777,-73.57446,20112442
1261,45.489777,-73.57446,20112442
1262,45.489777,-73.57446,20112442
1263,45.489777,-73.57446,20112442
1264,45.489777,-73.57446,20112442
1265,45.489777,-73.57446,20112442
1266,45.489777,-73.57446,20112442
1267,45.489777,-73.57446,20112442
1268,45.489777,-73.57446,20112442
1269,45.489777,-73.57446,20112442
1270,45.489777,-73.57446,20112442
1271,45.489777,-73.57446,20112442
1272,45.489777,-73.57446,20112442
1273,45.489777,-73.57446,20112442
1274,45.489773,-73.57446,20112442
1275,45.489784,-73.574455,20112442
1276,45.489788,-73.574455,20112442
1277,45.489796,-73.57445,20112442
1278,45.48981,-73.57443,20112442
1279,45.489834,-73.57441,20112442
1280,45.489857,-73.57439,20112442
1281,45.48988,-73.57436,20112442
1282,45.489914,-73.57433,20112442
1283,45.489937,-73.57431,20112442
1284,45.48997,-73.57428,20112442
1285,45.49,-73.57425,20112442
1286,45.49003,-73.57423,20112442
1287,45.490047,-73.57421,20112442
1288,45.490063,-73.574196,20112442
1289,45.49007,-73.57419,20112442
1290,45.490074,-73.57418,20112442
1291,45.490078,-73.57418,20112442
1292,45.490093,-73.574165,20112442
1293,45.49011,-73.57415,20112442
1294,45.490124,-73.574135,20112442
1295,45.490124,-73.574135,20112442
1296,45.49008,-73.574,463677569
1297,45.49005,-73.57394,463677569
1298,45.49001,-73.57385,463677569
1299,45.48997,-73.57378,463677569
1300,45.48992,-73.57368,463677569
1301,45.489872,-73.57358,463677569
1302,45.489826,-73.57349,463677569
1303,45.48978,-73.57339,463677569
1304,45.48973,-73.573296,463677569
1305,45.48969,-73.57321,463677569
1306,45.489643,-73.57312,463677569
1307,45.489597,-73.57303,463677569
1308,45.489563,-73.57296,463677565
1309,45.489513,-73.57285,463677565
1310,45.48947,-73.57277,463677565
1311,45.489433,-73.572685,463677565
1312,45.489403,-73.572624,463677565
1313,45.48937,-73.572556,463677565
1314,45.489346,-73.57251,463677565
1315,45.489323,-73.57246,463677565
1316,45.489315,-73.57244,463677565
1317,45.489307,-73.572426,463677565
1318,45.489304,-73.57242,463677565
1319,45.4893,-73.57242,463677565
1320,45.489304,-73.57242,463677565
1321,45.489304,-73.57242,463677565
1322,45.489304,-73.57242,463677565
1323,45.489304,-73.57242,463677565
1324,45.489304,-73.57242,463677565
1325,45.489304,-73.57242,463677565
1326,45.489304,-73.57242,463677565
1327,45.489304,-73.57242,463677565
1328,45.489304,-73.57242,463677565
1329,45.489304,-73.57242,463677565
1330,45.489304,-73.57242,463677565
1331,45.489304,-73.57242,463677565
1332,45.489304,-73.57242,463677565
1333,45.4893,-73.57241,463677565
1334,45.4893,-73.57242,463677565
1335,45.489304,-73.57242,463677565
1336,45.489304,-73.57242,463677565
1337,45.489304,-73.57242,463677565
1338,45.489307,-73.572426,463677565
1339,45.489296,-73.5724,463677565
1340,45.48928,-73.57237,463677565
1341,45.48927,-73.57234,463677565
1342,45.489254,-73.57232,463677565
1343,45.489243,-73.572296,463677565
1344,45.48923,-73.57227,463677565
1345,45.48922,-73.57224,463677565
1346,45.489212,-73.572235,463677565
1347,45.48921,-73.57222,463677565
1348,45.4892,-73.572205,463677565
1349,45.489185,-73.572174,463677565
1350,45.489178,-73.57215,463677565
1351,45.489212,-73.57205,200638843
1352,45.489273,-73.572,200638843
1353,45.489338,-73.57193,200638843
1354,45.489414,-73.57185,200638843
1355,45.4895,-73.57178,200638843
1356,45.48959,-73.571686,200638843
1357,45.489677,-73.5716,200638843
1358,45.489777,-73.5715,200638843
1359,45.489872,-73.57141,200638843
1360,45.48998,-73.57131,200638843
1361,45.490055,-73.57123,200638843
1362,45.49014,-73.57115,200638843
1363,45.490227,-73.57107,200638843
1364,45.490307,-73.57099,200638843
1365,45.49038,-73.570915,200638843
1366,45.490456,-73.57084,200638843
1367,45.49053,-73.57077,200638843
1368,45.490604,-73.5707,200638843
1369,45.490685,-73.570625,200638843
1370,45.49074,-73.57057,200638843
1371,45.49082,-73.570496,200638843
1372,45.490894,-73.57043,200638843
1373,45.49097,-73.57036,200638843
1374,45.491024,-73.57031,200638843
1375,45.491077,-73.57026,200638843
1376,45.491108,-73.57023,200638843
1377,45.49114,-73.570206,200638843
1378,45.49115,-73.5702,200638843
1379,45.49115,-73.57019,200638843
1380,45.49115,-73.57019,200638843
1381,45.491146,-73.5702,200638843
1382,45.491146,-73.5702,200638843
1383,45.491146,-73.5702,200638843
1384,45.49114,-73.570206,200638843
1385,45.49114,-73.570206,200638843
1386,45.491146,-73.5702,200638843
1387,45.491142,-73.5702,200638843
1388,45.49115,-73.57019,200638843
1389,45.491165,-73.570175,200638843
1390,45.491188,-73.57016,200638843
1391,45.491215,-73.57013,200638843
1392,45.491253,-73.5701,200638843
1393,45.491276,-73.570076,200638843
1394,45.491318,-73.57004,200638843
1395,45.49135,-73.57001,200638843
1396,45.49136,-73.56982,329988460
1397,45.491333,-73.569756,329988460
1398,45.49132,-73.56973,329988460
1399,45.491283,-73.56965,329988460
1400,45.49124,-73.569565,329988460
1401,45.491196,-73.569466,329988460
1402,45.491142,-73.56935,329988460
1403,45.491085,-73.56924,329988460
1404,45.491028,-73.569115,329988460
1405,45.49098,-73.569016,329988460
1406,45.490925,-73.5689,329988460
1407,45.490868,-73.56878,329988460
1408,45.490807,-73.56865,329988460
1409,45.49074,-73.56851,329988460
1410,45.490677,-73.568375,329988460
1411,45.490612,-73.56824,329988460
1412,45.49055,-73.56811,329988460
1413,45.49049,-73.56799,329988460
1414,45.490433,-73.56788,329988460
1415,45.490387,-73.56777,329988460
1416,45.49037,-73.56774,329988460
1417,45.4903,-73.5676,329988460
1418,45.49027,-73.56753,329988460
1419,45.490246,-73.567474,329988460
1420,45.49023,-73.567444,329988460
1421,45.49022,-73.56741,329988460
1422,45.49021,-73.5674,329988460
1423,45.490208,-73.56739,329988460
1424,45.490208,-73.56739,329988460
1425,45.490208,-73.56739,329988460
1426,45.490204,-73.56738,329988460
1427,45.490204,-73.56738,329988460
1428,45.490208,-73.56738,329988460
1429,45.490208,-73.56738,329988460
1430,45.490204,-73.56738,329988460
1431,45.490204,-73.56738,329988460
1432,45.490204,-73.56738,329988460
1433,45.490208,-73.56738,329988460
1434,45.490208,-73.56738,329988460
1435,45.490204,-73.56738,329988460
1436,45.490204,-73.56738,329988460
1437,45.490204,-73.56738,329988460
1438,45.490204,-73.56738,329988460
1439,45.490208,-73.56739,329988460
1440,45.490208,-73.56738,329988460
1441,45.490208,-73.56738,329988460
1442,45.490208,-73.56738,329988460
1443,45.490208,-73.56738,329988460
1444,45.490204,-73.56738,329988460
1445,45.490204,-73.56738,329988460
1446,45.490204,-73.56738,329988460
1447,45.490204,-73.56738,329988460
1448,45.490204,-73.56738,329988460
1449,45.490204,-73.56738,329988460
1450,45.490204,-73.56738,329988460
1451,45.490204,-73.56738,329988460
1452,45.490204,-73.56738,329988460
1453,45.490204,-73.56738,329988460
1454,45.490204,-73.56738,329988460
1455,45.490204,-73.56738,329988460
1456,45.490204,-73.56738,329988460
1457,45.490204,-73.56738,329988460
1458,45.490204,-73.56738,329988460
1459,45.490204,-73.56738,329988460
1460,45.490204,-73.56738,329988460
1461,45.490204,-73.56738,329988460
1462,45.490204,-73.56738,329988460
1463,45.490196,-73.56737,329988460
1464,45.490185,-73.567345,329988460
1465,45.490177,-73.56732,329988460
1466,45.49017,-73.56731,329988460
1467,45.490166,-73.5673,329988460
1468,45.490166,-73.56729,329988460
1469,45.490166,-73.56729,329988460
1470,45.490166,-73.56729,329988460
1471,45.490166,-73.56729,329988460
1472,45.490166,-73.5673,329988460
1473,45.49016,-73.56728,329988460
1474,45.49015,-73.56726,329988460
1475,45.49014,-73.56724,329988460
1476,45.49016,-73.56715,607184015
1477,45.490204,-73.567116,607184015
1478,45.49026,-73.56706,607184015
1479,45.490314,-73.56702,607184015
1480,45.490376,-73.56696,607184015
1481,45.490456,-73.56689,607184015
1482,45.49054,-73.56682,607184015
1483,45.49063,-73.56674,607184015
1484,45.490726,-73.56666,607184015
1485,45.49083,-73.566574,607184015
1486,45.490906,-73.56651,607184015
1487,45.491013,-73.56643,607184015
1488,45.491096,-73.56635,607184015
1489,45.491188,-73.566284,607184015
1490,45.49128,-73.5662,607184015
1491,45.49137,-73.56613,607184015
1492,45.49146,-73.566055,607184015
1493,45.491543,-73.56598,607184015
1494,45.49163,-73.56591,607184015
1495,45.49172,-73.56583,607184015
1496,45.491814,-73.56575,607184015
1497,45.49189,-73.56568,607184015
1498,45.491978,-73.565605,607184015
1499,45.492065,-73.56553,607184015
1500,45.49215,-73.56546,607184015
1501,45.492218,-73.5654,607184015
1502,45.492302,-73.56534,607184015
1503,45.49238,-73.56528,607184015
1504,45.49245,-73.565216,607184015
1505,45.49252,-73.56516,607184015
1506,45.49258,-73.56511,607184015
1507,45.492638,-73.56506,607184015
1508,45.492687,-73.565025,607184015
1509,45.492733,-73.56499,607184015
1510,45.492764,-73.564964,607184015
1511,45.492775,-73.56496,607184015
1512,45.492832,-73.5649,607184015
1513,45.492847,-73.564896,607184015
1514,45.492847,-73.564896,607184015
1515,45.492855,-73.56489,607184015
1516,45.492855,-73.56489,607184015
1517,45.492855,-73.56489,607184015
1518,45.492855,-73.56489,607184015
1519,45.492855,-73.56489,607184015
1520,45.492855,-73.56489,607184015
1521,45.492855,-73.56489,607184015
1522,45.492863,-73.56488,607184015
1523,45.492863,-73.56488,607184015
1524,45.492863,-73.56488,607184015
1525,45.492863,-73.56488,607184015
1526,45.492863,-73.56488,607184015
1527,45.492863,-73.56488,607184015
1528,45.492863,-73.56488,607184015
1529,45.492863,-73.56488,607184015
1530,45.49286,-73.56489,607184015
1531,45.492863,-73.56488,607184015
1532,45.492863,-73.56488,607184015
1533,45.492863,-73.56488,607184015
1534,45.492863,-73.56488,607184015
1535,45.492863,-73.56488,607184015
1536,45.492863,-73.56488,607184015
1537,45.492863,-73.56488,607184015
1538,45.492863,-73.56488,607184015
1539,45.492867,-73.56488,607184015
1540,45.492878,-73.56487,607184015
1541,45.4929,-73.56485,607184015
1542,45.49293,-73.56483,607184015
1543,45.492954,-73.56481,607184015
1544,45.49305,-73.56474,607184015
1545,45.49311,-73.5647,607184015
1546,45.493183,-73.564644,607184015
1547,45.493244,-73.5646,607184015
1548,45.4933,-73.56455,607184015
1549,45.493378,-73.5645,607184015
1550,45.493443,-73.564445,607184015
1551,45.49352,-73.564384,607184015
1552,45.493584,-73.56434,607184015
1553,45.493637,-73.5643,607184015
1554,45.49369,-73.56426,607184015
1555,45.493732,-73.564224,607184015
1556,45.49378,-73.56419,607184015
1557,45.49383,-73.56415,607184015
1558,45.493877,-73.56411,607184015
1559,45.49393,-73.56407,607184015
1560,45.493984,-73.564026,607184015
1561,45.494072,-73.56396,607184015
1562,45.494156,-73.563896,607184015
1563,45.494247,-73.56382,607184015
1564,45.494293,-73.56379,607184015
1565,45.494415,-73.563705,607184015
1566,45.494495,-73.56365,607184015
1567,45.49459,-73.56358,607184015
1568,45.494686,-73.56352,607184015
1569,45.494766,-73.56347,607184015
1570,45.49485,-73.56341,607184015
1571,45.494926,-73.56336,607184015
1572,45.495003,-73.56331,607184015
1573,45.49507,-73.56326,607184015
1574,45.495144,-73.56321,607184015
1575,45.49523,-73.56315,607184015
1576,45.49531,-73.563095,607184015
1577,45.4954,-73.56304,607184015
1578,45.495438,-73.56302,607184015
1579,45.49559,-73.56292,38700726
1580,45.495686,-73.56286,38700726
1581,45.49578,-73.562805,38700726
1582,45.495872,-73.56275,38700726
1583,45.49598,-73.56268,474555863
1584,45.49602,-73.56266,474555863
1585,45.49618,-73.56257,474555863
1586,45.496292,-73.56251,474555863
1587,45.49639,-73.562454,474555867
1588,45.496494,-73.5624,474555867
1589,45.496525,-73.562386,474555867
1590,45.496655,-73.56231,474555867
1591,45.49672,-73.56227,474555867
1592,45.496777,-73.56224,474555867
1593,45.49682,-73.56222,474555867
1594,45.496845,-73.562195,474555867
1595,45.496864,-73.56219,474555867
1596,45.496872,-73.56218,474555867
1597,45.496872,-73.56218,474555867
1598,45.496883,-73.56218,474555867
1599,45.496876,-73.56218,474555867
1600,45.496876,-73.56218,474555867
1601,45.496876,-73.56218,474555867
1602,45.496876,-73.56218,474555867
1603,45.496872,-73.56218,474555867
1604,45.496872,-73.56219,474555867
1605,45.496872,-73.56219,474555867
1606,45.496872,-73.56218,474555867
1607,45.496872,-73.56219,474555867
1608,45.496872,-73.56219,474555867
1609,45.496872,-73.56219,474555867
1610,45.496872,-73.56219,474555867
1611,45.496872,-73.56219,474555867
1612,45.496872,-73.56219,474555867
1613,45.496872,-73.56219,474555867
1614,45.496872,-73.56219,474555867
1615,45.496872,-73.56219,474555867
1616,45.496872,-73.56219,474555867
1617,45.496872,-73.56219,474555867
1618,45.496872,-73.56219,474555867
1619,45.496872,-73.56219,474555867
1620,45.496887,-73.56217,474555867
1621,45.4969,-73.56217,474555867
1622,45.496914,-73.56216,474555867
1623,45.49695,-73.56214,474555867
1624,45.49698,-73.56212,474555867
1625,45.497025,-73.562096,474555867
1626,45.497086,-73.56206,474555867
1627,45.49711,-73.56205,352392845
1628,45.497215,-73.56199,352392845
1629,45.49729,-73.56194,352392845
1630,45.497364,-73.561905,352392845
1631,45.497437,-73.56186,352392845
1632,45.49751,-73.56182,352392845
1633,45.497566,-73.56179,352392845
1634,45.49763,-73.56175,352392845
1635,45.49769,-73.56172,352392845
1636,45.497738,-73.56169,352392845
1637,45.497787,-73.56166,352392845
1638,45.49784,-73.56163,352392845
1639,45.497902,-73.5616,352392845
1640,45.497963,-73.56157,352392845
1641,45.498013,-73.56155,352392845
1642,45.498035,-73.56153,467514126
1643,45.498127,-73.56148,467514126
1644,45.498184,-73.56145,467514126
1645,45.49825,-73.56142,467514126
1646,45.498306,-73.561386,467514126
1647,45.498383,-73.56134,467514126
1648,45.498455,-73.5613,467514126
1649,45.498528,-73.56126,467514126
1650,45.498558,-73.56124,467514126
1651,45.498703,-73.56116,376479646
1652,45.498787,-73.5611,376479646
1653,45.498898,-73.56103,376479646
1654,45.49898,-73.56097,376479646
1655,45.499054,-73.56092,376479646
1656,45.499165,-73.560844,376479646
1657,45.499245,-73.56079,376479646
1658,45.49934,-73.56073,376479646
1659,45.49943,-73.56067,376479646
1660,45.49951,-73.560616,376479646
1661,45.4996,-73.560555,376479646
1662,45.499676,-73.56051,376479646
1663,45.49976,-73.56045,376479646
1664,45.499844,-73.560394,376479646
1665,45.499916,-73.56034,376479646
1666,45.499996,-73.56029,376479646
1667,45.500023,-73.560265,376479646
1668,45.500126,-73.560196,376479646
1669,45.500206,-73.56014,376479646
1670,45.500263,-73.560104,376479646
1671,45.500324,-73.56007,376479646
1672,45.500362,-73.560036,376479646
1673,45.50037,-73.56003,376479646
1674,45.50037,-73.56003,376479646
1675,45.50054,-73.55992,376479646
1676,45.500584,-73.55989,376479646
1677,45.500633,-73.55986,376479646
1678,45.500683,-73.55982,376479646
1679,45.500725,-73.55979,376479646
1680,45.500767,-73.55977,376479646
1681,45.500797,-73.559746,376479646
1682,45.50079,-73.559746,376479646
1683,45.50079,-73.559746,376479646
1684,45.500782,-73.55975,376479646
1685,45.500786,-73.55975,376479646
1686,45.500805,-73.55974,376479646
1687,45.5008,-73.55974,376479646
1688,45.500797,-73.559746,376479646
1689,45.5008,-73.55974,376479646
1690,45.5008,-73.55974,376479646
1691,45.5008,-73.55974,376479646
1692,45.5008,-73.55974,376479646
1693,45.5008,-73.55974,376479646
1694,45.5008,-73.55974,376479646
1695,45.500805,-73.55974,376479646
1696,45.500805,-73.55974,376479646
1697,45.500805,-73.55974,376479646
1698,45.500805,-73.55974,376479646
1699,45.500805,-73.55974,376479646
1700,45.500805,-73.55974,376479646
1701,45.500805,-73.55974,376479646
1702,45.500805,-73.55974,376479646
1703,45.500805,-73.55974,376479646
1704,45.500813,-73.55973,376479646
1705,45.50082,-73.55973,376479646
1706,45.500835,-73.559715,376479646
1707,45.500862,-73.5597,376479646
1708,45.50089,-73.55968,376479646
1709,45.50093,-73.55965,376479646
1710,45.500957,-73.55963,376479646
1711,45.50101,-73.55959,376479646
1712,45.501064,-73.559555,376479646
1713,45.501175,-73.55947,376479646
1714,45.501244,-73.55942,376479646
1715,45.501312,-73.55937,376479646
1716,45.50138,-73.55932,376479646
1717,45.501446,-73.55927,376479646
1718,45.5015,-73.559235,376479646
1719,45.501568,-73.55918,376479646
1720,45.501614,-73.55915,376479646
1721,45.501663,-73.55911,376479646
1722,45.501698,-73.55909,376479646
1723,45.501698,-73.55909,376479646
1724,45.501827,-73.558975,376479646
1725,45.50188,-73.55894,376479646
1726,45.50198,-73.55885,376479646
1727,45.502045,-73.55881,376479646
1728,45.50212,-73.55875,376479646
1729,45.50218,-73.5587,376479646
1730,45.50224,-73.558655,376479646
1731,45.502296,-73.55861,376479646
1732,45.502323,-73.55859,376479646
1733,45.502327,-73.558586,376479646
1734,45.502483,-73.55848,376479646
1735,45.502563,-73.558426,376479646
1736,45.502632,-73.55837,376479646
1737,45.502686,-73.558334,376479646
1738,45.502724,-73.558304,376479646
1739,45.502724,-73.558304,376479646
1740,45.502865,-73.558205,376479646
1741,45.502914,-73.55817,376479646
1742,45.502953,-73.558136,376479646
1743,45.503,-73.5581,376479646
1744,45.503002,-73.5581,376479646
1745,45.503094,-73.55803,376479646
1746,45.503143,-73.55799,376479646
1747,45.503193,-73.55796,376479646
1748,45.503246,-73.55792,376479646
1749,45.503296,-73.557884,376479646
1750,45.503345,-73.557846,376479646
1751,45.5034,-73.55781,376479646
1752,45.503452,-73.55777,376479646
1753,45.503506,-73.55773,376479646
1754,45.50356,-73.55769,376479646
1755,45.503613,-73.557655,376479646
1756,45.503662,-73.55762,376479646
1757,45.503708,-73.55759,376479646
1758,45.50374,-73.55756,376479646
1759,45.503754,-73.55755,376479646
1760,45.503773,-73.55753,376479646
1761,45.503784,-73.557526,376479646
1762,45.503796,-73.55752,376479646
1763,45.503803,-73.55751,376479646
1764,45.503815,-73.5575,376479646
1765,45.503838,-73.55749,376479646
1766,45.503864,-73.55747,376479646
1767,45.503887,-73.55745,376479646
1768,45.503906,-73.557434,376479646
1769,45.503906,-73.557434,376479646
1770,45.503906,-73.557434,376479646
1771,45.503906,-73.557434,376479646
1772,45.503906,-73.557434,376479646
1773,45.503906,-73.557434,376479646
1774,45.503906,-73.557434,376479646
1775,45.50391,-73.557434,376479646
1776,45.50391,-73.557434,376479646
1777,45.50391,-73.557434,376479646
1778,45.50391,-73.557434,376479646
1779,45.50391,-73.557434,376479646
1780,45.50391,-73.557434,376479646
1781,45.50391,-73.557434,376479646
1782,45.50391,-73.557434,376479646
1783,45.50391,-73.557434,376479646
1784,45.50391,-73.557434,376479646
1785,45.503975,-73.55738,376479646
1786,45.503986,-73.55737,376479646
1787,45.503998,-73.557365,376479646
1788,45.50401,-73.55736,376479646
1789,45.504017,-73.55735,376479646
1790,45.50403,-73.55734,376479646
1791,45.50404,-73.557335,376479646
1792,45.504055,-73.55732,376479646
1793,45.504066,-73.55731,376479646
1794,45.504078,-73.557304,376479646
1795,45.50409,-73.5573,376479646
1796,45.504093,-73.55729,376479646
1797,45.504097,-73.55729,376479646
1798,45.5041,-73.55728,376479646
1799,45.504105,-73.55728,376479646
1800,45.50411,-73.557274,376479646
1801,45.504116,-73.557274,376479646
1802,45.50412,-73.557274,376479646
1803,45.50412,-73.557274,376479646
1804,45.504116,-73.557274,376479646
1805,45.50412,-73.557274,376479646
1806,45.504124,-73.55727,376479646
1807,45.504128,-73.55726,376479646
1808,45.50413,-73.55726,376479646
1809,45.504135,-73.55726,376479646
1810,45.50414,-73.55725,376479646
1811,45.50414,-73.55725,376479646
1812,45.50414,-73.55725,376479646
1813,45.50414,-73.55725,376479646
1814,45.50414,-73.55725,376479646
1815,45.50414,-73.55725,376479646
1816,45.50414,-73.55725,376479646
1817,45.50414,-73.55725,376479646
1818,45.50414,-73.55725,376479646
1819,45.504143,-73.55725,376479646
1820,45.50414,-73.55725,376479646
1821,45.50414,-73.55725,376479646
1822,45.50415,-73.55724,376479646
1823,45.504154,-73.55724,376479646
1824,45.504166,-73.557236,376479646
1825,45.504177,-73.55722,376479646
1826,45.504185,-73.55722,376479646
1827,45.504185,-73.55722,376479646
1828,45.50419,-73.55721,376479646
1829,45.50419,-73.55721,376479646
1830,45.504192,-73.55721,376479646
1831,45.504192,-73.55721,376479646
1832,45.504192,-73.55721,376479646
1833,45.504196,-73.55721,376479646
1834,45.504196,-73.557205,376479646
1835,45.504204,-73.557205,376479646
1836,45.504204,-73.557205,376479646
1837,45.504208,-73.5572,376479646
1838,45.50421,-73.5572,376479646
1839,45.504215,-73.5572,376479646
1840,45.50422,-73.55719,376479646
1841,45.50422,-73.55719,376479646
1842,45.50422,-73.55719,376479646
1843,45.50422,-73.55719,376479646
1844,45.50422,-73.55719,376479646
1845,45.50422,-73.55719,376479646
1846,45.50422,-73.55719,376479646
1847,45.50422,-73.55719,376479646
1848,45.50422,-73.55719,376479646
1849,45.504227,-73.55719,376479646
1850,45.50423,-73.55718,376479646
1851,45.504234,-73.55718,376479646
1852,45.504242,-73.557175,376479646
1853,45.504242,-73.557175,376479646
1854,45.50425,-73.55717,376479646
1855,45.50426,-73.55716,376479646
1856,45.50428,-73.557144,376479646
1857,45.504295,-73.55714,376479646
1858,45.504307,-73.55712,376479646
1859,45.504314,-73.55712,376479646
1860,45.50431,-73.55712,376479646
1861,45.50431,-73.55712,376479646
1862,45.50431,-73.55712,376479646
1863,45.50431,-73.55712,376479646
1864,45.50431,-73.55712,376479646
1865,45.50431,-73.55712,376479646
1866,45.50431,-73.55712,376479646
1867,45.50431,-73.55712,376479646
1868,45.50431,-73.55712,376479646
1869,45.50431,-73.55712,376479646
1870,45.50431,-73.55712,376479646
1871,45.50431,-73.55712,376479646
1872,45.50431,-73.55712,376479646
1873,45.50431,-73.55712,376479646
1874,45.50431,-73.55712,376479646
1875,45.50431,-73.55712,376479646
1876,45.50431,-73.55712,376479646
1877,45.50431,-73.55712,376479646
1878,45.50431,-73.55712,376479646
1879,45.50431,-73.55712,376479646
1880,45.50431,-73.55712,376479646
1881,45.50431,-73.55712,376479646
1882,45.50431,-73.55712,376479646
1883,45.50431,-73.55712,376479646
1884,45.50431,-73.55712,376479646
1885,45.50431,-73.55712,376479646
1886,45.50431,-73.55712,376479646
1887,45.50431,-73.55712,376479646
1888,45.50431,-73.55712,376479646
1889,45.50431,-73.55712,376479646
1890,45.50431,-73.55712,376479646
1891,45.50431,-73.55712,376479646
1892,45.50431,-73.55712,376479646
1893,45.50431,-73.55712,376479646
1894,45.50431,-73.55712,376479646
1895,45.50431,-73.55712,376479646
1896,45.50431,-73.55712,376479646
1897,45.50431,-73.55712,376479646
1898,45.50431,-73.55712,376479646
1899,45.50431,-73.55712,376479646
1900,45.50431,-73.55712,376479646
1901,45.50431,-73.55712,376479646
1902,45.50431,-73.55712,376479646
1903,45.50431,-73.55712,376479646
1904,45.50431,-73.55712,376479646
1905,45.50431,-73.55712,376479646
1906,45.50431,-73.55712,376479646
1907,45.50431,-73.55712,376479646
1908,45.50431,-73.55712,376479646
1909,45.50431,-73.55712,376479646
1910,45.50431,-73.55712,376479646
1911,45.50431,-73.55712,376479646
1912,45.50431,-73.55712,376479646
1913,45.50431,-73.55712,376479646
1914,45.504307,-73.55712,376479646
1915,45.50431,-73.55712,376479646
1916,45.50431,-73.55712,376479646
1917,45.50431,-73.55712,376479646
1918,45.50431,-73.55712,376479646
1919,45.50431,-73.55712,376479646
1920,45.504295,-73.55713,376479646
1921,45.5043,-73.55713,376479646
1922,45.504303,-73.55713,376479646
1923,45.504307,-73.55712,376479646
1924,45.504322,-73.55711,376479646
1925,45.504333,-73.557106,376479646
1926,45.504345,-73.55709,376479646
1927,45.50436,-73.55708,376479646
1928,45.50438,-73.55707,376479646
1929,45.5044,-73.55705,376479646
1930,45.504417,-73.55704,376479646
1931,45.504425,-73.55703,376479646
1932,45.50442,-73.55703,376479646
1933,45.504425,-73.55703,376479646
1934,45.504425,-73.55703,376479646
1935,45.504494,-73.556984,376479646
1936,45.50451,-73.55697,376479646
1937,45.50452,-73.55696,376479646
1938,45.504517,-73.55696,376479646
1939,45.504528,-73.55695,376479646
1940,45.504528,-73.55695,376479646
1941,45.504528,-73.55695,376479646
1942,45.504528,-73.55695,376479646
1943,45.504528,-73.55695,376479646
1944,45.504528,-73.55695,376479646
1945,45.504528,-73.55695,376479646
1946,45.504528,-73.55696,376479646
1947,45.504528,-73.55695,376479646
1948,45.504528,-73.55695,376479646
1949,45.504528,-73.55695,376479646
1950,45.504528,-73.55695,376479646
1951,45.504528,-73.55695,376479646
1952,45.504528,-73.55695,376479646
1953,45.504528,-73.55695,376479646
1954,45.504528,-73.55695,376479646
1955,45.504528,-73.55695,376479646
1956,45.504528,-73.55695,376479646
1957,45.504528,-73.55695,376479646
1958,45.504528,-73.55695,376479646
1959,45.50453,-73.55695,376479646
1960,45.50453,-73.55695,376479646
1961,45.50453,-73.55695,376479646
1962,45.50453,-73.55695,376479646
1963,45.50453,-73.55695,376479646
1964,45.50453,-73.55695,376479646
1965,45.50453,-73.55695,376479646
1966,45.50453,-73.55695,376479646
1967,45.50453,-73.55695,376479646
1968,45.504528,-73.55695,376479646
1969,45.504528,-73.55695,376479646
1970,45.504528,-73.55695,376479646
1971,45.504528,-73.55695,376479646
1972,45.504528,-73.55695,376479646
1973,45.504528,-73.55695,376479646
1974,45.504528,-73.55695,376479646
1975,45.504528,-73.55695,376479646
1976,45.504528,-73.55695,376479646
1977,45.50453,-73.55695,376479646
1978,45.504536,-73.55695,376479646
1979,45.504543,-73.556946,376479646
1980,45.50456,-73.55693,376479646
1981,45.50458,-73.556915,376479646
1982,45.504604,-73.5569,376479646
1983,45.504635,-73.55688,376479646
1984,45.504658,-73.55686,376479646
1985,45.50468,-73.55685,376479646
1986,45.5047,-73.55683,376479646
1987,45.504704,-73.55683,376479646
1988,45.50472,-73.556816,376479646
1989,45.50472,-73.556816,376479646
1990,45.504723,-73.556816,376479646
1991,45.504723,-73.556816,376479646
1992,45.504723,-73.556816,376479646
1993,45.504723,-73.556816,376479646
1994,45.504723,-73.556816,376479646
1995,45.504723,-73.556816,376479646
1996,45.504723,-73.556816,376479646
1997,45.504723,-73.556816,376479646
1998,45.504723,-73.556816,376479646
1999,45.504723,-73.556816,376479646
2000,45.504723,-73.556816,376479646
2001,45.504723,-73.556816,376479646
2002,45.504723,-73.556816,376479646
2003,45.504723,-73.556816,376479646
2004,45.504723,-73.556816,376479646
2005,45.504726,-73.55681,376479646
2006,45.50473,-73.55681,376479646
2007,45.504734,-73.55681,376479646
2008,45.50474,-73.5568,376479646
2009,45.50475,-73.55679,376479646
2010,45.504753,-73.55679,376479646
2011,45.50475,-73.55679,376479646
2012,45.50475,-73.55679,376479646
2013,45.50475,-73.55679,376479646
2014,45.50475,-73.55679,376479646
2015,45.50475,-73.55679,376479646
2016,45.50475,-73.55679,376479646
2017,45.50475,-73.55679,376479646
2018,45.50475,-73.55679,376479646
2019,45.50475,-73.55679,376479646
2020,45.50475,-73.55679,376479646
2021,45.50475,-73.55679,376479646
2022,45.50475,-73.55679,376479646
2023,45.50473,-73.55681,376479646
2024,45.504734,-73.55681,376479646
2025,45.504738,-73.5568,376479646
2026,45.504738,-73.5568,376479646
2027,45.504738,-73.5568,376479646
2028,45.504738,-73.5568,376479646
2029,45.504738,-73.5568,376479646
2030,45.504738,-73.5568,376479646
2031,45.504738,-73.5568,376479646
2032,45.504738,-73.5568,376479646
2033,45.504738,-73.5568,376479646
2034,45.504738,-73.5568,376479646
2035,45.504738,-73.5568,376479646
2036,45.504738,-73.5568,376479646
2037,45.504738,-73.5568,376479646
2038,45.504738,-73.5568,376479646
2039,45.504738,-73.5568,376479646
2040,45.504738,-73.5568,376479646
2041,45.504738,-73.5568,376479646
2042,45.504738,-73.5568,376479646
2043,45.504738,-73.5568,376479646
2044,45.504738,-73.5568,376479646
2045,45.504738,-73.5568,376479646
2046,45.504738,-73.5568,376479646
2047,45.504738,-73.5568,376479646
2048,45.504738,-73.5568,376479646
2049,45.504738,-73.5568,376479646
2050,45.504738,-73.5568,376479646
2051,45.504738,-73.5568,376479646
2052,45.504738,-73.5568,376479646
2053,45.504738,-73.5568,376479646
2054,45.50548,-73.55623,330720150
2055,45.50537,-73.553314,4320786
2056,45.505367,-73.55331,4320786
2057,45.505363,-73.55329,4320786
2058,45.505352,-73.55327,4320786
2059,45.50535,-73.55325,4320786
2060,45.50519,-73.55328,480646028
2061,45.505142,-73.55331,480646028
2062,45.50507,-73.55334,480646028
2063,45.505005,-73.55337,480646028
2064,45.504967,-73.55339,480646028
2065,45.504963,-73.55339,480646028
2066,45.50481,-73.55345,480646028
2067,45.504738,-73.55348,480646028
2068,45.50467,-73.55351,480646028
2069,45.504597,-73.55354,480646028
2070,45.50452,-73.553566,480646028
2071,45.504433,-73.553604,480646028
2072,45.504353,-73.553635,480646028
2073,45.50427,-73.553665,480646028
2074,45.504185,-73.5537,480646028
2075,45.504105,-73.55373,480646028
2076,45.50401,-73.55376,480646028
2077,45.503933,-73.55378,480646028
2078,45.503853,-73.55381,480646028
2079,45.50378,-73.553825,480646028
2080,45.503708,-73.55385,480646028
2081,45.503647,-73.553856,480646028
2082,45.503582,-73.55387,480646028
2083,45.503513,-73.55388,480646028
2084,45.50347,-73.55389,480646028
2085,45.503407,-73.553894,480646028
2086,45.50337,-73.553894,480646028
2087,45.50329,-73.55398,20319599
2088,45.503246,-73.55402,20319599
2089,45.50321,-73.55407,20319599
2090,45.503174,-73.55411,20319599
2091,45.50313,-73.55415,20319599
2092,45.5031,-73.55419,20319599
2093,45.503063,-73.55423,20319599
2094,45.50303,-73.55426,20319599
2095,45.503006,-73.55428,20319599
2096,45.502983,-73.554306,20319599
2097,45.502956,-73.55433,20319599
2098,45.502934,-73.55435,20319599
2099,45.5029,-73.55438,20319599
2100,45.502857,-73.55442,399679409
2101,45.502808,-73.55447,399679409
2102,45.502754,-73.55451,399679409
2103,45.502693,-73.554565,399679409
2104,45.502636,-73.55462,399679409
2105,45.502583,-73.554665,399679409
2106,45.50254,-73.5547,399679409
2107,45.50252,-73.55472,399679409
2108,45.502506,-73.55473,399679409
2109,45.502495,-73.55475,399679409
2110,45.502476,-73.55476,399679409
2111,45.502472,-73.55476,399679409
2112,45.502472,-73.55476,399679409
2113,45.502472,-73.55476,399679409
2114,45.502327,-73.5549,399679409
2115,45.502277,-73.55494,399679409
2116,45.502213,-73.554985,399679409
2117,45.502155,-73.555016,399679409
2118,45.5021,-73.555046,399679409
2119,45.502052,-73.55507,399679409
2120,45.502014,-73.55509,399679409
2121,45.501984,-73.55511,399679409
2122,45.50195,-73.55513,399679409
2123,45.501945,-73.55513,399679409
2124,45.501945,-73.55513,399679409
2125,45.501778,-73.55523,399679408
2126,45.50172,-73.55527,399679408
2127,45.50164,-73.55531,399679408
2128,45.501575,-73.55535,399679408
2129,45.501503,-73.55539,399679408
2130,45.501427,-73.555435,399679408
2131,45.501366,-73.55548,399679408
2132,45.50129,-73.55553,399679408
2133,45.501225,-73.55557,399679408
2134,45.50118,-73.55561,399679408
2135,45.501133,-73.55566,399679408
2136,45.501087,-73.555695,399679408
2137,45.501072,-73.55571,399679408
2138,45.50106,-73.555725,399679408
2139,45.501053,-73.55573,399679408
2140,45.501026,-73.555756,399679408
2141,45.501003,-73.55578,399679408
2142,45.501003,-73.55578,399679408
2143,45.501003,-73.55578,399679408
2144,45.500866,-73.5559,399679408
2145,45.500828,-73.55593,399679408
2146,45.500782,-73.55598,399679408
2147,45.50074,-73.55601,399679408
2148,45.500698,-73.556046,399679408
2149,45.50065,-73.55609,399679408
2150,45.500618,-73.556114,399679408
2151,45.500576,-73.55615,399679408
2152,45.500526,-73.5562,399679408
2153,45.500477,-73.55624,399679408
2154,45.500423,-73.55628,399679408
2155,45.50037,-73.55633,399679408
2156,45.5003,-73.55639,399679408
2157,45.500244,-73.55644,399679408
2158,45.5002,-73.55648,399679408
2159,45.500153,-73.55652,399679408
2160,45.500126,-73.55654,399679408
2161,45.50011,-73.55656,399679408
2162,45.500103,-73.55656,399679408
2163,45.500095,-73.556564,399679408
2164,45.500088,-73.55657,399679408
2165,45.500072,-73.55659,399679408
2166,45.500053,-73.5566,399679408
2167,45.50003,-73.556625,399679408
2168,45.50006,-73.556786,456365232
2169,45.500088,-73.55686,456365232
2170,45.500114,-73.55695,456365232
2171,45.50015,-73.557045,456365232
2172,45.500183,-73.55716,456365232
2173,45.50022,-73.55727,456365233
2174,45.500256,-73.55737,456365233
2175,45.500294,-73.55749,456365233
2176,45.500328,-73.557594,456365233
2177,45.500366,-73.55771,456365233
2178,45.500404,-73.55782,456365233
2179,45.50044,-73.55793,456365234
2180,45.50048,-73.55805,456365234
2181,45.50051,-73.55814,456365234
2182,45.500523,-73.55818,456365234
2183,45.50053,-73.558205,456365234
2184,45.50053,-73.558205,456365234
2185,45.500538,-73.55822,456365234
2186,45.500538,-73.55822,456365234
2187,45.500538,-73.55823,456365234
2188,45.500538,-73.55823,456365234
2189,45.500538,-73.55823,456365234
2190,45.500538,-73.55823,456365234
2191,45.500538,-73.55823,456365234
2192,45.500538,-73.55823,456365234
2193,45.500538,-73.55823,456365234
2194,45.500538,-73.55823,456365234
2195,45.500538,-73.55823,456365234
2196,45.500538,-73.55823,456365234
2197,45.500538,-73.55823,456365234
2198,45.500538,-73.55823,456365234
2199,45.500538,-73.55823,456365234
2200,45.500538,-73.55823,456365234
2201,45.500538,-73.55823,456365234
2202,45.500538,-73.55823,456365234
2203,45.500538,-73.55823,456365234
2204,45.500538,-73.55823,456365234
2205,45.500538,-73.55823,456365234
2206,45.500538,-73.55823,456365234
2207,45.500538,-73.55823,456365234
2208,45.500538,-73.55823,456365234
2209,45.500538,-73.55823,456365234
2210,45.500538,-73.55823,456365234
2211,45.500538,-73.55823,456365234
2212,45.500538,-73.55823,456365234
2213,45.50054,-73.558235,456365234
2214,45.500546,-73.55825,456365234
2215,45.500557,-73.55828,456365234
2216,45.500572,-73.558334,456365234
2217,45.500587,-73.55837,456365234
2218,45.50062,-73.55847,456365234
2219,45.50065,-73.558556,456365234
2220,45.500683,-73.558655,456365234
2221,45.500725,-73.55877,456365234
2222,45.50076,-73.558876,456365234
2223,45.5008,-73.559,456345788
2224,45.50085,-73.55912,456345788
2225,45.50089,-73.559235,456345788
2226,45.500923,-73.559326,456345788
2227,45.500946,-73.559395,456345788
2228,45.50097,-73.559456,456345788
2229,45.500988,-73.55951,456345788
2230,45.500996,-73.55953,456345788
2231,45.501003,-73.559555,456345788
2232,45.50104,-73.55957,376479646
2233,45.501072,-73.55955,376479646
2234,45.501118,-73.55952,376479646
2235,45.50114,-73.559494,376479646
2236,45.50116,-73.55948,376479646
2237,45.501217,-73.55944,376479646
2238,45.50124,-73.559425,376479646
2239,45.501293,-73.55938,376479646
2240,45.501263,-73.55941,376479646
2241,45.50128,-73.559395,376479646
2242,45.50127,-73.5594,376479646
2243,45.501247,-73.55942,376479646
2244,45.501236,-73.559425,376479646
2245,45.501266,-73.5594,376479646
2246,45.5013,-73.55938,376479646
2247,45.501312,-73.55937,376479646
2248,45.501316,-73.559364,376479646
2249,45.501324,-73.559364,376479646
2250,45.501324,-73.559364,376479646
2251,45.501324,-73.559364,376479646
2252,45.501324,-73.559364,376479646

