"1",45.54888,-73.63556,26134849
"2",45.54873,-73.63578,26134849
"3",45.54857,-73.63599,26134849
"4",45.54841,-73.6362,433813261
"5",45.54824,-73.6364,433813261
"6",45.54806,-73.63658,26134849
"7",45.54787,-73.63675,433813261
"8",45.54768,-73.63691,433813261
"9",45.54749,-73.63707,433813261
"10",45.54731,-73.63723,433813261
"11",45.54712,-73.63739,433813261
"12",45.54694,-73.63754,433813261
"13",45.54676,-73.63768,26134849
"14",45.54659,-73.63783,433813261
"15",45.54641,-73.63797,530901769
"16",45.54624,-73.63812,26134849
"17",45.54607,-73.63827,530901769
"18",45.54591,-73.63842,530901769
"19",45.54573,-73.63857,530901769
"20",45.54557,-73.63872,452017880
"21",45.5454,-73.63886,26134849
"22",45.54523,-73.639,37636651
"23",45.54507,-73.63914,26134849
"24",45.54491,-73.63928,37636651
"25",45.54475,-73.63942,37636651
"26",45.5446,-73.63956,26134849
"27",45.54444,-73.6397,26134849
"28",45.54428,-73.63984,26134849
"29",45.54411,-73.63997,26134849
"30",45.54395,-73.64011,37636651
"31",45.54378,-73.64024,463851681
"32",45.54361,-73.64038,37636651
"33",45.54343,-73.64051,26134849
"34",45.54325,-73.64063,26134849
"35",45.54307,-73.64076,37636651
"36",45.54288,-73.64088,37636651
"37",45.54271,-73.641,26134849
"38",45.54253,-73.64111,37636651
"39",45.54235,-73.64122,37636651
"40",45.54217,-73.64133,37636651
"41",45.542,-73.64145,37636651
"42",45.54182,-73.64156,37764785
"43",45.54164,-73.64168,26134849
"44",45.54146,-73.64179,37764785
"45",45.54128,-73.6419,37764785
"46",45.54111,-73.64201,37764785
"47",45.54093,-73.64213,452031268
"48",45.54076,-73.64224,37764785
"49",45.54058,-73.64235,37764785
"50",45.54039,-73.64246,26134849
"51",45.54021,-73.64257,37764785
"52",45.54002,-73.64269,37764785
"53",45.53983,-73.6428,26134849
"54",45.53964,-73.64292,37764783
"55",45.53945,-73.64304,26134849
"56",45.53926,-73.64315,37764783
"57",45.53908,-73.64326,37764783
"58",45.53889,-73.64337,26134874
"59",45.53871,-73.6435,26134874
"60",45.53852,-73.64362,37764783
"61",45.53834,-73.64374,26134874
"62",45.53816,-73.64386,26134874
"63",45.53798,-73.64398,37764785
"64",45.5378,-73.6441,26134874
"65",45.53761,-73.64422,37764785
"66",45.53742,-73.64434,37764783
"67",45.53723,-73.64447,37764785
"68",45.53704,-73.6446,37764785
"69",45.53684,-73.64472,37764783
"70",45.53665,-73.64485,37764785
"71",45.53647,-73.64497,37764783
"72",45.53628,-73.64509,37764785
"73",45.53609,-73.64521,37764783
"74",45.5359,-73.64533,37764785
"75",45.53571,-73.64546,37764783
"76",45.53551,-73.64559,37764781
"77",45.53531,-73.64571,37764783
"78",45.53511,-73.64583,37764781
"79",45.53492,-73.64595,38080673
"80",45.53472,-73.64607,163592277
"81",45.53453,-73.6462,163592277
"82",45.53434,-73.64633,38080673
"83",45.53416,-73.64645,38080673
"84",45.53397,-73.64658,38080673
"85",45.53379,-73.64671,38080673
"86",45.53361,-73.64684,163592277
"87",45.53343,-73.64697,20299587
"88",45.53326,-73.64709,163592277
"89",45.53309,-73.64722,38080673
"90",45.53292,-73.64734,163592277
"91",45.53275,-73.64747,163592277
"92",45.53257,-73.64758,361433700
"93",45.5324,-73.6477,361433700
"94",45.53222,-73.64783,38080673
"95",45.53203,-73.64795,38080673
"96",45.53185,-73.64808,38080673
"97",45.53166,-73.6482,38080673
"98",45.53148,-73.64832,38080670
"99",45.5313,-73.64844,38080673
"100",45.53112,-73.64856,372884997
"101",45.53093,-73.64868,38080673
"102",45.53074,-73.6488,38080673
"103",45.53055,-73.64893,372884997
"104",45.53037,-73.64905,38080673
"105",45.5302,-73.64917,38080673
"106",45.53003,-73.6493,38080673
"107",45.52986,-73.64943,38080673
"108",45.5297,-73.64957,38080673
"109",45.52953,-73.64972,38080673
"110",45.52937,-73.64988,38080673
"111",45.5292,-73.65004,38080673
"112",45.52905,-73.65021,38080673
"113",45.52889,-73.65037,38080673
"114",45.52873,-73.65054,38080673
"115",45.52857,-73.65071,38080673
"116",45.52841,-73.65088,38080673
"117",45.52825,-73.65104,38080673
"118",45.52808,-73.65119,38080673
"119",45.52792,-73.65133,38080673
"120",45.52775,-73.65145,37764780
"121",45.52759,-73.65156,37764780
"122",45.52742,-73.65165,37764780
"123",45.52724,-73.65174,202235975
"124",45.52705,-73.65182,202235975
"125",45.52686,-73.65189,38080677
"126",45.52666,-73.65194,38080657
"127",45.52647,-73.65198,38080668
"128",45.52627,-73.65201,38080668
"129",45.52608,-73.65204,38080668
"130",45.52588,-73.65208,38080668
"131",45.52569,-73.65212,38080668
"132",45.52549,-73.65215,20296280
"133",45.5253,-73.65219,162923743
"134",45.52511,-73.65223,20296280
"135",45.52492,-73.65229,437731512
"136",45.52473,-73.65234,437731512
"137",45.52455,-73.65241,18835340
"138",45.52437,-73.65249,437731512
"139",45.52418,-73.65258,18835340
"140",45.52398,-73.65267,437731512
"141",45.52377,-73.65277,18835340
"142",45.52356,-73.65287,437731512
"143",45.52336,-73.65298,18835340
"144",45.52316,-73.65309,37891141
"145",45.52296,-73.6532,37891141
"146",45.52277,-73.6533,453517083
"147",45.52259,-73.65341,37891141
"148",45.52241,-73.65352,37891141
"149",45.52223,-73.65363,37891141
"150",45.52205,-73.65374,37891141
"151",45.52188,-73.65385,37891134
"152",45.52172,-73.65395,37891141
"153",45.52156,-73.65405,37891134
"154",45.52142,-73.65414,37891141
"155",45.52127,-73.65423,37891134
"156",45.52114,-73.65432,37891141
"157",45.52101,-73.65441,37891134
"158",45.52087,-73.6545,37891133
"159",45.52073,-73.65458,37891140
"160",45.52058,-73.65468,37891133
"161",45.52043,-73.65478,37891140
"162",45.52027,-73.65487,37891133
"163",45.52012,-73.65497,37891133
"164",45.51997,-73.65506,37891140
"165",45.51982,-73.65516,37891133
"166",45.51966,-73.65525,37891133
"167",45.5195,-73.65536,37891140
"168",45.51932,-73.65547,37891133
"169",45.51915,-73.65558,37891140
"170",45.51897,-73.6557,37891133
"171",45.51879,-73.65582,20413127
"172",45.51861,-73.65594,37891140
"173",45.51843,-73.65605,437561680
"174",45.51826,-73.65617,20413127
"175",45.51808,-73.65628,437561680
"176",45.5179,-73.6564,20413127
"177",45.51773,-73.65651,20413128
"178",45.51756,-73.65662,20413127
"179",45.51739,-73.65674,20413127
"180",45.51722,-73.65685,437561680
"181",45.51706,-73.65696,20413127
"182",45.5169,-73.65707,437561680
"183",45.51674,-73.65719,20413127
"184",45.51657,-73.65729,437561680
"185",45.51641,-73.6574,20413127
"186",45.51624,-73.65751,20413127
"187",45.51607,-73.65763,437561680
"188",45.5159,-73.65775,20413127
"189",45.51573,-73.65786,437561680
"190",45.51557,-73.65798,20413127
"191",45.51541,-73.65809,20413127
"192",45.51525,-73.65819,437561680
"193",45.51509,-73.6583,164060504
"194",45.51493,-73.6584,164060504
"195",45.51477,-73.65851,437561680
"196",45.51461,-73.65861,437561680
"197",45.51445,-73.65872,437561680
"198",45.51429,-73.65882,437561680
"199",45.51412,-73.65892,164060506
"200",45.51396,-73.65902,437561680
"201",45.5138,-73.65913,164060506
"202",45.51364,-73.65923,437561680
"203",45.51349,-73.65933,164060506
"204",45.51333,-73.65943,164060506
"205",45.51317,-73.65953,437561680
"206",45.51301,-73.65963,164060506
"207",45.51285,-73.65973,164060506
"208",45.51269,-73.65983,437561680
"209",45.51252,-73.65993,164060506
"210",45.51236,-73.66003,437561680
"211",45.5122,-73.66013,26134904
"212",45.51204,-73.66024,20413127
"213",45.51189,-73.66034,20413127
"214",45.51173,-73.66044,26134904
"215",45.51157,-73.66055,26134904
"216",45.5114,-73.66065,26134904
"217",45.51124,-73.66076,26134904
"218",45.51106,-73.66087,26134904
"219",45.51088,-73.66098,26134904
"220",45.5107,-73.6611,26134904
"221",45.51051,-73.66122,26134904
"222",45.51034,-73.66134,26134904
"223",45.51017,-73.66145,128169246
"224",45.51,-73.66156,26134904
"225",45.50985,-73.66166,128169246
"226",45.50969,-73.66176,20413127
"227",45.50954,-73.66186,20413127
"228",45.5094,-73.66195,128169246
"229",45.50927,-73.66203,409068388
"230",45.50913,-73.66212,409068388
"231",45.50901,-73.6622,128169246
"232",45.50888,-73.66228,409068388
"233",45.50875,-73.66236,128169246
"234",45.50862,-73.66244,128169246
"235",45.50849,-73.66252,128169246
"236",45.50836,-73.66261,128169246
"237",45.50823,-73.6627,164060500
"238",45.50809,-73.66279,164060500
"239",45.50795,-73.66287,128169246
"240",45.50781,-73.66296,164060500
"241",45.50767,-73.66304,128169246
"242",45.50752,-73.66312,164060500
"243",45.50737,-73.66321,128169246
"244",45.50723,-73.66329,164060500
"245",45.50708,-73.66338,164060497
"246",45.50693,-73.66346,128169246
"247",45.50679,-73.66355,164060497
"248",45.50665,-73.66363,128169246
"249",45.50651,-73.66371,164060497
"250",45.50636,-73.66379,74777417
"251",45.50622,-73.66387,164060497
"252",45.50609,-73.66396,74777417
"253",45.50595,-73.66404,74777417
"254",45.50582,-73.66413,128169246
"255",45.50569,-73.66421,74777417
"256",45.50555,-73.6643,128169246
"257",45.50542,-73.66438,74777417
"258",45.5053,-73.66446,74777417
"259",45.50517,-73.66454,74777417
"260",45.50506,-73.66462,74777417
"261",45.50495,-73.6647,74777417
"262",45.50484,-73.66479,74777417
"263",45.50474,-73.66488,21172575
"264",45.50465,-73.66498,26134961
"265",45.50456,-73.66509,26134961
"266",45.50448,-73.6652,26134961
"267",45.5044,-73.66531,11040123
"268",45.50432,-73.66542,11040123
"269",45.50424,-73.66552,11040123
"270",45.50416,-73.66561,11040123
"271",45.50407,-73.66569,11040123
"272",45.50398,-73.66574,11040123
"273",45.50389,-73.66578,11040123
"274",45.50379,-73.66581,26134969
"275",45.50369,-73.66583,26134969
"276",45.50359,-73.66584,26134969
"277",45.50348,-73.66583,26134969
"278",45.50338,-73.66582,26134969
"279",45.50328,-73.6658,26134969
"280",45.50318,-73.66576,26134969
"281",45.50308,-73.66571,26134969
"282",45.50299,-73.66565,26134969
"283",45.50291,-73.66557,26134969
"284",45.50283,-73.66549,26134969
"285",45.50276,-73.66539,26134969
"286",45.50271,-73.66528,26134969
"287",45.50265,-73.66515,26134969
"288",45.50259,-73.66502,26134969
"289",45.50255,-73.66488,26134969
"290",45.5025,-73.66475,26134969
"291",45.50246,-73.66464,26134969
"292",45.50241,-73.66454,26134969
"293",45.50234,-73.66444,26134969
"294",45.50227,-73.66433,26134969
"295",45.50218,-73.66424,26134969
"296",45.50209,-73.66415,26134969
"297",45.50199,-73.66406,26134969
"298",45.5019,-73.66397,26134969
"299",45.5018,-73.66388,26134969
"300",45.50169,-73.66379,26134969
"301",45.50158,-73.66369,272953305
"302",45.50147,-73.66359,272953305
"303",45.50136,-73.66348,272953305
"304",45.50125,-73.66338,272953305
"305",45.50113,-73.66327,272953305
"306",45.50102,-73.66315,272953305
"307",45.5009,-73.66304,272953305
"308",45.50078,-73.66292,272953305
"309",45.50067,-73.66279,272953305
"310",45.50056,-73.66267,272953305
"311",45.50046,-73.66254,272953305
"312",45.50036,-73.66243,272953305
"313",45.50027,-73.66232,272953305
"314",45.5002,-73.66223,272953305
"315",45.50014,-73.66216,272953305
"316",45.50008,-73.66209,272953305
"317",45.50003,-73.66202,272953305
"318",45.49998,-73.66197,272953305
"319",45.49993,-73.66191,272953305
"320",45.49987,-73.66184,272953305
"321",45.49981,-73.66176,272953305
"322",45.49974,-73.66168,272953305
"323",45.49967,-73.66158,272953305
"324",45.49959,-73.66147,272953305
"325",45.49951,-73.66134,272953305
"326",45.49941,-73.6612,272953305
"327",45.4993,-73.66104,272953305
"328",45.49918,-73.66086,272953305
"329",45.49906,-73.66067,272953305
"330",45.49892,-73.66047,272953305
"331",45.49878,-73.66025,272953305
"332",45.49864,-73.66002,272953305
"333",45.49851,-73.6598,272953305
"334",45.49837,-73.65958,272953305
"335",45.49824,-73.65936,272953305
"336",45.4981,-73.65915,272953305
"337",45.49797,-73.65893,272953305
"338",45.49783,-73.65872,272953305
"339",45.4977,-73.65851,272953305
"340",45.49757,-73.6583,272953305
"341",45.49745,-73.6581,272953305
"342",45.49732,-73.65791,272953305
"343",45.4972,-73.65771,272953305
"344",45.49707,-73.65751,272953305
"345",45.49694,-73.65732,272953305
"346",45.49682,-73.65712,272953305
"347",45.4967,-73.65692,272953305
"348",45.49658,-73.65672,272953305
"349",45.49645,-73.65653,272953305
"350",45.49633,-73.65634,272953305
"351",45.49621,-73.65614,272953305
"352",45.49609,-73.65595,272953305
"353",45.49596,-73.65575,272953305
"354",45.49584,-73.65556,272953305
"355",45.49571,-73.65537,272953305
"356",45.49559,-73.65518,272953305
"357",45.49546,-73.65499,272953305
"358",45.49534,-73.65479,272953305
"359",45.49522,-73.6546,272953305
"360",45.4951,-73.65441,272953305
"361",45.49498,-73.65421,272953305
"362",45.49485,-73.65401,272953305
"363",45.49472,-73.6538,272953305
"364",45.49458,-73.65359,272953305
"365",45.49445,-73.65338,272953305
"366",45.49431,-73.65316,272953305
"367",45.49418,-73.65293,272953305
"368",45.49405,-73.65271,272953305
"369",45.49392,-73.65248,272953305
"370",45.4938,-73.65225,272953305
"371",45.49368,-73.65201,272953305
"372",45.49356,-73.65178,272953305
"373",45.49344,-73.65154,272953305
"374",45.49333,-73.65131,272953305
"375",45.49323,-73.65107,272953305
"376",45.49312,-73.65085,272953305
"377",45.49303,-73.65061,177235879
"378",45.49293,-73.65038,177235879
"379",45.49283,-73.65016,177235873
"380",45.49274,-73.64994,177235873
"381",45.49265,-73.64972,177235873
"382",45.49255,-73.6495,177235873
"383",45.49247,-73.64928,177235873
"384",45.49238,-73.64906,177235873
"385",45.49229,-73.64884,177235873
"386",45.49219,-73.64862,177235873
"387",45.4921,-73.6484,177235873
"388",45.49201,-73.64817,177235873
"389",45.49191,-73.64795,177235873
"390",45.49182,-73.64771,177235873
"391",45.49173,-73.64747,177235873
"392",45.49162,-73.64723,177235873
"393",45.49153,-73.647,177235873
"394",45.49142,-73.64676,177235873
"395",45.49133,-73.64652,177235873
"396",45.49124,-73.64628,177235873
"397",45.49112,-73.64605,177235873
"398",45.49102,-73.64582,177235873
"399",45.49091,-73.64558,177235873
"400",45.49081,-73.64535,177235873
"401",45.4907,-73.64513,177235873
"402",45.49059,-73.64491,177235873
"403",45.49049,-73.64469,177235873
"404",45.49039,-73.64445,177235873
"405",45.49028,-73.64422,177235873
"406",45.49017,-73.64397,177235873
"407",45.49007,-73.64372,177235873
"408",45.48996,-73.64346,177235873
"409",45.48984,-73.64321,177235873
"410",45.48973,-73.64296,177235873
"411",45.48962,-73.64271,177235873
"412",45.4895,-73.64246,177235873
"413",45.48939,-73.6422,177235873
"414",45.48928,-73.64195,177235873
"415",45.48916,-73.64171,177235873
"416",45.48905,-73.64147,177235873
"417",45.48895,-73.64123,177235873
"418",45.48885,-73.64099,177235873
"419",45.48874,-73.64076,177235873
"420",45.48863,-73.64053,177235873
"421",45.48853,-73.64029,177235873
"422",45.48842,-73.64006,177235873
"423",45.48831,-73.63983,177235873
"424",45.4882,-73.6396,177235873
"425",45.48809,-73.63936,177235873
"426",45.48799,-73.63913,177235873
"427",45.48789,-73.63889,177235873
"428",45.48779,-73.63866,177235873
"429",45.4877,-73.63843,177235873
"430",45.4876,-73.6382,177235873
"431",45.48751,-73.63797,177235873
"432",45.48741,-73.63775,177235873
"433",45.48732,-73.63754,177235873
"434",45.48723,-73.63734,177235873
"435",45.48714,-73.63713,177235873
"436",45.48704,-73.63693,177235873
"437",45.48694,-73.63673,177235873
"438",45.48684,-73.63651,177235873
"439",45.48673,-73.63629,177235873
"440",45.48663,-73.63607,177235873
"441",45.48654,-73.63585,177235873
"442",45.48644,-73.63563,177235873
"443",45.48633,-73.63541,177235873
"444",45.48624,-73.63519,177235873
"445",45.48614,-73.63498,177235873
"446",45.48605,-73.63476,177235873
"447",45.48596,-73.63455,177235873
"448",45.48586,-73.63434,177235873
"449",45.48577,-73.63412,177235873
"450",45.48567,-73.63388,177235873
"451",45.48556,-73.63365,177235873
"452",45.48545,-73.63342,177235873
"453",45.48534,-73.63318,177235873
"454",45.48523,-73.63295,177235873
"455",45.48513,-73.6327,177235873
"456",45.48503,-73.63247,177235873
"457",45.48493,-73.63224,177235873
"458",45.48483,-73.63201,177235873
"459",45.48474,-73.63178,177235873
"460",45.48465,-73.63155,177235873
"461",45.48455,-73.63132,177235873
"462",45.48445,-73.63109,177235873
"463",45.48435,-73.63087,177235873
"464",45.48425,-73.63065,177235873
"465",45.48415,-73.63043,177235873
"466",45.48406,-73.63022,177235873
"467",45.48396,-73.63001,177235873
"468",45.48386,-73.62979,177235873
"469",45.48377,-73.62958,177235873
"470",45.48366,-73.62936,177235873
"471",45.48356,-73.62913,177235873
"472",45.48346,-73.6289,177235873
"473",45.48335,-73.62867,177235873
"474",45.48324,-73.62844,177235873
"475",45.48315,-73.62819,177235873
"476",45.48303,-73.62795,177235873
"477",45.48292,-73.6277,177235873
"478",45.48282,-73.62745,177235873
"479",45.48271,-73.6272,177235873
"480",45.48261,-73.62696,177235873
"481",45.4825,-73.62673,177235873
"482",45.48239,-73.62649,177235873
"483",45.48227,-73.62627,177235873
"484",45.48216,-73.62603,177235873
"485",45.48206,-73.62581,177235873
"486",45.48196,-73.62558,177235873
"487",45.48187,-73.62536,177235873
"488",45.48177,-73.62515,177235873
"489",45.48167,-73.62495,177235873
"490",45.48158,-73.62475,177235873
"491",45.4815,-73.62455,177235873
"492",45.48142,-73.62437,177235873
"493",45.48134,-73.62419,177235873
"494",45.48125,-73.62401,177235873
"495",45.48118,-73.62382,177235873
"496",45.4811,-73.62364,177235873
"497",45.48102,-73.62347,177235873
"498",45.48094,-73.62327,177235873
"499",45.48086,-73.62307,177235873
"500",45.48078,-73.62286,177235873
"501",45.4807,-73.62266,177235873
"502",45.4806,-73.62246,177235873
"503",45.4805,-73.62226,177235873
"504",45.48041,-73.62205,177235873
"505",45.4803,-73.62184,177235873
"506",45.48019,-73.62164,177235873
"507",45.48006,-73.62147,177235873
"508",45.47994,-73.6213,177235873
"509",45.47981,-73.62112,177235873
"510",45.47968,-73.62094,177235873
"511",45.47953,-73.62078,177235873
"512",45.47939,-73.62062,177235873
"513",45.47924,-73.62048,177235873
"514",45.47909,-73.62033,177235873
"515",45.47894,-73.6202,177235873
"516",45.47877,-73.62005,177235873
"517",45.4786,-73.61991,177235873
"518",45.47844,-73.61977,177235873
"519",45.47827,-73.61964,177235873
"520",45.47812,-73.61949,177235873
"521",45.47796,-73.61935,177235873
"522",45.4778,-73.61919,177235873
"523",45.47764,-73.61904,177235873
"524",45.47749,-73.61887,24221229
"525",45.47734,-73.6187,548718289
"526",45.47719,-73.61852,548718289
"527",45.47705,-73.61833,20572236
"528",45.47691,-73.61812,20572236
"529",45.47663,-73.61768,176209973
"530",45.47568,-73.6161,20572237
"531",45.47555,-73.61586,20572237
"532",45.47541,-73.61558,20572237
"533",45.4753,-73.61533,20572237
"534",45.4752,-73.6151,548718292
"535",45.4751,-73.6149,548718292
"536",45.475,-73.6147,548718292
"537",45.47489,-73.61449,548718292
"538",45.47478,-73.61429,548718292
"539",45.47468,-73.61409,548718292
"540",45.47457,-73.61388,548718292
"541",45.47448,-73.61368,548718292
"542",45.47439,-73.61347,548718292
"543",45.4743,-73.61326,548718292
"544",45.47422,-73.61306,548718292
"545",45.47413,-73.61287,548718292
"546",45.47405,-73.61268,548718292
"547",45.47397,-73.61249,548718292
"548",45.47388,-73.61231,548718292
"549",45.4738,-73.61213,548718292
"550",45.47372,-73.61196,548718292
"551",45.47363,-73.61178,548718292
"552",45.47355,-73.6116,548718292
"553",45.47347,-73.61142,548718292
"554",45.47338,-73.61124,548718292
"555",45.47329,-73.61104,548718292
"556",45.47319,-73.61085,176209976
"557",45.47311,-73.61066,176209976
"558",45.47302,-73.61048,176209976
"559",45.47292,-73.61028,176209979
"560",45.47282,-73.61006,176209979
"561",45.47271,-73.60986,400819501
"562",45.47262,-73.60965,400819501
"563",45.47252,-73.60943,400819501
"564",45.47242,-73.60921,400819501
"565",45.47233,-73.609,400819501
"566",45.47224,-73.60879,400819501
"567",45.47215,-73.60859,400819501
"568",45.47206,-73.60839,400819501
"569",45.47197,-73.60819,400819501
"570",45.47188,-73.60799,400819501
"571",45.47179,-73.6078,400819501
"572",45.4717,-73.6076,484638765
"573",45.47161,-73.6074,484638765
"574",45.47151,-73.60721,484638765
"575",45.47143,-73.607,484638766
"576",45.47134,-73.6068,484638766
"577",45.47125,-73.60661,484638766
"578",45.47116,-73.60641,484638766
"579",45.47108,-73.60622,484638766
"580",45.471,-73.60603,484638766
"581",45.47093,-73.60583,484638766
"582",45.47084,-73.60564,484638766
"583",45.47076,-73.60544,484638766
"584",45.47067,-73.60523,484638766
"585",45.47059,-73.60503,484638766
"586",45.47049,-73.60482,484638766
"587",45.4704,-73.60461,484638766
"588",45.47031,-73.60439,484638766
"589",45.47022,-73.60418,484638766
"590",45.47012,-73.60396,484638766
"591",45.47003,-73.60375,484638766
"592",45.46994,-73.60354,484638766
"593",45.46986,-73.60332,484638766
"594",45.46977,-73.6031,484638766
"595",45.4697,-73.60288,484638766
"596",45.46963,-73.60266,484638766
"597",45.46957,-73.60245,484638766
"598",45.46953,-73.60226,419357130
"599",45.4695,-73.60206,419357130
"600",45.46948,-73.60186,419357130
"601",45.46947,-73.60166,419357130
"602",45.46946,-73.60145,419357131
"603",45.46945,-73.60125,419357131
"604",45.46945,-73.60105,419357131
"605",45.46945,-73.60085,419357133
"606",45.46947,-73.60064,546124282
"607",45.46949,-73.60045,546124282
"608",45.46953,-73.60023,546124282
"609",45.46959,-73.60002,546124282
"610",45.46964,-73.59983,546124282
"611",45.46969,-73.59964,546124282
"612",45.46974,-73.59947,546124282
"613",45.46979,-73.59929,546124282
"614",45.46985,-73.59913,546124282
"615",45.46991,-73.59896,546124282
"616",45.46998,-73.59881,546124282
"617",45.47005,-73.59866,546124282
"618",45.47012,-73.59853,546124282
"619",45.47019,-73.5984,546124282
"620",45.47025,-73.59829,546124282
"621",45.47033,-73.59817,546124282
"622",45.4704,-73.59807,546124282
"623",45.47048,-73.59797,546124282
"624",45.47057,-73.59786,546124282
"625",45.47066,-73.59775,546124282
"626",45.47075,-73.59763,546124282
"627",45.47085,-73.59752,546124282
"628",45.47095,-73.5974,546124282
"629",45.47105,-73.59729,546124282
"630",45.47115,-73.59719,546124282
"631",45.47126,-73.59708,546124282
"632",45.47136,-73.59698,546124282
"633",45.47148,-73.59688,546124282
"634",45.4716,-73.59679,546124282
"635",45.47173,-73.59671,546124282
"636",45.47186,-73.59664,546124282
"637",45.47199,-73.59658,454754489
"638",45.47211,-73.59653,454754489
"639",45.47223,-73.59649,454754489
"640",45.47236,-73.59646,454754489
"641",45.47249,-73.59643,454754489
"642",45.47262,-73.59639,454754489
"643",45.47275,-73.59635,454754489
"644",45.47289,-73.59632,439710220
"645",45.47302,-73.59628,439710220
"646",45.47316,-73.59623,687959820
"647",45.4733,-73.59619,687959820
"648",45.47344,-73.59614,687959820
"649",45.47359,-73.59609,687959820
"650",45.47375,-73.59604,687959820
"651",45.4739,-73.59598,687959820
"652",45.47405,-73.59592,687959820
"653",45.4742,-73.59586,687959820
"654",45.47436,-73.5958,687959819
"655",45.47452,-73.59574,401987800
"656",45.47467,-73.59568,401987800
"657",45.47483,-73.59562,401987800
"658",45.47499,-73.59555,401987800
"659",45.47515,-73.59549,454754490
"660",45.47532,-73.59542,454754490
"661",45.47548,-73.59535,454754490
"662",45.47564,-73.59529,454754490
"663",45.4758,-73.59522,454754491
"664",45.47597,-73.59516,454754492
"665",45.47613,-73.59508,454754492
"666",45.47629,-73.595,454754492
"667",45.47645,-73.59492,454754492
"668",45.47662,-73.59483,454754492
"669",45.47678,-73.59472,454754492
"670",45.47694,-73.59462,454754492
"671",45.4771,-73.5945,454754492
"672",45.47726,-73.59438,454754492
"673",45.47742,-73.59427,454754492
"674",45.47759,-73.59416,454754492
"675",45.47775,-73.59403,454754492
"676",45.47791,-73.59389,454754492
"677",45.47806,-73.59374,454754492
"678",45.47821,-73.59357,454754492
"679",45.47836,-73.5934,454754492
"680",45.4785,-73.59322,454754492
"681",45.47863,-73.59304,454754492
"682",45.47876,-73.59285,454754492
"683",45.47889,-73.59266,454754492
"684",45.47901,-73.59247,454754492
"685",45.47914,-73.59228,454754492
"686",45.47926,-73.59209,454754492
"687",45.47938,-73.5919,454754492
"688",45.4795,-73.59171,402181671
"689",45.47962,-73.59152,402181671
"690",45.47975,-73.59134,402181671
"691",45.47987,-73.59115,402181671
"692",45.48,-73.59097,402181671
"693",45.48013,-73.59079,402181671
"694",45.48026,-73.59061,402181671
"695",45.48038,-73.59043,402181671
"696",45.48051,-73.59025,402181671
"697",45.48063,-73.59008,402181671
"698",45.48075,-73.58989,402181671
"699",45.48088,-73.58971,402181671
"700",45.481,-73.58953,402181671
"701",45.48112,-73.58936,402181671
"702",45.48123,-73.58918,402181671
"703",45.48136,-73.58899,402181671
"704",45.48148,-73.58881,402181671
"705",45.4816,-73.58863,402181671
"706",45.48172,-73.58844,402181671
"707",45.48184,-73.58825,402181671
"708",45.48197,-73.58805,402181671
"709",45.48209,-73.58786,402181671
"710",45.48221,-73.58767,402181671
"711",45.48234,-73.58748,402181671
"712",45.48246,-73.58728,454754493
"713",45.48258,-73.58709,454754493
"714",45.48271,-73.58689,454754493
"715",45.48283,-73.5867,454754493
"716",45.48296,-73.58651,430589823
"717",45.48308,-73.58632,430589823
"718",45.4832,-73.58613,430589823
"719",45.48332,-73.58593,430589823
"720",45.48344,-73.58574,430589823
"721",45.48355,-73.58555,430589823
"722",45.48367,-73.58535,430589823
"723",45.48379,-73.58515,430589823
"724",45.48391,-73.58495,430589823
"725",45.48404,-73.58475,430589823
"726",45.48416,-73.58456,430589823
"727",45.48428,-73.58436,523748558
"728",45.4844,-73.58417,523748558
"729",45.48451,-73.58398,523748559
"730",45.48463,-73.58379,523748559
"731",45.48474,-73.5836,523748559
"732",45.48486,-73.58341,454754496
"733",45.48497,-73.58322,454754496
"734",45.48508,-73.58303,454754496
"735",45.48518,-73.58285,454754496
"736",45.48528,-73.58266,454754496
"737",45.48539,-73.58248,454754496
"738",45.48549,-73.58231,454754496
"739",45.48559,-73.58213,454754496
"740",45.4857,-73.58196,454754496
"741",45.4858,-73.58178,454754496
"742",45.4859,-73.5816,454754496
"743",45.48601,-73.58143,454754496
"744",45.48611,-73.58126,454754496
"745",45.48621,-73.5811,454754496
"746",45.48631,-73.58094,454754496
"747",45.4864,-73.58079,454754496
"748",45.4865,-73.58063,454754496
"749",45.48658,-73.58049,454754496
"750",45.48667,-73.58035,454754496
"751",45.48677,-73.58022,454754496
"752",45.48687,-73.58012,454754496
"753",45.48698,-73.58001,454754496
"754",45.48709,-73.57992,454754496
"755",45.48722,-73.57985,454754496
"756",45.48735,-73.57979,454754496
"757",45.48748,-73.57973,35165656
"758",45.4876,-73.57967,35165656
"759",45.48772,-73.5796,35165656
"760",45.48782,-73.57952,35165656
"761",45.48791,-73.57943,35165656
"762",45.48798,-73.57935,35165656
"763",45.48807,-73.57924,35165656
"764",45.48816,-73.57913,35165656
"765",45.48825,-73.57899,35165656
"766",45.48836,-73.57885,35165656
"767",45.48845,-73.57871,35165656
"768",45.48855,-73.57857,96268484
"769",45.48864,-73.57844,96268484
"770",45.48873,-73.5783,96268484
"771",45.48882,-73.57816,96268484
"772",45.48892,-73.57803,96268484
"773",45.48901,-73.57789,96268484
"774",45.4891,-73.57776,96268484
"775",45.48919,-73.57763,96268484
"776",45.48928,-73.57752,96268484
"777",45.48938,-73.57739,96268484
"778",45.48947,-73.57728,96268484
"779",45.48956,-73.57718,96268484
"780",45.48964,-73.5771,96268484
"781",45.48972,-73.57702,313629696
"782",45.4898,-73.57697,313629696
"783",45.48987,-73.57694,313629696
"784",45.48995,-73.57691,313629696
"785",45.49004,-73.57689,313629696
"786",45.49012,-73.57688,313629696
"787",45.49021,-73.57688,313629696
"788",45.4903,-73.57688,313629696
"789",45.49039,-73.5769,313629696
"790",45.49048,-73.57693,313629696
"791",45.49057,-73.57697,96268485
"792",45.49066,-73.57701,96268485
"793",45.49075,-73.57705,96268485
"794",45.49083,-73.57711,96268485
"795",45.4909,-73.57716,96268485
"796",45.49095,-73.57721,96268485
"797",45.49099,-73.57724,96268485
"798",45.49101,-73.57726,96268485
"799",45.49102,-73.57726,96268485
"800",45.49102,-73.57726,96268485
"801",45.49102,-73.57726,96268485
"802",45.49102,-73.57726,96268485
"803",45.49102,-73.57726,96268485
"804",45.49102,-73.57726,96268485
"805",45.49102,-73.57726,96268485
"806",45.49102,-73.57726,96268485
"807",45.49102,-73.57726,96268485
"808",45.49102,-73.57726,96268485
"809",45.49102,-73.57726,96268485
"810",45.49102,-73.57726,96268485
"811",45.49102,-73.57726,96268485
"812",45.49102,-73.57726,96268485
"813",45.49102,-73.57726,96268485
"814",45.49102,-73.57726,96268485
"815",45.49102,-73.57726,96268485
"816",45.49102,-73.57726,96268485
"817",45.49102,-73.57726,96268485
"818",45.49102,-73.57726,96268485
"819",45.49102,-73.57726,96268485
"820",45.49102,-73.57726,96268485
"821",45.49102,-73.57726,96268485
"822",45.49102,-73.57726,96268485
"823",45.49102,-73.57726,96268485
"824",45.49102,-73.57726,96268485
"825",45.49102,-73.57726,96268485
"826",45.49102,-73.57726,96268485
"827",45.49102,-73.57726,96268485
"828",45.49102,-73.57726,96268485
"829",45.49102,-73.57726,96268485
"830",45.49102,-73.57726,96268485
"831",45.49102,-73.57726,96268485
"832",45.49102,-73.57726,96268485
"833",45.49102,-73.57726,96268485
"834",45.49102,-73.57726,96268485
"835",45.49102,-73.57726,96268485
"836",45.49102,-73.57726,96268485
"837",45.49102,-73.57726,96268485
"838",45.49103,-73.57728,96268485
"839",45.49106,-73.57732,96268485
"840",45.49109,-73.57734,96268485
"841",45.49114,-73.57735,455083968
"842",45.49119,-73.57733,455083968
"843",45.49126,-73.57729,455083968
"844",45.49134,-73.57722,455083968
"845",45.49143,-73.57715,455083968
"846",45.49152,-73.57709,455083968
"847",45.4916,-73.57702,455083968
"848",45.49167,-73.57696,455083968
"849",45.49174,-73.5769,455083976
"850",45.49179,-73.57685,455083976
"851",45.49184,-73.57681,455083976
"852",45.49187,-73.57678,455083976
"853",45.4919,-73.57676,455083976
"854",45.49192,-73.57674,455083976
"855",45.49194,-73.57673,455083976
"856",45.49196,-73.57672,455083976
"857",45.49197,-73.57671,455083976
"858",45.49197,-73.5767,455083976
"859",45.49197,-73.5767,455083976
"860",45.49197,-73.5767,455083976
"861",45.49197,-73.5767,455083976
"862",45.49197,-73.5767,455083976
"863",45.49197,-73.5767,455083976
"864",45.49197,-73.5767,455083976
"865",45.49197,-73.5767,455083976
"866",45.49197,-73.5767,455083976
"867",45.49197,-73.5767,455083976
"868",45.49197,-73.5767,455083976
"869",45.49197,-73.5767,455083976
"870",45.49197,-73.5767,455083976
"871",45.49197,-73.5767,455083976
"872",45.49197,-73.5767,455083976
"873",45.49197,-73.5767,455083976
"874",45.49197,-73.5767,455083976
"875",45.49197,-73.5767,455083976
"876",45.49197,-73.5767,455083976
"877",45.49197,-73.5767,455083976
"878",45.49197,-73.5767,455083976
"879",45.49197,-73.5767,455083976
"880",45.49197,-73.5767,455083976
"881",45.49197,-73.5767,455083976
"882",45.49198,-73.57669,455083976
"883",45.492,-73.57668,455083976
"884",45.49202,-73.57666,455083976
"885",45.49205,-73.57663,455083976
"886",45.4921,-73.57659,455083976
"887",45.49215,-73.57655,455083976
"888",45.4922,-73.5765,455083976
"889",45.49226,-73.57644,41258973
"890",45.49233,-73.57638,41258973
"891",45.4924,-73.57632,41258973
"892",45.49247,-73.57625,41258973
"893",45.49253,-73.57619,41258973
"894",45.4926,-73.57613,41258973
"895",45.49267,-73.57607,41258973
"896",45.49273,-73.576,41258973
"897",45.49279,-73.57594,41258973
"898",45.49284,-73.57589,41258973
"899",45.4929,-73.57583,41258973
"900",45.49295,-73.57578,41258973
"901",45.49301,-73.57572,41258973
"902",45.49306,-73.57566,41258973
"903",45.49312,-73.57561,41258973
"904",45.49318,-73.57555,41258973
"905",45.49324,-73.57549,41258973
"906",45.49331,-73.57542,41258973
"907",45.49338,-73.57536,41258973
"908",45.49345,-73.57529,41258973
"909",45.49351,-73.57523,41258973
"910",45.49355,-73.57518,41258973
"911",45.49358,-73.57514,41258973
"912",45.4936,-73.57512,41258973
"913",45.49361,-73.57511,41258973
"914",45.49361,-73.57511,41258973
"915",45.49361,-73.57511,41258973
"916",45.49361,-73.57511,41258973
"917",45.49361,-73.57511,41258973
"918",45.49361,-73.57511,41258973
"919",45.49361,-73.57511,41258973
"920",45.49361,-73.57511,41258973
"921",45.49361,-73.57511,41258973
"922",45.49361,-73.57511,41258973
"923",45.49361,-73.57511,41258973
"924",45.49361,-73.57511,41258973
"925",45.49361,-73.57511,41258973
"926",45.49361,-73.57511,41258973
"927",45.49361,-73.57511,41258973
"928",45.49361,-73.57511,41258973
"929",45.49361,-73.57511,41258973
"930",45.49361,-73.57511,41258973
"931",45.49361,-73.57511,41258973
"932",45.49361,-73.57511,41258973
"933",45.49361,-73.57511,41258973
"934",45.49361,-73.57511,41258973
"935",45.49361,-73.57511,41258973
"936",45.49361,-73.57511,41258973
"937",45.49361,-73.57511,41258973
"938",45.49361,-73.57511,41258973
"939",45.49361,-73.57511,41258973
"940",45.49361,-73.57511,41258973
"941",45.49361,-73.57511,41258973
"942",45.49361,-73.57511,41258973
"943",45.49361,-73.57511,41258973
"944",45.49361,-73.57511,41258973
"945",45.49361,-73.57511,41258973
"946",45.49361,-73.57511,41258973
"947",45.49361,-73.57511,41258973
"948",45.49361,-73.57511,41258973
"949",45.49361,-73.57511,41258973
"950",45.49361,-73.57511,41258973
"951",45.49361,-73.57511,41258973
"952",45.49361,-73.57511,41258973
"953",45.49361,-73.57511,41258973
"954",45.49361,-73.57511,41258973
"955",45.49361,-73.57511,41258973
"956",45.49361,-73.57511,41258973
"957",45.49361,-73.57511,41258973
"958",45.49361,-73.57511,41258973
"959",45.49361,-73.57511,41258973
"960",45.49361,-73.57511,41258973
"961",45.49361,-73.57511,41258973
"962",45.49361,-73.57511,41258973
"963",45.49361,-73.57511,41258973
"964",45.49361,-73.57511,41258973
"965",45.49361,-73.57511,41258973
"966",45.49361,-73.57511,41258973
"967",45.49361,-73.57511,41258973
"968",45.49361,-73.57511,41258973
"969",45.49361,-73.57511,41258973
"970",45.49361,-73.57511,41258973
"971",45.49361,-73.57511,41258973
"972",45.49361,-73.57511,41258973
"973",45.49361,-73.57511,41258973
"974",45.49361,-73.57511,41258973
"975",45.49364,-73.57508,41258973
"976",45.49365,-73.57506,41258973
"977",45.49367,-73.57504,41258973
"978",45.49369,-73.57502,41258973
"979",45.49371,-73.57499,41258973
"980",45.49374,-73.57497,41258973
"981",45.49375,-73.57494,455083980
"982",45.49376,-73.57491,455083980
"983",45.49375,-73.57486,41258976
"984",45.49373,-73.5748,41258976
"985",45.4937,-73.57471,41258976
"986",45.49366,-73.57462,41258976
"987",45.49362,-73.57453,41258976
"988",45.49358,-73.57443,41258976
"989",45.49354,-73.57433,41258976
"990",45.49349,-73.57423,41258976
"991",45.49344,-73.57413,41258976
"992",45.49339,-73.57402,41258976
"993",45.49334,-73.57391,41258976
"994",45.49328,-73.5738,41258976
"995",45.49322,-73.57368,41258976
"996",45.49316,-73.57355,41258976
"997",45.4931,-73.57343,111771070
"998",45.49304,-73.57331,465656094
"999",45.49297,-73.57319,465656094
"1000",45.49292,-73.57307,465656094
"1001",45.49286,-73.57297,465656094
"1002",45.49282,-73.57287,465656094
"1003",45.49277,-73.57278,465656094
"1004",45.49274,-73.5727,465656094
"1005",45.49271,-73.57264,465656094
"1006",45.49269,-73.5726,465656094
"1007",45.49268,-73.57257,465656094
"1008",45.49266,-73.57255,465656094
"1009",45.49266,-73.57253,465656094
"1010",45.49266,-73.57253,465656094
"1011",45.49266,-73.57253,465656094
"1012",45.49266,-73.57253,465656094
"1013",45.49266,-73.57253,465656094
"1014",45.49266,-73.57253,465656094
"1015",45.49266,-73.57253,465656094
"1016",45.49266,-73.57253,465656094
"1017",45.49266,-73.57253,465656094
"1018",45.49266,-73.57253,465656094
"1019",45.49266,-73.57253,465656094
"1020",45.49266,-73.57253,465656094
"1021",45.49266,-73.57253,465656094
"1022",45.49266,-73.57253,465656094
"1023",45.49266,-73.57253,465656094
"1024",45.49266,-73.57253,465656094
"1025",45.49266,-73.57253,465656094
"1026",45.49266,-73.57253,465656094
"1027",45.49266,-73.57253,465656094
"1028",45.49266,-73.57254,111771067
"1029",45.49264,-73.57251,465656094
"1030",45.49262,-73.57246,465656094
"1031",45.49258,-73.57239,465656094
"1032",45.49255,-73.57232,465656094
"1033",45.49251,-73.57224,111771067
"1034",45.49246,-73.57214,111771067
"1035",45.49241,-73.57204,111771067
"1036",45.49236,-73.57193,111771067
"1037",45.49231,-73.57182,111771067
"1038",45.49225,-73.57169,111771067
"1039",45.49219,-73.57157,111771067
"1040",45.49212,-73.57144,111771067
"1041",45.49206,-73.57131,111771067
"1042",45.49199,-73.57117,111771067
"1043",45.49193,-73.57104,111771067
"1044",45.49186,-73.57091,111771067
"1045",45.49179,-73.57078,111771067
"1046",45.49172,-73.57066,111771067
"1047",45.49166,-73.57053,111771067
"1048",45.49159,-73.57041,111771067
"1049",45.49152,-73.57029,111771067
"1050",45.49147,-73.57016,111771067
"1051",45.49141,-73.57004,111771067
"1052",45.49136,-73.56992,329988460
"1053",45.49131,-73.5698,329988460
"1054",45.49125,-73.56969,329988460
"1055",45.4912,-73.56957,329988460
"1056",45.49114,-73.56945,329988460
"1057",45.49107,-73.56932,329988460
"1058",45.49102,-73.5692,329988460
"1059",45.49096,-73.56907,329988460
"1060",45.49091,-73.56895,329988460
"1061",45.49085,-73.56883,329988460
"1062",45.49079,-73.56871,329988460
"1063",45.49073,-73.56858,329988460
"1064",45.49067,-73.56846,329988460
"1065",45.49062,-73.56835,329988460
"1066",45.49057,-73.56823,329988460
"1067",45.49052,-73.56811,329988460
"1068",45.49047,-73.568,329988460
"1069",45.49042,-73.56789,329988460
"1070",45.49037,-73.5678,329988460
"1071",45.49034,-73.56771,329988460
"1072",45.49031,-73.56764,329988460
"1073",45.49028,-73.56758,329988460
"1074",45.49026,-73.56754,329988460
"1075",45.49024,-73.56751,329988460
"1076",45.49023,-73.56749,329988460
"1077",45.49023,-73.56749,329988460
"1078",45.49023,-73.56749,329988460
"1079",45.49023,-73.56749,329988460
"1080",45.49023,-73.56749,329988460
"1081",45.49023,-73.56749,329988460
"1082",45.49022,-73.56747,329988460
"1083",45.49021,-73.56744,329988460
"1084",45.49019,-73.56739,329988460
"1085",45.49017,-73.56735,329988460
"1086",45.49015,-73.56731,329988460
"1087",45.49014,-73.56726,329988460
"1088",45.49013,-73.56722,329988460
"1089",45.49014,-73.56717,607184015
"1090",45.49015,-73.56713,607184015
"1091",45.49017,-73.5671,607184015
"1092",45.49019,-73.56707,607184015
"1093",45.49021,-73.56705,607184015
"1094",45.49022,-73.56704,607184015
"1095",45.49022,-73.56703,607184015
"1096",45.49022,-73.56701,607184015
"1097",45.49022,-73.56698,607184015
"1098",45.49022,-73.56695,607184015
"1099",45.49021,-73.56693,607184015
"1100",45.49248,-73.56515,607184015
"1101",45.49253,-73.56511,607184015
"1102",45.49258,-73.56506,607184015
"1103",45.49263,-73.56501,607184015
"1104",45.49269,-73.56497,607184015
"1105",45.49275,-73.56491,607184015
"1106",45.49282,-73.56486,607184015
"1107",45.49288,-73.5648,607184015
"1108",45.49295,-73.56475,607184015
"1109",45.49302,-73.56469,607184015
"1110",45.4931,-73.56463,607184015
"1111",45.49318,-73.56457,607184015
"1112",45.49325,-73.56451,607184015
"1113",45.49332,-73.56445,607184015
"1114",45.4934,-73.56437,607184015
"1115",45.49348,-73.56431,607184015
"1116",45.49356,-73.56425,607184015
"1117",45.49363,-73.56419,607184015
"1118",45.49369,-73.56413,607184015
"1119",45.49376,-73.56408,607184015
"1120",45.49384,-73.56402,607184015
"1121",45.49391,-73.56396,607184015
"1122",45.49399,-73.56389,607184015
"1123",45.49406,-73.56383,607184015
"1124",45.49413,-73.56378,607184015
"1125",45.49418,-73.56373,607184015
"1126",45.49422,-73.5637,607184015
"1127",45.49423,-73.56366,165325605
"1128",45.49424,-73.56363,165325605
"1129",45.49423,-73.56358,165325605
"1130",45.4942,-73.56352,607184015
"1131",45.49417,-73.56345,607184015
"1132",45.49414,-73.56337,366840862
"1133",45.49411,-73.56329,366840862
"1134",45.49408,-73.56321,366840862
"1135",45.49405,-73.56314,366840862
"1136",45.49401,-73.56307,366840862
"1137",45.49397,-73.56298,366840862
"1138",45.49393,-73.56289,366840862
"1139",45.49388,-73.5628,366840862
"1140",45.49384,-73.56269,366840862
"1141",45.4938,-73.56257,366840862
"1142",45.49376,-73.56247,366840862
"1143",45.49373,-73.56239,366840862
"1144",45.4937,-73.56233,366840862
"1145",45.49369,-73.56229,366840862
"1146",45.49368,-73.56228,366840862
"1147",45.49367,-73.56227,366840862
"1148",45.49367,-73.56225,366840862
"1149",45.49366,-73.56224,366840862
"1150",45.49363,-73.56223,366840862
"1151",45.49359,-73.56225,366840862
"1152",45.49354,-73.56228,366840862
"1153",45.49349,-73.56232,366840862
"1154",45.49344,-73.56236,366840862
"1155",45.49338,-73.56241,165325649
"1156",45.49333,-73.56245,366840862
"1157",45.49327,-73.56249,165325649
"1158",45.49321,-73.56253,366840862
"1159",45.49316,-73.56256,165325649
"1160",45.49313,-73.56259,366840862
"1161",45.4931,-73.56264,164976438
"1162",45.49309,-73.5627,366840862
"1163",45.4931,-73.56275,165325649
"1164",45.49312,-73.56281,164976438
"1165",45.49314,-73.56286,366840862
"1166",45.49316,-73.5629,366840862
"1167",45.49318,-73.56294,366840862
"1168",45.4932,-73.563,366840862
"1169",45.49323,-73.56308,366840862
"1170",45.49327,-73.56317,366840862
"1171",45.4933,-73.56325,366840862
"1172",45.49332,-73.56331,366840862
"1173",45.49333,-73.56335,164976438
"1174",45.49333,-73.56339,164976438
"1175",45.49332,-73.56342,165264485
"1176",45.49328,-73.56346,164976438
"1177",45.49324,-73.56349,164976438
"1178",45.4932,-73.56353,165264485
"1179",45.49317,-73.56355,164976438
"1180",45.49314,-73.56357,164976438
"1181",45.49313,-73.56359,165264485
"1182",45.49312,-73.5636,165264485
"1183",45.49312,-73.56361,164976438
"1184",45.49311,-73.56361,165264485
"1185",45.49311,-73.56362,165264485
"1186",45.4931,-73.56363,165264485
"1187",45.4931,-73.56363,165264485
"1188",45.4931,-73.56363,165264485
"1189",45.4931,-73.56363,165264485
"1190",45.4931,-73.56363,165264485
"1191",45.4931,-73.56363,165264485
"1192",45.4931,-73.56363,165264485
"1193",45.4931,-73.56363,165264485
"1194",45.4931,-73.56363,165264485
"1195",45.4931,-73.56363,165264485
"1196",45.4931,-73.56363,165264485
"1197",45.4931,-73.56363,165264485
"1198",45.4931,-73.56363,165264485
"1199",45.4931,-73.56363,165264485
"1200",45.4931,-73.56363,165264485
"1201",45.4931,-73.56363,165264485
"1202",45.4931,-73.56363,165264485
"1203",45.4931,-73.56363,165264485
"1204",45.4931,-73.56363,165264485
"1205",45.4931,-73.56363,165264485
"1206",45.4931,-73.56363,165264485
"1207",45.4931,-73.56363,165264485
"1208",45.4931,-73.56363,165264485
"1209",45.4931,-73.56363,165264485
"1210",45.4931,-73.56363,165264485
"1211",45.4931,-73.56363,165264485
"1212",45.4931,-73.56363,165264485
"1213",45.4931,-73.56363,165264485
"1214",45.4931,-73.56363,165264485
"1215",45.4931,-73.56363,165264485
"1216",45.4931,-73.56363,165264485
"1217",45.4931,-73.56363,165264485
"1218",45.4931,-73.56363,165264485
"1219",45.4931,-73.56363,165264485
"1220",45.4931,-73.56363,165264485
"1221",45.4931,-73.56363,165264485
"1222",45.4931,-73.56363,165264485
"1223",45.4931,-73.56363,165264485
"1224",45.4931,-73.56363,165264485
"1225",45.4931,-73.56363,165264485
"1226",45.4931,-73.56363,165264485
"1227",45.4931,-73.56363,165264485
"1228",45.4931,-73.56363,165264485
"1229",45.4931,-73.56363,165264485
"1230",45.4931,-73.56363,165264485
"1231",45.4931,-73.56363,165264485
"1232",45.4931,-73.56363,165264485
"1233",45.4931,-73.56363,165264485
"1234",45.4931,-73.56363,165264485
"1235",45.4931,-73.56363,165264485
"1236",45.4931,-73.56363,165264485
"1237",45.4931,-73.56363,165264485
"1238",45.4931,-73.56363,165264485
"1239",45.4931,-73.56363,165264485
"1240",45.4931,-73.56363,165264485
"1241",45.4931,-73.56363,165264485
"1242",45.4931,-73.56363,165264485
"1243",45.4931,-73.56363,165264485
"1244",45.4931,-73.56363,165264485
"1245",45.4931,-73.56363,165264485
"1246",45.4931,-73.56363,165264485
"1247",45.4931,-73.56363,165264485
"1248",45.4931,-73.56363,165264485
"1249",45.4931,-73.56363,165264485
"1250",45.4931,-73.56363,165264485
"1251",45.4931,-73.56363,165264485
"1252",45.4931,-73.56363,165264485
"1253",45.4931,-73.56363,165264485
"1254",45.4931,-73.56363,165264485
"1255",45.4931,-73.56363,165264485
"1256",45.4931,-73.56363,165264485
"1257",45.4931,-73.56363,165264485
"1258",45.4931,-73.56363,165264485
"1259",45.4931,-73.56363,165264485
"1260",45.4931,-73.56363,165264485
"1261",45.4931,-73.56363,165264485
"1262",45.4931,-73.56363,165264485
"1263",45.4931,-73.56363,165264485
"1264",45.4931,-73.56363,165264485
"1265",45.4931,-73.56363,165264485
"1266",45.4931,-73.56363,165264485
"1267",45.4931,-73.56363,165264485
"1268",45.4931,-73.56363,165264485
"1269",45.4931,-73.56363,165264485
"1270",45.4931,-73.56363,165264485
"1271",45.4931,-73.56363,165264485
"1272",45.4931,-73.56363,165264485
"1273",45.4931,-73.56363,165264485
"1274",45.4931,-73.56363,165264485
"1275",45.4931,-73.56363,165264485
"1276",45.4931,-73.56363,165264485
"1277",45.4931,-73.56363,165264485
"1278",45.4931,-73.56363,165264485
"1279",45.49305,-73.56367,165264485
"1280",45.49305,-73.56367,165264485
"1281",45.49305,-73.56367,165264485
"1282",45.49305,-73.56367,165264485
"1283",45.49305,-73.56367,165264485
"1284",45.49305,-73.56367,165264485
"1285",45.49305,-73.56367,165264485
"1286",45.49305,-73.56367,165264485
"1287",45.49305,-73.56367,165264485
"1288",45.49305,-73.56367,165264485
"1289",45.49305,-73.56367,165264485
"1290",45.49305,-73.56367,165264485
"1291",45.49305,-73.56367,165264485
"1292",45.49305,-73.56367,165264485
"1293",45.49305,-73.56367,165264485
"1294",45.49305,-73.56367,165264485
"1295",45.49305,-73.56367,165264485
"1296",45.49305,-73.56367,165264485
"1297",45.49305,-73.56367,165264485
"1298",45.49305,-73.56367,165264485
"1299",45.49305,-73.56367,165264485
"1300",45.49305,-73.56367,165264485
"1301",45.49305,-73.56367,165264485
"1302",45.49305,-73.56367,165264485
"1303",45.49305,-73.56367,165264485
"1304",45.49305,-73.56367,165264485
"1305",45.49305,-73.56367,165264485
"1306",45.49305,-73.56367,165264485
"1307",45.49305,-73.56367,165264485
"1308",45.49305,-73.56367,165264485
"1309",45.49305,-73.56367,165264485
"1310",45.49305,-73.56367,165264485
"1311",45.49305,-73.56367,165264485
"1312",45.49305,-73.56367,165264485
"1313",45.49305,-73.56367,165264485
"1314",45.49305,-73.56367,165264485
"1315",45.49305,-73.56367,165264485
"1316",45.49305,-73.56367,165264485
"1317",45.49305,-73.56367,165264485
"1318",45.49305,-73.56367,165264485
"1319",45.49305,-73.56367,165264485
"1320",45.49305,-73.56367,165264485
"1321",45.49305,-73.56367,165264485
"1322",45.49305,-73.56367,165264485
"1323",45.49305,-73.56367,165264485
"1324",45.49305,-73.56367,165264485
"1325",45.49305,-73.56367,165264485
"1326",45.49305,-73.56367,165264485
"1327",45.49305,-73.56367,165264485
"1328",45.49305,-73.56367,165264485
"1329",45.49305,-73.56367,165264485
"1330",45.49305,-73.56367,165264485
"1331",45.49305,-73.56367,165264485
"1332",45.49305,-73.56367,165264485
"1333",45.49305,-73.56367,165264485
"1334",45.49305,-73.56367,165264485
"1335",45.49305,-73.56367,165264485
"1336",45.49305,-73.56367,165264485
"1337",45.49305,-73.56367,165264485
"1338",45.49305,-73.56366,165264485
"1339",45.49305,-73.56366,165264485
"1340",45.49305,-73.56366,165264485
"1341",45.49305,-73.56366,165264485
"1342",45.49305,-73.56366,165264485
"1343",45.49305,-73.56366,165264485
"1344",45.49305,-73.56366,165264485
"1345",45.49305,-73.56366,165264485
"1346",45.49305,-73.56366,165264485
"1347",45.49305,-73.56366,165264485
"1348",45.49305,-73.56366,165264485
"1349",45.49305,-73.56366,165264485
"1350",45.49305,-73.56366,165264485
"1351",45.49305,-73.56366,165264485
"1352",45.49305,-73.56366,165264485
"1353",45.49305,-73.56366,165264485
"1354",45.49305,-73.56366,165264485
"1355",45.49305,-73.56366,165264485
"1356",45.49305,-73.56366,165264485
"1357",45.49305,-73.56366,165264485
"1358",45.49302,-73.56366,165264485
"1359",45.49302,-73.56366,165264485
"1360",45.49302,-73.56366,165264485
"1361",45.49302,-73.56366,165264485
"1362",45.49302,-73.56366,165264485
"1363",45.49302,-73.56366,165264485
"1364",45.49302,-73.56366,165264485
"1365",45.49302,-73.56366,165264485
"1366",45.49302,-73.56366,165264485
"1367",45.49302,-73.56366,165264485
"1368",45.49302,-73.56366,165264485
"1369",45.49302,-73.56366,165264485
"1370",45.49302,-73.56366,165264485
"1371",45.49302,-73.56366,165264485
"1372",45.49302,-73.56366,165264485
"1373",45.49302,-73.56366,165264485
"1374",45.49302,-73.56366,165264485
"1375",45.49302,-73.56366,165264485
"1376",45.49302,-73.56366,165264485
"1377",45.49302,-73.56366,165264485
"1378",45.49302,-73.56366,165264485
"1379",45.49302,-73.56366,165264485
"1380",45.49302,-73.56366,165264485
"1381",45.49302,-73.56366,165264485
"1382",45.49302,-73.56366,165264485
"1383",45.49302,-73.56366,165264485
"1384",45.49302,-73.56366,165264485
"1385",45.49302,-73.56366,165264485
"1386",45.49302,-73.56366,165264485
"1387",45.49302,-73.56366,165264485
"1388",45.49302,-73.56366,165264485
"1389",45.49302,-73.56366,165264485
"1390",45.49302,-73.56366,165264485
"1391",45.49302,-73.56366,165264485
"1392",45.49302,-73.56366,165264485
"1393",45.49302,-73.56366,165264485
"1394",45.49302,-73.56366,165264485
"1395",45.49302,-73.56366,165264485
"1396",45.49302,-73.56366,165264485
"1397",45.49302,-73.56366,165264485
"1398",45.49302,-73.56366,165264485
"1399",45.49302,-73.56366,165264485
"1400",45.49302,-73.56366,165264485
"1401",45.49302,-73.56366,165264485
"1402",45.49302,-73.56366,165264485
"1403",45.49302,-73.56366,165264485
"1404",45.49302,-73.56366,165264485
"1405",45.49302,-73.56366,165264485
"1406",45.49302,-73.56366,165264485
"1407",45.49302,-73.56366,165264485
"1408",45.49302,-73.56366,165264485
"1409",45.49302,-73.56366,165264485
"1410",45.49302,-73.56366,165264485
"1411",45.49302,-73.56366,165264485
"1412",45.49302,-73.56366,165264485
"1413",45.49302,-73.56366,165264485
"1414",45.49302,-73.56366,165264485
"1415",45.49302,-73.56366,165264485
"1416",45.49302,-73.56366,165264485
"1417",45.49302,-73.56366,165264485
"1418",45.49302,-73.56366,165264485
"1419",45.49302,-73.56366,165264485
"1420",45.49302,-73.56366,165264485
"1421",45.49302,-73.56366,165264485
"1422",45.49302,-73.56366,165264485
"1423",45.49302,-73.56366,165264485
"1424",45.49302,-73.56366,165264485
"1425",45.49302,-73.56366,165264485
"1426",45.49302,-73.56366,165264485
"1427",45.49302,-73.56366,165264485
"1428",45.49302,-73.56366,165264485
"1429",45.49302,-73.56366,165264485
"1430",45.49302,-73.56366,165264485
"1431",45.49302,-73.56366,165264485
"1432",45.49302,-73.56366,165264485
"1433",45.49302,-73.56366,165264485
"1434",45.49302,-73.56366,165264485
"1435",45.49302,-73.56366,165264485
"1436",45.49302,-73.56366,165264485
"1437",45.49302,-73.56366,165264485
"1438",45.49307,-73.56354,165264485
"1439",45.49306,-73.56354,165264485
"1440",45.49306,-73.56354,165264485
"1441",45.49306,-73.56354,165264485
"1442",45.49306,-73.56354,165264485
"1443",45.49306,-73.56354,165264485
"1444",45.49306,-73.56354,165264485
"1445",45.49306,-73.56354,165264485
"1446",45.49306,-73.56354,165264485
"1447",45.49306,-73.56354,165264485
"1448",45.49306,-73.56354,165264485
"1449",45.49306,-73.56354,165264485
"1450",45.49306,-73.56354,165264485
"1451",45.49306,-73.56354,165264485
"1452",45.49306,-73.56354,165264485
"1453",45.49306,-73.56354,165264485
"1454",45.49306,-73.56354,165264485
"1455",45.49306,-73.56354,165264485
"1456",45.49306,-73.56354,165264485
"1457",45.49306,-73.56354,165264485
"1458",45.49306,-73.56354,165264485
"1459",45.49306,-73.56354,165264485
"1460",45.49306,-73.56354,165264485
"1461",45.49306,-73.56354,165264485
"1462",45.49306,-73.56354,165264485
"1463",45.49306,-73.56354,165264485
"1464",45.49306,-73.56354,165264485
"1465",45.49306,-73.56354,165264485
"1466",45.49306,-73.56354,165264485
"1467",45.49306,-73.56354,165264485
"1468",45.49306,-73.56354,165264485
"1469",45.49306,-73.56354,165264485
"1470",45.49306,-73.56354,165264485
"1471",45.49306,-73.56354,165264485
"1472",45.49306,-73.56354,165264485
"1473",45.49306,-73.56354,165264485
"1474",45.49306,-73.56354,165264485
"1475",45.49306,-73.56354,165264485
"1476",45.49306,-73.56354,165264485
"1477",45.49306,-73.56354,165264485
"1478",45.49306,-73.56354,165264485
"1479",45.49306,-73.56354,165264485
"1480",45.49306,-73.56354,165264485
"1481",45.49306,-73.56354,165264485
"1482",45.49306,-73.56354,165264485
"1483",45.49306,-73.56354,165264485
"1484",45.49306,-73.56354,165264485
"1485",45.49306,-73.56354,165264485
"1486",45.49306,-73.56354,165264485
"1487",45.49306,-73.56354,165264485
"1488",45.49306,-73.56354,165264485
"1489",45.49306,-73.56354,165264485
"1490",45.49306,-73.56354,165264485
"1491",45.49306,-73.56354,165264485
"1492",45.49306,-73.56354,165264485
"1493",45.49306,-73.56354,165264485
"1494",45.49306,-73.56354,165264485
"1495",45.49306,-73.56354,165264485
"1496",45.49306,-73.56354,165264485
"1497",45.49306,-73.56354,165264485
"1498",45.49306,-73.56354,165264485
"1499",45.49306,-73.56354,165264485
"1500",45.49306,-73.56354,165264485
"1501",45.49306,-73.56354,165264485
"1502",45.49306,-73.56354,165264485
"1503",45.49306,-73.56354,165264485
"1504",45.49306,-73.56354,165264485
"1505",45.49302,-73.56346,165264485
"1506",45.49302,-73.56346,165264485
"1507",45.49302,-73.56346,165264485
"1508",45.49302,-73.56346,165264485
"1509",45.49302,-73.56346,165264485
"1510",45.49302,-73.56346,165264485
"1511",45.49302,-73.56346,165264485
"1512",45.49302,-73.56346,165264485
"1513",45.49302,-73.56346,165264485
"1514",45.49302,-73.56346,165264485
"1515",45.49302,-73.56346,165264485
"1516",45.49302,-73.56346,165264485
"1517",45.49302,-73.56346,165264485
"1518",45.49302,-73.56346,165264485
"1519",45.49302,-73.56346,165264485
"1520",45.49302,-73.56346,165264485
"1521",45.49302,-73.56346,165264485
"1522",45.49302,-73.56346,165264485
"1523",45.49302,-73.56346,165264485
"1524",45.49302,-73.56346,165264485
"1525",45.49302,-73.56346,165264485
"1526",45.49302,-73.56346,165264485
"1527",45.49302,-73.56346,165264485
"1528",45.49302,-73.56346,165264485
"1529",45.49302,-73.56346,165264485
"1530",45.49302,-73.56346,165264485
"1531",45.49302,-73.56346,165264485
"1532",45.49302,-73.56346,165264485
"1533",45.49302,-73.56346,165264485
"1534",45.49302,-73.56346,165264485
"1535",45.49302,-73.56346,165264485
"1536",45.49302,-73.56346,165264485
"1537",45.49302,-73.56346,165264485
"1538",45.49302,-73.56346,165264485
"1539",45.49302,-73.56346,165264485
"1540",45.49302,-73.56346,165264485
"1541",45.49302,-73.56346,165264485
"1542",45.49302,-73.56346,165264485
"1543",45.49302,-73.56346,165264485
"1544",45.49302,-73.56346,165264485
"1545",45.49302,-73.56346,165264485
"1546",45.49302,-73.56346,165264485
"1547",45.49302,-73.56346,165264485
"1548",45.49302,-73.56346,165264485
"1549",45.49302,-73.56346,165264485
"1550",45.49302,-73.56346,165264485
"1551",45.49302,-73.56346,165264485
"1552",45.49302,-73.56346,165264485
"1553",45.49302,-73.56346,165264485
"1554",45.49302,-73.56346,165264485
"1555",45.49302,-73.56346,165264485
"1556",45.49302,-73.56346,165264485
"1557",45.49302,-73.56346,165264485
"1558",45.49302,-73.56346,165264485
"1559",45.49302,-73.56346,165264485
"1560",45.49302,-73.56346,165264485
"1561",45.49302,-73.56346,165264485
"1562",45.49302,-73.56346,165264485
"1563",45.49302,-73.56346,165264485
"1564",45.49302,-73.56346,165264485
"1565",45.49302,-73.56346,165264485
"1566",45.49302,-73.56346,165264485
"1567",45.49302,-73.56346,165264485
"1568",45.49302,-73.56346,165264485
"1569",45.49302,-73.56346,165264485
"1570",45.49302,-73.56346,165264485
"1571",45.49302,-73.56346,165264485
"1572",45.49302,-73.56346,165264485
"1573",45.49302,-73.56346,165264485
"1574",45.49307,-73.56351,165264485
"1575",45.49307,-73.56351,165264485
"1576",45.49307,-73.56351,165264485
"1577",45.49307,-73.56351,165264485
"1578",45.49307,-73.56351,165264485
"1579",45.49307,-73.56351,165264485
"1580",45.49307,-73.56351,165264485
"1581",45.49307,-73.56351,165264485
"1582",45.49307,-73.56351,165264485
"1583",45.49307,-73.56351,165264485
"1584",45.49307,-73.56351,165264485
"1585",45.49307,-73.56351,165264485
"1586",45.49307,-73.56351,165264485
"1587",45.49307,-73.56351,165264485
"1588",45.49307,-73.56351,165264485
"1589",45.49307,-73.56351,165264485
"1590",45.49307,-73.56351,165264485
"1591",45.49307,-73.56351,165264485
"1592",45.49307,-73.56351,165264485
"1593",45.49307,-73.56351,165264485
"1594",45.49307,-73.56351,165264485
"1595",45.49307,-73.56351,165264485
"1596",45.49307,-73.56351,165264485
"1597",45.49307,-73.56351,165264485
"1598",45.49307,-73.56351,165264485
"1599",45.49307,-73.56351,165264485
"1600",45.49307,-73.56351,165264485
"1601",45.49307,-73.56351,165264485
"1602",45.49307,-73.56351,165264485
"1603",45.49307,-73.56351,165264485
"1604",45.49307,-73.56351,165264485
"1605",45.49307,-73.56351,165264485
"1606",45.49307,-73.56351,165264485
"1607",45.49307,-73.56351,165264485
"1608",45.49307,-73.56351,165264485
"1609",45.49307,-73.56351,165264485
"1610",45.49307,-73.56351,165264485
"1611",45.49307,-73.56351,165264485
"1612",45.49307,-73.56351,165264485
"1613",45.49307,-73.56351,165264485
"1614",45.49307,-73.56351,165264485
"1615",45.49307,-73.56351,165264485
"1616",45.49307,-73.56351,165264485
"1617",45.49307,-73.56351,165264485
"1618",45.49307,-73.56351,165264485
"1619",45.49306,-73.56348,165264485
"1620",45.49304,-73.56353,165264485
"1621",45.49306,-73.56355,165264485
"1622",45.49308,-73.56356,165264485
"1623",45.49308,-73.56359,165264485
"1624",45.49305,-73.56364,165264485
"1625",45.49304,-73.56364,165264485
"1626",45.493,-73.56363,165264485
"1627",45.493,-73.56364,165264485
"1628",45.493,-73.56365,165264485
"1629",45.49301,-73.56364,165264485
"1630",45.49301,-73.56363,165264485
"1631",45.49301,-73.56362,165264485
"1632",45.493,-73.56362,165264485
"1633",45.49295,-73.56365,165264485
"1634",45.49295,-73.56365,165264485
"1635",45.49291,-73.56368,165264485
"1636",45.49292,-73.56364,165264485
"1637",45.49293,-73.56363,165264485
"1638",45.49293,-73.5636,165264485
"1639",45.4929,-73.56361,165264485
"1640",45.4929,-73.56361,165264485
"1641",45.49289,-73.56365,165264485
"1642",45.49286,-73.56367,165264485
"1643",45.49284,-73.5637,165264485
"1644",45.49284,-73.5637,165264485
"1645",45.49283,-73.56369,165264485
"1646",45.4928,-73.56368,165264485
"1647",45.49279,-73.56365,165264485
"1648",45.49275,-73.56364,165264485
"1649",45.49275,-73.56363,165264485
"1650",45.49275,-73.56363,165264485
"1651",45.49275,-73.56363,165264485
"1652",45.49276,-73.56363,165264485
"1653",45.49278,-73.56363,165264485
"1654",45.49278,-73.56365,165264485
"1655",45.4928,-73.56363,165264485
"1656",45.49282,-73.56359,165264485
"1657",45.49284,-73.56357,165264485
"1658",45.49289,-73.56353,165264485
"1659",45.49293,-73.56354,165264485
"1660",45.49296,-73.56348,165264485
"1661",45.49298,-73.56341,165264485
"1662",45.493,-73.56334,165264485
"1663",45.49309,-73.56339,165264485
"1664",45.49311,-73.56342,164976438
"1665",45.49309,-73.56348,164976438
"1666",45.49306,-73.56351,165264485
"1667",45.49307,-73.56353,165264485
"1668",45.49309,-73.56356,165264485
"1669",45.49308,-73.56359,165264485
"1670",45.49308,-73.56362,165264485
