1,45.59481,-73.57596,471507852
2,45.59494,-73.5758,471507852
3,45.595062,-73.575645,37814033
4,45.59518,-73.57548,37814033
5,45.59529,-73.57531,37814033
6,45.59541,-73.575134,37814033
7,45.595524,-73.57496,37814033
8,45.595642,-73.57478,37814033
9,45.595757,-73.57461,37814033
10,45.59588,-73.57443,37814033
11,45.595997,-73.57426,37814033
12,45.59612,-73.57408,37814033
13,45.59624,-73.57393,37814033
14,45.596363,-73.57377,37814033
15,45.59649,-73.57361,37814033
16,45.596615,-73.57346,37814033
17,45.59674,-73.573326,37814033
18,45.59686,-73.57319,37814033
19,45.596985,-73.573074,37814033
20,45.597122,-73.572945,37814033
21,45.597256,-73.57283,37814033
22,45.597397,-73.5727,37814033
23,45.597534,-73.57258,37814033
24,45.597668,-73.572464,37814033
25,45.597813,-73.572334,37814033
26,45.59796,-73.572205,37814033
27,45.598118,-73.57207,37814033
28,45.59827,-73.57193,37814033
29,45.59844,-73.57178,37814033
30,45.598602,-73.57163,37814033
31,45.598755,-73.571495,37814033
32,45.59891,-73.57135,37814033
33,45.599064,-73.57121,37814033
34,45.599205,-73.57108,37814033
35,45.599342,-73.57095,37814033
36,45.599476,-73.57084,37814033
37,45.5996,-73.57072,37814033
38,45.599728,-73.57061,37814033
39,45.59984,-73.57051,37814033
40,45.599957,-73.570404,37814033
41,45.600067,-73.570305,37814033
42,45.60018,-73.5702,37814033
43,45.600273,-73.57012,37814033
44,45.600372,-73.56997,46688806
45,45.60042,-73.56987,46688806
46,45.600464,-73.56975,46688806
47,45.600456,-73.56967,46688806
48,45.600433,-73.56961,46688806
49,45.60041,-73.56954,46688806
50,45.60037,-73.56943,46688806
51,45.60033,-73.56934,46688806
52,45.60027,-73.56924,284463125
53,45.600197,-73.569176,284463125
54,45.600117,-73.56911,284463125
55,45.600048,-73.569046,284463125
56,45.59998,-73.56902,284463125
57,45.59989,-73.56899,284463125
58,45.5998,-73.56896,284463125
59,45.59971,-73.56893,284463125
60,45.59962,-73.56892,284463125
61,45.59953,-73.56892,284463125
62,45.599464,-73.56894,284463125
63,45.59944,-73.56896,471504965
64,45.5994,-73.569016,471504965
65,45.599377,-73.56906,471504965
66,45.599354,-73.56911,471504965
67,45.599335,-73.56916,471504965
68,45.59933,-73.56923,471504965
69,45.599358,-73.56931,471504961
70,45.59939,-73.56939,471504961
71,45.59943,-73.56948,471504961
72,45.59948,-73.569595,471504961
73,45.59953,-73.56972,471504961
74,45.599586,-73.56985,471504961
75,45.59965,-73.56999,471504961
76,45.599716,-73.57015,471504961
77,45.599785,-73.570305,284915237
78,45.59985,-73.57046,284915237
79,45.59992,-73.57061,284915237
80,45.599987,-73.57077,284915237
81,45.600056,-73.57093,284915237
82,45.60012,-73.571075,284915237
83,45.60019,-73.571236,284915236
84,45.600258,-73.57139,284915236
85,45.60033,-73.57155,284915236
86,45.6004,-73.57171,284915236
87,45.600475,-73.571884,284915236
88,45.60055,-73.57206,284915236
89,45.600628,-73.57223,284915236
90,45.6007,-73.57239,284915236
91,45.600765,-73.57254,284915236
92,45.600826,-73.57268,285089357
93,45.600883,-73.572815,285089357
94,45.600945,-73.57296,285089357
95,45.601,-73.57309,285089357
96,45.601055,-73.57323,285089357
97,45.60111,-73.57335,285089357
98,45.601162,-73.57347,285089357
99,45.60121,-73.57359,285089357
100,45.601246,-73.57368,285089357
101,45.60129,-73.57379,285089357
102,45.601337,-73.5739,285089357
103,45.601383,-73.574005,285089357
104,45.601433,-73.57412,285089357
105,45.601482,-73.57424,285089357
106,45.601543,-73.57439,285089357
107,45.601597,-73.57451,285089357
108,45.601646,-73.57463,285089357
109,45.60171,-73.57478,285089357
110,45.60177,-73.57492,285089357
111,45.601826,-73.57506,285089357
112,45.601883,-73.575195,285089357
113,45.60194,-73.57533,285089357
114,45.601994,-73.57546,285089357
115,45.602055,-73.5756,285089357
116,45.602108,-73.57573,285089357
117,45.60217,-73.57587,285089357
118,45.602226,-73.576004,285089357
119,45.602287,-73.57614,285089357
120,45.602352,-73.576294,285089357
121,45.60241,-73.57643,285089357
122,45.60247,-73.57657,285089357
123,45.602535,-73.57672,285089357
124,45.602596,-73.57686,285089357
125,45.602654,-73.576996,285089357
126,45.602715,-73.577126,285089357
127,45.602776,-73.57727,285089357
128,45.602844,-73.57743,285089357
129,45.602905,-73.577576,285089357
130,45.602962,-73.577705,285089357
131,45.60302,-73.577835,285089357
132,45.603077,-73.577965,285089357
133,45.60313,-73.57809,285089357
134,45.603172,-73.57818,285089357
135,45.603195,-73.57824,285089357
136,45.603226,-73.57831,285089357
137,45.603245,-73.578354,285089357
138,45.603245,-73.578354,285089357
139,45.60325,-73.57836,285089357
140,45.60326,-73.578384,285089357
141,45.603283,-73.578445,285089357
142,45.603317,-73.578514,285089357
143,45.603348,-73.57859,285089357
144,45.603382,-73.578674,285089357
145,45.603424,-73.57877,285089357
146,45.60347,-73.57888,285089357
147,45.603523,-73.57901,285089357
148,45.60358,-73.57915,285089357
149,45.603638,-73.57929,285089357
150,45.60369,-73.57942,285089357
151,45.60376,-73.579575,285089357
152,45.603817,-73.57971,285089357
153,45.60388,-73.57986,285089357
154,45.603947,-73.58,285089357
155,45.604015,-73.580154,285089357
156,45.604076,-73.5803,285089357
157,45.604137,-73.58044,285089357
158,45.6042,-73.580574,285089357
159,45.604256,-73.58071,285089357
160,45.60431,-73.58083,285089357
161,45.604362,-73.58095,285089357
162,45.604416,-73.58107,285089357
163,45.60447,-73.58119,285089357
164,45.604527,-73.58132,285089357
165,45.604572,-73.58143,285089357
166,45.60461,-73.58151,285089357
167,45.604645,-73.5816,285089357
168,45.604683,-73.58169,285089357
169,45.60473,-73.58179,285089357
170,45.60478,-73.5819,285089357
171,45.60482,-73.58199,285089357
172,45.604877,-73.58213,285089357
173,45.60493,-73.58225,285089357
174,45.604992,-73.58239,285089357
175,45.605045,-73.58251,285089357
176,45.6051,-73.58263,285089357
177,45.605152,-73.582756,285089357
178,45.605206,-73.58288,285089357
179,45.60526,-73.58299,285089357
180,45.605316,-73.58314,285089357
181,45.605377,-73.583275,285089357
182,45.60544,-73.58341,285089357
183,45.605484,-73.58353,285089357
184,45.605537,-73.58366,285089357
185,45.605583,-73.58376,285089357
186,45.605625,-73.58386,285089357
187,45.60565,-73.58392,285089357
188,45.60567,-73.58397,285089357
189,45.605682,-73.584,285089357
190,45.60569,-73.584015,285089357
191,45.605705,-73.58405,285089357
192,45.60585,-73.58411,22915865
193,45.605858,-73.5841,22915865
194,45.60587,-73.58408,22915865
195,45.605915,-73.584045,22915865
196,45.60596,-73.584,22915865
197,45.60603,-73.58394,22915865
198,45.606087,-73.583885,22915865
199,45.606144,-73.58383,22915865
200,45.606205,-73.58378,22915865
201,45.606277,-73.58371,22915865
202,45.60635,-73.58364,22915865
203,45.60641,-73.58358,22915865
204,45.60647,-73.583534,22915865
205,45.606514,-73.58349,22915865
206,45.60655,-73.58346,22915865
207,45.60658,-73.58343,22915865
208,45.606586,-73.58342,22915865
209,45.6066,-73.583405,22915865
210,45.606606,-73.583405,22915865
211,45.60664,-73.583405,22915865
212,45.60668,-73.583405,22915865
213,45.606728,-73.58341,22915865
214,45.606777,-73.58341,22915865
215,45.606796,-73.58341,22915865
216,45.606796,-73.58341,22915865
217,45.606796,-73.58341,22915865
218,45.606796,-73.58341,22915865
219,45.606796,-73.58341,22915865
220,45.606796,-73.58341,22915865
221,45.606796,-73.58341,22915865
222,45.606796,-73.58341,22915865
223,45.606796,-73.58341,22915865
224,45.606796,-73.58341,22915865
225,45.606796,-73.58341,22915865
226,45.606796,-73.58341,22915865
227,45.606796,-73.58341,22915865
228,45.606796,-73.58341,22915865
229,45.606796,-73.58341,22915865
230,45.606796,-73.58341,22915865
231,45.606796,-73.58341,22915865
232,45.606796,-73.58341,22915865
233,45.606796,-73.58341,22915865
234,45.606796,-73.58341,22915865
235,45.606796,-73.58341,22915865
236,45.606796,-73.58341,22915865
237,45.606796,-73.58341,22915865
238,45.606796,-73.58341,22915865
239,45.606796,-73.58341,22915865
240,45.606796,-73.58341,22915865
241,45.606796,-73.58341,22915865
242,45.606796,-73.58341,22915865
243,45.606796,-73.58341,22915865
244,45.606796,-73.58341,22915865
245,45.606796,-73.58341,22915865
246,45.606796,-73.58341,22915865
247,45.606796,-73.58341,22915865
248,45.606796,-73.58341,22915865
249,45.606796,-73.58341,22915865
250,45.606796,-73.58341,22915865
251,45.606796,-73.58341,22915865
252,45.606796,-73.58341,22915865
253,45.606796,-73.58341,22915865
254,45.606796,-73.58341,22915865
255,45.606796,-73.58341,22915865
256,45.606796,-73.58341,22915865
257,45.606796,-73.58341,22915865
258,45.606796,-73.58341,22915865
259,45.606796,-73.58341,22915865
260,45.606796,-73.58341,22915865
261,45.606796,-73.58341,22915865
262,45.606796,-73.58341,22915865
263,45.606796,-73.58341,22915865
264,45.606796,-73.58341,22915865
265,45.606796,-73.58341,22915865
266,45.606796,-73.58341,22915865
267,45.606796,-73.58341,22915865
268,45.606796,-73.58341,22915865
269,45.606796,-73.58341,22915865
270,45.606796,-73.58341,22915865
271,45.606796,-73.58341,22915865
272,45.606796,-73.58341,22915865
273,45.606796,-73.58341,22915865
274,45.606796,-73.58341,22915865
275,45.606796,-73.58341,22915865
276,45.606796,-73.58341,22915865
277,45.606796,-73.58341,22915865
278,45.606796,-73.58341,22915865
279,45.606796,-73.58341,22915865
280,45.606796,-73.58341,22915865
281,45.606796,-73.58341,22915865
282,45.606796,-73.58341,22915865
283,45.606796,-73.58341,22915865
284,45.606796,-73.58341,22915865
285,45.606796,-73.58341,22915865
286,45.606796,-73.58341,22915865
287,45.606796,-73.58341,22915865
288,45.606796,-73.58341,22915865
289,45.606796,-73.58341,22915865
290,45.606796,-73.58341,22915865
291,45.606796,-73.58341,22915865
292,45.606796,-73.58341,22915865
293,45.606796,-73.58341,22915865
294,45.606796,-73.58341,22915865
295,45.606796,-73.58341,22915865
296,45.606796,-73.58341,22915865
297,45.606796,-73.58341,22915865
298,45.606796,-73.58341,22915865
299,45.606796,-73.58341,22915865
300,45.606796,-73.58341,22915865
301,45.606796,-73.58341,22915865
302,45.606796,-73.58341,22915865
303,45.606796,-73.58341,22915865
304,45.606796,-73.58341,22915865
305,45.606796,-73.58341,22915865
306,45.606796,-73.58341,22915865
307,45.606796,-73.58341,22915865
308,45.606796,-73.58341,22915865
309,45.606796,-73.58341,22915865
310,45.606796,-73.58341,22915865
311,45.606796,-73.58341,22915865
312,45.606796,-73.58341,22915865
313,45.606796,-73.58341,22915865
314,45.606796,-73.58341,22915865
315,45.606796,-73.58341,22915865
316,45.606796,-73.58341,22915865
317,45.606796,-73.58341,22915865
318,45.606796,-73.58341,22915865
319,45.606796,-73.58341,22915865
320,45.606796,-73.58341,22915865
321,45.606796,-73.58341,22915865
322,45.606796,-73.58341,22915865
323,45.606796,-73.58341,22915865
324,45.606796,-73.58341,22915865
325,45.606796,-73.58341,22915865
326,45.606796,-73.58341,22915865
327,45.606796,-73.58341,22915865
328,45.606796,-73.58341,22915865
329,45.606796,-73.58341,22915865
330,45.606796,-73.58341,22915865
331,45.606796,-73.58341,22915865
332,45.606796,-73.58341,22915865
333,45.606796,-73.58341,22915865
334,45.606796,-73.58341,22915865
335,45.606796,-73.58341,22915865
336,45.606796,-73.58341,22915865
337,45.606796,-73.58341,22915865
338,45.606796,-73.58341,22915865
339,45.606796,-73.58341,22915865
340,45.606796,-73.58341,22915865
341,45.606796,-73.58341,22915865
342,45.606796,-73.58341,22915865
343,45.606796,-73.58341,22915865
344,45.606796,-73.58341,22915865
345,45.606796,-73.58341,22915865
346,45.606796,-73.58341,22915865
347,45.606796,-73.58341,22915865
348,45.606796,-73.58341,22915865
349,45.606796,-73.58341,22915865
350,45.606796,-73.58341,22915865
351,45.606796,-73.58341,22915865
352,45.606796,-73.58341,22915865
353,45.606796,-73.58341,22915865
354,45.606796,-73.58341,22915865
355,45.606796,-73.58341,22915865
356,45.606796,-73.58341,22915865
357,45.606796,-73.58341,22915865
358,45.606796,-73.58341,22915865
359,45.606796,-73.58341,22915865
360,45.606796,-73.58341,22915865
361,45.606796,-73.58341,22915865
362,45.606796,-73.58341,22915865
363,45.606796,-73.58341,22915865
364,45.606796,-73.58341,22915865
365,45.606796,-73.58341,22915865
366,45.606796,-73.58341,22915865
367,45.606796,-73.58341,22915865
368,45.606796,-73.58341,22915865
369,45.606796,-73.58341,22915865
370,45.606796,-73.58341,22915865
371,45.606796,-73.58341,22915865
372,45.606796,-73.58341,22915865
373,45.606796,-73.58341,22915865
374,45.606796,-73.58341,22915865
375,45.606796,-73.58341,22915865
376,45.606796,-73.58341,22915865
377,45.606796,-73.58341,22915865
378,45.606796,-73.58341,22915865
379,45.606796,-73.58341,22915865
380,45.606796,-73.58341,22915865
381,45.606796,-73.58341,22915865
382,45.606796,-73.58341,22915865
383,45.606796,-73.58341,22915865
384,45.606796,-73.58341,22915865
385,45.606796,-73.58341,22915865
386,45.606796,-73.58341,22915865
387,45.606796,-73.58341,22915865
388,45.606796,-73.58341,22915865
389,45.606796,-73.58341,22915865
390,45.606796,-73.58341,22915865
391,45.606796,-73.58341,22915865
392,45.606796,-73.58341,22915865
393,45.606796,-73.58341,22915865
394,45.606796,-73.58341,22915865
395,45.606796,-73.58341,22915865
396,45.606796,-73.58341,22915865
397,45.606796,-73.58341,22915865
398,45.606796,-73.58341,22915865
399,45.606796,-73.58341,22915865
400,45.606796,-73.58341,22915865
401,45.606796,-73.58341,22915865
402,45.606796,-73.58341,22915865
403,45.606796,-73.58341,22915865
404,45.606796,-73.58341,22915865
405,45.606796,-73.58341,22915865
406,45.606796,-73.58341,22915865
407,45.606796,-73.58341,22915865
408,45.606796,-73.58341,22915865
409,45.606796,-73.58341,22915865
410,45.606796,-73.58341,22915865
411,45.606796,-73.58341,22915865
412,45.606796,-73.58341,22915865
413,45.606796,-73.58341,22915865
414,45.606796,-73.58341,22915865
415,45.606796,-73.58341,22915865
416,45.606796,-73.58341,22915865
417,45.606796,-73.58341,22915865
418,45.606796,-73.58341,22915865
419,45.606796,-73.58341,22915865
420,45.60678,-73.58341,22915865
421,45.606743,-73.58341,22915865
422,45.60671,-73.583405,22915865
423,45.606667,-73.583405,22915865
424,45.606632,-73.583405,22915865
425,45.60657,-73.583435,22915865
426,45.60654,-73.583466,22915865
427,45.60649,-73.58351,22915865
428,45.606434,-73.583565,22915865
429,45.606365,-73.583626,22915865
430,45.60631,-73.58368,22915865
431,45.606228,-73.583755,22915865
432,45.606155,-73.58382,22915865
433,45.60609,-73.58388,22915865
434,45.606026,-73.58394,22915865
435,45.605957,-73.58401,22915865
436,45.605907,-73.58405,22915865
437,45.60588,-73.584076,22915865
438,45.605865,-73.58409,22915865
439,45.60585,-73.58411,22915865
440,45.605835,-73.58412,22915865
441,45.605816,-73.58414,22915865
442,45.605793,-73.58426,285089357
443,45.60583,-73.58435,285089357
444,45.605877,-73.58445,285089357
445,45.60593,-73.58458,285089357
446,45.60599,-73.584724,285089357
447,45.606045,-73.584854,285089357
448,45.606106,-73.585,285089357
449,45.60616,-73.58513,285089357
450,45.606216,-73.58525,285089357
451,45.60627,-73.58538,285089357
452,45.606327,-73.58551,285089357
453,45.606377,-73.58563,285089357
454,45.606426,-73.58575,285089357
455,45.60647,-73.58585,285089357
456,45.60651,-73.58595,285089357
457,45.606552,-73.586044,285089357
458,45.60659,-73.586136,285089357
459,45.60662,-73.586205,285089357
460,45.606647,-73.58627,285089357
461,45.60685,-73.58631,695763684
462,45.606876,-73.586266,695763684
463,45.60692,-73.5862,695763684
464,45.60701,-73.58604,695763684
465,45.607075,-73.58592,695763684
466,45.607147,-73.5858,695763684
467,45.60723,-73.585655,695763684
468,45.60732,-73.5855,695763684
469,45.607407,-73.58535,695763684
470,45.607494,-73.5852,695763684
471,45.607582,-73.58505,695763684
472,45.607666,-73.5849,695763684
473,45.60775,-73.584755,695763684
474,45.607834,-73.58462,695763684
475,45.607914,-73.58448,695763684
476,45.608,-73.58434,695763684
477,45.60808,-73.584206,695763684
478,45.608162,-73.584076,695763684
479,45.60825,-73.58396,695763684
480,45.608337,-73.58385,695763684
481,45.608418,-73.583755,695763684
482,45.608505,-73.583664,695763684
483,45.608585,-73.58359,695763684
484,45.608665,-73.58351,695763684
485,45.60873,-73.58345,695763684
486,45.60879,-73.5834,695763684
487,45.60884,-73.58335,695763684
488,45.60888,-73.58331,695763684
489,45.608906,-73.58329,695763684
490,45.608925,-73.583275,695763684
491,45.608932,-73.58327,695763684
492,45.60894,-73.58326,695763684
493,45.608944,-73.58325,695763684
494,45.608955,-73.583244,695763684
495,45.60899,-73.58321,695763684
496,45.609035,-73.58317,695763684
497,45.609104,-73.58311,695763678
498,45.609188,-73.58303,695763678
499,45.609276,-73.58295,695763678
500,45.609383,-73.58283,22910571
501,45.609474,-73.58272,22910571
502,45.609585,-73.5826,22910571
503,45.609695,-73.58248,22910571
504,45.609806,-73.58237,22910571
505,45.609913,-73.58227,22910571
506,45.610012,-73.58218,22910571
507,45.61011,-73.58209,22910571
508,45.61021,-73.58201,22910571
509,45.6103,-73.58193,22910571
510,45.610382,-73.581856,22910571
511,45.61045,-73.581795,22910571
512,45.61051,-73.58174,22910571
513,45.610554,-73.5817,22910571
514,45.610588,-73.58167,22910571
515,45.610615,-73.58165,22910571
516,45.61063,-73.581635,22910571
517,45.610653,-73.58162,22910571
518,45.61069,-73.581406,695763681
519,45.61068,-73.58137,695763681
520,45.610664,-73.58132,695763681
521,45.610638,-73.58124,695763681
522,45.61061,-73.58115,695763681
523,45.610573,-73.58104,695763681
524,45.610535,-73.5809,695763681
525,45.610493,-73.58077,695763681
526,45.610447,-73.58063,695763681
527,45.6104,-73.58049,695763681
528,45.610355,-73.580345,695763681
529,45.610306,-73.580185,695763681
530,45.610252,-73.58001,695763681
531,45.61019,-73.57983,695763681
532,45.610126,-73.57962,695763681
533,45.61006,-73.579414,695763681
534,45.609997,-73.5792,46686639
535,45.60994,-73.57897,46686639
536,45.609886,-73.57876,46686639
537,45.60983,-73.57853,46686639
538,45.609776,-73.57831,46686639
539,45.60972,-73.578094,46686639
540,45.60966,-73.57789,46686639
541,45.609604,-73.57768,46686639
542,45.609547,-73.57747,46686639
543,45.609486,-73.57725,46686639
544,45.609425,-73.57702,46686639
545,45.609364,-73.576805,46686639
546,45.609306,-73.576584,46686639
547,45.609245,-73.57637,46686639
548,45.609184,-73.57615,46686639
549,45.609123,-73.57592,46686639
550,45.609062,-73.57568,46686639
551,45.609005,-73.57544,46686639
552,45.608932,-73.57518,230337576
553,45.608845,-73.57494,230337576
554,45.608753,-73.574684,230337576
555,45.60866,-73.57443,230337576
556,45.608562,-73.57419,230337576
557,45.608463,-73.573944,230337576
558,45.608368,-73.5737,230337576
559,45.60827,-73.573456,230337576
560,45.60817,-73.573204,230337576
561,45.608067,-73.57297,230337576
562,45.607964,-73.57273,230337576
563,45.607857,-73.57249,230337576
564,45.60775,-73.57224,230337576
565,45.607643,-73.572,230337576
566,45.607533,-73.571754,230337576
567,45.60743,-73.57152,230337576
568,45.60732,-73.57129,230337576
569,45.607204,-73.57106,230337576
570,45.60709,-73.570854,230337576
571,45.606964,-73.57067,230337576
572,45.606834,-73.57047,230337576
573,45.606705,-73.57028,230337576
574,45.60657,-73.5701,20939413
575,45.606422,-73.56996,20939413
576,45.606274,-73.56983,20939413
577,45.60613,-73.569695,20939413
578,45.60598,-73.569565,20939413
579,45.60583,-73.56945,40493513
580,45.605686,-73.56934,40493513
581,45.605537,-73.56924,40493513
582,45.605385,-73.569145,40493513
583,45.605236,-73.56906,40493514
584,45.605064,-73.56898,40493514
585,45.604893,-73.5689,40493514
586,45.604717,-73.56884,40493514
587,45.604546,-73.56879,40493514
588,45.604362,-73.56875,40493514
589,45.604183,-73.56871,40493514
590,45.604,-73.56869,40493514
591,45.60382,-73.56868,40493514
592,45.60364,-73.56867,40493514
593,45.603474,-73.56869,40493514
594,45.603306,-73.56872,40493514
595,45.603138,-73.568756,40493514
596,45.602978,-73.5688,40493514
597,45.602814,-73.56886,40493514
598,45.60264,-73.568924,40493514
599,45.60247,-73.568985,472471217
600,45.602306,-73.56907,472471217
601,45.602154,-73.56915,472471217
602,45.601997,-73.569244,472471217
603,45.601837,-73.56933,472471217
604,45.60168,-73.56941,472471217
605,45.60152,-73.5695,20944925
606,45.601376,-73.56963,20944925
607,45.601223,-73.56976,20944925
608,45.601067,-73.56989,20944925
609,45.600906,-73.57004,20944925
610,45.60075,-73.57017,20944925
611,45.600597,-73.570305,20944925
612,45.60044,-73.570435,20944925
613,45.60028,-73.57058,20944925
614,45.600117,-73.57072,20944925
615,45.59995,-73.57086,20944925
616,45.599773,-73.571014,20944925
617,45.5996,-73.57117,20944925
618,45.599426,-73.57132,20944925
619,45.599247,-73.57147,20944925
620,45.599064,-73.571625,20944925
621,45.598892,-73.57178,20944925
622,45.598713,-73.57193,20944925
623,45.598534,-73.57209,20944925
624,45.59836,-73.57224,20944925
625,45.598183,-73.57239,20944925
626,45.598003,-73.57255,20944925
627,45.59783,-73.5727,20944925
628,45.597656,-73.57287,20944925
629,45.597477,-73.573044,20944925
630,45.5973,-73.57321,20944925
631,45.59712,-73.57339,20944925
632,45.59695,-73.57357,20944925
633,45.596783,-73.57375,20944925
634,45.59664,-73.57394,20944925
635,45.596508,-73.57412,20944925
636,45.59639,-73.57429,20944925
637,45.596275,-73.574455,20944925
638,45.596176,-73.5746,20944925
639,45.596085,-73.57474,20944925
640,45.595993,-73.57487,20944925
641,45.595917,-73.57498,20944925
642,45.59584,-73.575096,20944925
643,45.595768,-73.575195,20944925
644,45.595707,-73.57529,20944925
645,45.595642,-73.57538,20944925
646,45.595573,-73.57548,20944925
647,45.5955,-73.575584,20944925
648,45.59542,-73.5757,20944925
649,45.595264,-73.575935,20944925
650,45.595184,-73.57605,20944925
651,45.5951,-73.576164,20944925
652,45.595013,-73.576294,20944925
653,45.59492,-73.57642,20944925
654,45.594822,-73.57656,20944925
655,45.594727,-73.576706,20944925
656,45.594627,-73.57684,20944925
657,45.594532,-73.57698,20944925
658,45.59444,-73.57712,20944925
659,45.59435,-73.577255,20944925
660,45.594265,-73.57738,22909954
661,45.594177,-73.577515,22909954
662,45.594006,-73.57777,22909954
663,45.593918,-73.577896,22909954
664,45.59382,-73.57805,22909954
665,45.593723,-73.578186,22909954
666,45.593628,-73.57833,22909954
667,45.593525,-73.57848,22909954
668,45.593433,-73.57862,22909954
669,45.593334,-73.57877,22909954
670,45.593235,-73.57892,22909954
671,45.593136,-73.57906,22909954
672,45.593033,-73.579216,22909954
673,45.59293,-73.57937,22909954
674,45.592823,-73.57951,22909952
675,45.592712,-73.579666,22909952
676,45.59261,-73.5798,22909952
677,45.592503,-73.57994,22909952
678,45.592396,-73.58008,22909952
679,45.592278,-73.58019,22909952
680,45.59215,-73.580315,22909952
681,45.592033,-73.58043,22909952
682,45.591908,-73.58055,22909952
683,45.591778,-73.58068,22909952
684,45.591644,-73.58081,22909952
685,45.59151,-73.58093,22909952
686,45.591373,-73.58106,22909952
687,45.591236,-73.581184,22909952
688,45.591095,-73.58131,22909952
689,45.59095,-73.58144,22909952
690,45.590813,-73.581566,22909952
691,45.59067,-73.581696,22909952
692,45.590538,-73.58181,22909952
693,45.5904,-73.58194,22909952
694,45.590267,-73.58206,22909952
695,45.59013,-73.582184,22909952
696,45.589996,-73.582306,22909952
697,45.58986,-73.58243,22909952
698,45.58972,-73.58255,22909952
699,45.58958,-73.58268,22909952
700,45.58944,-73.5828,22909952
701,45.5893,-73.58293,22909952
702,45.589153,-73.58306,22909952
703,45.589005,-73.58319,22909952
704,45.588852,-73.58333,22909952
705,45.5887,-73.583466,22909952
706,45.588543,-73.58361,22909952
707,45.588387,-73.58375,22909952
708,45.58823,-73.583885,22909952
709,45.588074,-73.58403,22909952
710,45.587914,-73.584175,22909952
711,45.587757,-73.58432,22909952
712,45.5876,-73.58446,22909952
713,45.587444,-73.5846,22909952
714,45.587288,-73.58475,22909952
715,45.58713,-73.584885,22909952
716,45.586975,-73.58503,22909952
717,45.586826,-73.58517,22909952
718,45.586678,-73.5853,22909952
719,45.586533,-73.58543,22909952
720,45.586388,-73.585556,22909952
721,45.58625,-73.58568,22909952
722,45.586117,-73.5858,22909952
723,45.585987,-73.585915,22909952
724,45.58573,-73.586136,22909952
725,45.58561,-73.58624,22909952
726,45.585484,-73.58636,22909952
727,45.58535,-73.58647,22909952
728,45.585217,-73.58659,22909952
729,45.585087,-73.58671,22909952
730,45.584957,-73.58682,22909952
731,45.584824,-73.586945,22909952
732,45.58469,-73.58707,22909952
733,45.584564,-73.58718,22909952
734,45.58444,-73.587296,22909952
735,45.584316,-73.5874,22909952
736,45.5842,-73.58751,22909952
737,45.584084,-73.58761,22909952
738,45.583973,-73.587715,22909952
739,45.583855,-73.587814,22909952
740,45.583744,-73.58791,22909952
741,45.58363,-73.58802,22909952
742,45.58352,-73.58812,22909952
743,45.5834,-73.58823,22909952
744,45.58329,-73.588326,22909952
745,45.58318,-73.58843,22909952
746,45.58306,-73.58853,22909952
747,45.582943,-73.58864,22909952
748,45.582825,-73.588745,22909952
749,45.582706,-73.58885,22909952
750,45.58259,-73.58896,22909952
751,45.582474,-73.589066,22909952
752,45.582355,-73.58917,22909952
753,45.582237,-73.58927,22909952
754,45.58212,-73.58938,22909952
755,45.582,-73.589485,22909952
756,45.581882,-73.5896,22909952
757,45.581757,-73.58971,22909952
758,45.58163,-73.58983,22909952
759,45.581497,-73.58994,22909952
760,45.581364,-73.590065,22909952
761,45.58123,-73.59019,22909952
762,45.5811,-73.5903,22909952
763,45.580963,-73.59042,22909952
764,45.58083,-73.590546,22909952
765,45.5807,-73.59066,22909952
766,45.580566,-73.590775,22909952
767,45.580433,-73.5909,22909952
768,45.580307,-73.591,22909952
769,45.580177,-73.59112,22909952
770,45.58005,-73.591225,22909952
771,45.579926,-73.59133,22909952
772,45.579803,-73.59144,22909952
773,45.57968,-73.591545,22909952
774,45.579567,-73.59165,22909952
775,45.579453,-73.59176,22909952
776,45.579346,-73.59186,22909952
777,45.57923,-73.59196,22909952
778,45.579124,-73.59206,22909952
779,45.579014,-73.592155,22909952
780,45.578903,-73.592255,22909952
781,45.57879,-73.59236,22909952
782,45.57868,-73.59247,22909952
783,45.578564,-73.59257,22909952
784,45.578445,-73.592674,22909952
785,45.578327,-73.59278,22909952
786,45.578213,-73.59289,22909952
787,45.57809,-73.593,22909952
788,45.577965,-73.59312,22909952
789,45.577835,-73.59324,22909952
790,45.577698,-73.59336,22909952
791,45.57756,-73.59349,22909952
792,45.57742,-73.59361,22909952
793,45.577274,-73.593735,22909952
794,45.577133,-73.59385,22909952
795,45.576992,-73.59396,22909952
796,45.57685,-73.594086,22909952
797,45.57671,-73.5942,22909952
798,45.576572,-73.59432,22909952
799,45.57643,-73.59445,22909952
800,45.576294,-73.594574,22909952
801,45.576157,-73.5947,22909952
802,45.576015,-73.594826,22909952
803,45.57588,-73.594955,22909952
804,45.575745,-73.59508,22909952
805,45.575603,-73.59521,22909952
806,45.575462,-73.59534,22909952
807,45.575325,-73.59546,22909952
808,45.575184,-73.59559,22909952
809,45.575043,-73.59572,22909952
810,45.5749,-73.59585,22909952
811,45.574764,-73.59597,22909952
812,45.57462,-73.5961,22909952
813,45.574482,-73.59623,22909952
814,45.57434,-73.59635,22909952
815,45.574203,-73.59648,22909952
816,45.574062,-73.5966,22909952
817,45.573925,-73.59673,22909952
818,45.573784,-73.596855,22909952
819,45.57364,-73.596985,22909952
820,45.5735,-73.597115,22909952
821,45.57336,-73.59724,22909952
822,45.573215,-73.59737,22909952
823,45.57308,-73.597496,22909952
824,45.572937,-73.59762,22909952
825,45.572796,-73.59775,22909952
826,45.57266,-73.59788,22909919
827,45.572525,-73.598,22909919
828,45.572388,-73.59813,22909919
829,45.57225,-73.59826,22909919
830,45.572117,-73.59839,22909919
831,45.57198,-73.59851,22909919
832,45.57185,-73.598625,22909919
833,45.571712,-73.59875,22909919
834,45.57158,-73.59887,22909919
835,45.57144,-73.59899,22909919
836,45.571304,-73.59911,22909919
837,45.571163,-73.599236,22909919
838,45.571026,-73.59936,22909919
839,45.57089,-73.59949,22909919
840,45.570744,-73.59962,22909919
841,45.5706,-73.59975,22909919
842,45.57045,-73.59988,22909919
843,45.570305,-73.60001,22909919
844,45.570156,-73.60014,22909919
845,45.570007,-73.60027,22909919
846,45.56986,-73.6004,22909919
847,45.569702,-73.60054,22909919
848,45.569557,-73.60066,22909919
849,45.569405,-73.6008,22909919
850,45.56926,-73.60093,22909919
851,45.56911,-73.60106,22909919
852,45.568966,-73.60118,22909919
853,45.568825,-73.6013,22909919
854,45.568684,-73.60144,22909919
855,45.568542,-73.60157,22909919
856,45.5684,-73.60171,22909919
857,45.568256,-73.601845,22909919
858,45.56812,-73.601974,22909919
859,45.567978,-73.602104,22909919
860,45.567844,-73.602234,22909919
861,45.56771,-73.602356,22909919
862,45.56758,-73.60248,22909919
863,45.567448,-73.60261,22909919
864,45.567307,-73.60274,22909919
865,45.56717,-73.60285,22909919
866,45.567028,-73.602974,22909919
867,45.566887,-73.603096,22909919
868,45.566742,-73.60322,22909919
869,45.566597,-73.60334,22909919
870,45.566456,-73.60346,22909919
871,45.566315,-73.603584,22909919
872,45.566174,-73.60371,22909919
873,45.566036,-73.60382,22909919
874,45.565907,-73.603935,22909919
875,45.565777,-73.60404,22909919
876,45.56565,-73.60415,22909919
877,45.56553,-73.604256,163936800
878,45.565422,-73.60437,163936800
879,45.56532,-73.604485,163936800
880,45.56522,-73.6046,163936800
881,45.56503,-73.604805,163936800
882,45.564938,-73.60491,163936800
883,45.56484,-73.60501,163936800
884,45.564747,-73.605095,163936800
885,45.564648,-73.60519,163936800
886,45.564556,-73.60527,163936800
887,45.56446,-73.605354,163936800
888,45.564365,-73.605446,163936800
889,45.564266,-73.60553,163936800
890,45.56417,-73.60562,163936800
891,45.564068,-73.60571,163936800
892,45.563965,-73.605804,163936800
893,45.563866,-73.6059,163936800
894,45.56377,-73.60599,163936800
895,45.56368,-73.60608,163936800
896,45.563587,-73.60616,163936800
897,45.5635,-73.60625,163936800
898,45.56341,-73.60632,163936800
899,45.563343,-73.60641,404756222
900,45.563274,-73.6065,404756222
901,45.563156,-73.60669,404756222
902,45.563087,-73.6068,404756222
903,45.563026,-73.60689,404756222
904,45.562965,-73.60698,404756222
905,45.56291,-73.60706,404756222
906,45.562843,-73.607155,404756222
907,45.562775,-73.60724,404756222
908,45.562695,-73.607315,404756222
909,45.562622,-73.60738,404756222
910,45.562557,-73.60742,404756222
911,45.562363,-73.607414,453242448
912,45.562344,-73.60738,453242448
913,45.562305,-73.607315,453242448
914,45.562283,-73.60726,453242448
915,45.562252,-73.60719,453242448
916,45.562218,-73.60711,453242448
917,45.562183,-73.60703,453242448
918,45.562145,-73.606926,453242448
919,45.56212,-73.60682,453242448
920,45.562096,-73.60673,453242448
921,45.562115,-73.606606,743346204
922,45.562134,-73.60658,743346204
923,45.562157,-73.60656,743346204
924,45.562195,-73.60651,743346204
925,45.56223,-73.60647,743346204
926,45.562267,-73.60642,743346204
927,45.56231,-73.606384,743346204
928,45.562347,-73.606346,743346204
929,45.56238,-73.60631,743346204
930,45.562405,-73.606285,743346204
931,45.56242,-73.60627,743346204
932,45.562424,-73.60627,743346204
933,45.562424,-73.60627,743346204
934,45.562428,-73.60627,743346204
935,45.562428,-73.60626,743346204
936,45.562428,-73.60626,743346204
937,45.56243,-73.60626,743346204
938,45.562435,-73.60626,743346204
939,45.562454,-73.60625,743346204
940,45.562492,-73.606224,743346204
941,45.5626,-73.60616,743346204
942,45.562653,-73.60613,743346204
943,45.562695,-73.60611,743346204
944,45.562725,-73.605965,163936799
945,45.562706,-73.60592,163936799
946,45.562687,-73.60587,163936799
947,45.562645,-73.605774,163936799
948,45.56261,-73.60569,163936799
949,45.56258,-73.60561,163936799
950,45.562553,-73.60555,163936799
951,45.562523,-73.60548,163936799
952,45.562496,-73.60541,163936799
953,45.562458,-73.60532,163936799
954,45.562424,-73.60523,163936799
955,45.562386,-73.60514,163936799
956,45.562344,-73.60504,163936799
957,45.562305,-73.60495,163936799
958,45.562267,-73.60486,163936799
959,45.562233,-73.60477,163936799
960,45.562183,-73.60468,163936799
961,45.56213,-73.60462,163936799
962,45.56208,-73.60459,163936799
963,45.562035,-73.60457,163936799
964,45.562004,-73.60455,163936799
965,45.561974,-73.60454,163936799
966,45.56196,-73.60452,163936799
967,45.561947,-73.60452,163936799
968,45.56193,-73.604515,20442248
969,45.56193,-73.604515,20442248
970,45.56193,-73.604515,20442248
971,45.56193,-73.604515,20442248
972,45.56193,-73.604515,20442248
973,45.561928,-73.604546,20442248
974,45.561924,-73.60458,20442248
975,45.561916,-73.60462,452091600
976,45.561913,-73.604645,452091600
977,45.561913,-73.60465,452091600
978,45.561913,-73.60465,452091600
979,45.561913,-73.60465,452091600
980,45.56191,-73.60466,452091600
981,45.56191,-73.60466,452091600
982,45.56191,-73.60466,452091600
983,45.56191,-73.60466,452091600
984,45.56191,-73.60466,452091600
985,45.561913,-73.60465,452091600
986,45.561913,-73.60464,452091600
987,45.561916,-73.604614,452091600
988,45.56192,-73.60461,452091600
989,45.56192,-73.60461,452091600
990,45.561916,-73.604614,452091600
991,45.561916,-73.60463,452091600
992,45.56191,-73.60467,452091600
993,45.5619,-73.60471,452091600
994,45.56189,-73.60478,452091600
995,45.561882,-73.60483,452091600
996,45.56188,-73.60486,452091600
997,45.56187,-73.60489,452091600
998,45.561863,-73.60494,452091600
999,45.561855,-73.60499,452091600
1000,45.56185,-73.60502,452091600
1001,45.561848,-73.60504,452091600
1002,45.561848,-73.60504,452091600
1003,45.561848,-73.60504,452091600
1004,45.561848,-73.60504,452091600
1005,45.561848,-73.60504,452091600
1006,45.561844,-73.60506,452091600
1007,45.561867,-73.605156,167668717
1008,45.56189,-73.60521,167668717
1009,45.561916,-73.60527,167668717
1010,45.561947,-73.60533,167668717
1011,45.56197,-73.605385,167668717
1012,45.561996,-73.605446,167668717
1013,45.562027,-73.605515,167668717
1014,45.56206,-73.60559,167668717
1015,45.562122,-73.605675,167668717
1016,45.562187,-73.60575,167668717
1017,45.562256,-73.605835,167668717
1018,45.562317,-73.60591,167668717
1019,45.56236,-73.60596,167668717
1020,45.56238,-73.60599,167668717
1021,45.56239,-73.605995,167668717
1022,45.562393,-73.605995,167668717
1023,45.562393,-73.605995,167668717
1024,45.562393,-73.605995,167668717
1025,45.562393,-73.605995,167668717
1026,45.562393,-73.605995,167668717
1027,45.562393,-73.605995,167668717
1028,45.562393,-73.605995,167668717
1029,45.562393,-73.605995,167668717
1030,45.562393,-73.605995,167668717
1031,45.562393,-73.605995,167668717
1032,45.562393,-73.605995,167668717
1033,45.562393,-73.605995,167668717
1034,45.562393,-73.606,167668717
1035,45.562393,-73.606,167668717
1036,45.562393,-73.606,167668717
1037,45.562393,-73.606,167668717
1038,45.562393,-73.606,167668717
1039,45.562393,-73.606,167668717
1040,45.562393,-73.606,167668717
1041,45.562393,-73.606,167668717
1042,45.562393,-73.606,167668717
1043,45.562393,-73.606,167668717
1044,45.562393,-73.606,167668717
1045,45.562393,-73.606,167668717
1046,45.562393,-73.606,167668717
1047,45.562393,-73.606,167668717
1048,45.562393,-73.606,167668717
1049,45.562393,-73.606,167668717
1050,45.562393,-73.606,167668717
1051,45.562393,-73.606,167668717
1052,45.562393,-73.606,167668717
1053,45.562397,-73.606,167668717
1054,45.562397,-73.606,167668717
1055,45.562397,-73.606,167668717
1056,45.562397,-73.606,167668717
1057,45.562397,-73.606,167668717
1058,45.562397,-73.606,167668717
1059,45.5624,-73.606,167668717
1060,45.562397,-73.606,167668717
1061,45.5624,-73.606,167668717
1062,45.5624,-73.606,167668717
1063,45.5624,-73.606,167668717
1064,45.5624,-73.606,167668717
1065,45.5624,-73.606,167668717
1066,45.5624,-73.606,167668717
1067,45.562397,-73.606,167668717
1068,45.562397,-73.606,167668717
1069,45.5624,-73.606,167668717
1070,45.5624,-73.606,167668717
1071,45.562397,-73.606,167668717
1072,45.5624,-73.60601,167668717
1073,45.562397,-73.606,167668717
1074,45.562397,-73.606,167668717
1075,45.5624,-73.60601,167668717
1076,45.56241,-73.60602,167668717
1077,45.56243,-73.60604,167668717
1078,45.562466,-73.60609,167668717
1079,45.5625,-73.606125,167668717
1080,45.56264,-73.60614,743346204
1081,45.56274,-73.60609,743346204
1082,45.562794,-73.60606,743346204
1083,45.56285,-73.606026,743346204
1084,45.562912,-73.605995,743346204
1085,45.562977,-73.60596,743346204
1086,45.56304,-73.60593,743346204
1087,45.56313,-73.605865,743346204
1088,45.563198,-73.605804,743346204
1089,45.56327,-73.60574,743346204
1090,45.563343,-73.60569,743346204
1091,45.563423,-73.60563,743346204
1092,45.563507,-73.605545,743346204
1093,45.563587,-73.60547,743346204
1094,45.563663,-73.605385,743346204
1095,45.56375,-73.6053,743346204
1096,45.56384,-73.60521,743346204
1097,45.56394,-73.605125,743346204
1098,45.564037,-73.60504,743346204
1099,45.564125,-73.604965,743346204
1100,45.5642,-73.604904,743346204
1101,45.564266,-73.60484,743346204
1102,45.564312,-73.604805,743346204
1103,45.564346,-73.604774,743346204
1104,45.56437,-73.60476,20444764
1105,45.56439,-73.6048,20444764
1106,45.564423,-73.60486,20444764
1107,45.564457,-73.604935,20444764
1108,45.564495,-73.60501,20444764
1109,45.564518,-73.60506,20444764
1110,45.564533,-73.60508,20444764
1111,45.56453,-73.60508,20444764
1112,45.564537,-73.605095,20444764
1113,45.56454,-73.6051,20444764
1114,45.56454,-73.6051,20444764
1115,45.56454,-73.6051,20444764
1116,45.564552,-73.60512,20444764
1117,45.564564,-73.60514,20444764
1118,45.564583,-73.60519,20444764
1119,45.56458,-73.60518,20444764
1120,45.564533,-73.605385,404756222
1121,45.56448,-73.60544,404756222
1122,45.56442,-73.60549,404756222
1123,45.564335,-73.60557,404756222
1124,45.56424,-73.60565,404756222
1125,45.564137,-73.60574,404756222
1126,45.564026,-73.60584,404756222
1127,45.56391,-73.60594,404756222
1128,45.5638,-73.60604,404756222
1129,45.56369,-73.60614,404756222
1130,45.56359,-73.60623,404756222
1131,45.563477,-73.6063,404756222
1132,45.56338,-73.60636,404756222
1133,45.563297,-73.60647,404756222
1134,45.563225,-73.606575,404756222
1135,45.56316,-73.60668,404756222
1136,45.563084,-73.60681,404756222
1137,45.563004,-73.60692,404756222
1138,45.56286,-73.60713,404756222
1139,45.562782,-73.60723,404756222
1140,45.562695,-73.607315,404756222
1141,45.56261,-73.60738,404756222
1142,45.562523,-73.607445,404756222
1143,45.562443,-73.607506,404756222
1144,45.562355,-73.60755,404756222
1145,45.56227,-73.607605,404756222
1146,45.562187,-73.60765,404756222
1147,45.56211,-73.6077,404756222
1148,45.562042,-73.607735,404756222
1149,45.561985,-73.60777,404756222
1150,45.561913,-73.6078,404756222
1151,45.56184,-73.607834,404756222
1152,45.561775,-73.607864,25831131
1153,45.5617,-73.60791,25831131
1154,45.561634,-73.60794,25831131
1155,45.561577,-73.60797,25831131
1156,45.561543,-73.607994,25831131
1157,45.561504,-73.608025,25831131
1158,45.56147,-73.608055,25831131
1159,45.561443,-73.60808,25831131
1160,45.561417,-73.6081,25831131
1161,45.561398,-73.608116,25831131
1162,45.56138,-73.60814,25831131
1163,45.56136,-73.608154,25831131
1164,45.56133,-73.60818,25831131
1165,45.56131,-73.60819,25831131
1166,45.561287,-73.608215,25831131
1167,45.561256,-73.60824,25831131
1168,45.561203,-73.608284,25831131
1169,45.56116,-73.60832,25831131
1170,45.561115,-73.60837,164060498
1171,45.561058,-73.60842,164060498
1172,45.561005,-73.608475,164060498
1173,45.56095,-73.60853,164060498
1174,45.560894,-73.60858,164060498
1175,45.560852,-73.608635,164060507
1176,45.5608,-73.6087,164060507
1177,45.560753,-73.60876,164060507
1178,45.56071,-73.60881,164060507
1179,45.560665,-73.608864,164060507
1180,45.560627,-73.60891,164060507
1181,45.560585,-73.60896,164060507
1182,45.560547,-73.60901,164060507
1183,45.560505,-73.60906,164060507
1184,45.560463,-73.609116,164060507
1185,45.560425,-73.60916,164060507
1186,45.56039,-73.60921,164060507
1187,45.56036,-73.609245,164060507
1188,45.560318,-73.6093,164060507
1189,45.56028,-73.60935,164060507
1190,45.56023,-73.60942,164060507
1191,45.56018,-73.60949,164060507
1192,45.560127,-73.60956,164060507
1193,45.560074,-73.609634,164060507
1194,45.560017,-73.60971,164060507
1195,45.55996,-73.60979,164060507
1196,45.559906,-73.609856,164060507
1197,45.55979,-73.61001,164060507
1198,45.559734,-73.610085,164060507
1199,45.559677,-73.61017,164060507
1200,45.559612,-73.61025,164060507
1201,45.559544,-73.610344,164060507
1202,45.559475,-73.610435,164060507
1203,45.559406,-73.610535,22909919
1204,45.559338,-73.61065,22909919
1205,45.55925,-73.610794,22909919
1206,45.559174,-73.61095,22909919
1207,45.55909,-73.61111,22909919
1208,45.55901,-73.61127,22909919
1209,45.558926,-73.61143,22909919
1210,45.55885,-73.611595,22909919
1211,45.558773,-73.61177,22909919
1212,45.558693,-73.61196,22909919
1213,45.55861,-73.61215,22909919
1214,45.55852,-73.612366,22909919
1215,45.55843,-73.61259,22909919
1216,45.558334,-73.6128,22909919
1217,45.558243,-73.61302,22909919
1218,45.55815,-73.613235,22909919
1219,45.55806,-73.61346,22909919
1220,45.557964,-73.61368,22909919
1221,45.557873,-73.6139,22909919
1222,45.557774,-73.61413,22909919
1223,45.557674,-73.61437,22909919
1224,45.55757,-73.6146,22909919
1225,45.557472,-73.61484,22909919
1226,45.557373,-73.615074,22909919
1227,45.557278,-73.6153,22909919
1228,45.55718,-73.61554,22909919
1229,45.55708,-73.615776,22909919
1230,45.556976,-73.61601,22909919
1231,45.55687,-73.616264,22909919
1232,45.55676,-73.61652,22909919
1233,45.556644,-73.61678,22909919
1234,45.55653,-73.617035,22909919
1235,45.55642,-73.61729,22909919
1236,45.55631,-73.61753,22909919
1237,45.556107,-73.61802,22909919
1238,45.556004,-73.61826,22909919
1239,45.5559,-73.61851,22909919
1240,45.555798,-73.61875,22909919
1241,45.5557,-73.61899,22909919
1242,45.55559,-73.61924,22909919
1243,45.555492,-73.619484,22909919
1244,45.555386,-73.619736,22909919
1245,45.555283,-73.61999,22909919
1246,45.555176,-73.62023,22909919
1247,45.555073,-73.62048,22909919
1248,45.55497,-73.62074,22909919
1249,45.554867,-73.620995,22909919
1250,45.554764,-73.621254,22909919
1251,45.55466,-73.621506,22909919
1252,45.554554,-73.62175,22909919
1253,45.554443,-73.621994,22909919
1254,45.554337,-73.62224,22909919
1255,45.55423,-73.622475,22909919
1256,45.554127,-73.6227,22909919
1257,45.554012,-73.622925,22909919
1258,45.553898,-73.62315,22909919
1259,45.55378,-73.62338,22909919
1260,45.55366,-73.62361,22909919
1261,45.55354,-73.62383,22909919
1262,45.553413,-73.62407,22909919
1263,45.553288,-73.6243,22909919
1264,45.553158,-73.624535,22909919
1265,45.55303,-73.62477,22909919
1266,45.5529,-73.62501,22909919
1267,45.55277,-73.625244,22909919
1268,45.55264,-73.62549,22909919
1269,45.552513,-73.62572,22909919
1270,45.552383,-73.62595,22909919
1271,45.552254,-73.62619,22909919
1272,45.552124,-73.626434,22909919
1273,45.55199,-73.62668,22909919
1274,45.55186,-73.626915,22909919
1275,45.551727,-73.62716,22909919
1276,45.551594,-73.6274,22909919
1277,45.55146,-73.62766,22909919
1278,45.551327,-73.627914,22909919
1279,45.5512,-73.62816,22909919
1280,45.55108,-73.628426,22909919
1281,45.550957,-73.62869,22909919
1282,45.550858,-73.628944,22909919
1283,45.550755,-73.62921,22909919
1284,45.550663,-73.62948,22909919
1285,45.55058,-73.62973,22909919
1286,45.550503,-73.62999,22909919
1287,45.55043,-73.63025,22909919
1288,45.550365,-73.630516,22909919
1289,45.55031,-73.63078,22909919
1290,45.550266,-73.63107,22909919
1291,45.55022,-73.63136,22909919
1292,45.55018,-73.63165,22909919
1293,45.550137,-73.631935,22909919
1294,45.5501,-73.63222,22909919
1295,45.550053,-73.6325,22909919
1296,45.54999,-73.63278,22909919
1297,45.549927,-73.633064,22909919
1298,45.549843,-73.63335,22909919
1299,45.549763,-73.633606,22909919
1300,45.549664,-73.63388,22909919
1301,45.549576,-73.634125,22909919
1302,45.54948,-73.634384,22909919
1303,45.54939,-73.63463,22909919
1304,45.54926,-73.634865,22909919
1305,45.549126,-73.635086,22909919
1306,45.549,-73.63531,22909919
1307,45.54886,-73.635544,22909919
1308,45.548702,-73.635765,22909919
1309,45.548542,-73.63596,22909919
1310,45.548374,-73.63617,22909919
1311,45.548203,-73.63638,22909919
1312,45.548016,-73.636566,22909919
1313,45.54784,-73.63674,22909919
1314,45.547653,-73.636925,22909919
1315,45.54747,-73.63709,22909919
1316,45.547283,-73.63725,22909919
1317,45.547108,-73.637405,22909919
1318,45.54693,-73.63756,22909919
1319,45.546753,-73.6377,22909919
1320,45.54658,-73.637856,22909919
1321,45.546406,-73.63801,22909919
1322,45.546234,-73.63815,22909919
1323,45.54607,-73.63829,22909919
1324,45.5459,-73.63844,22909919
1325,45.54573,-73.63859,22909919
1326,45.54555,-73.63874,22909919
1327,45.54538,-73.638885,22909919
1328,45.545216,-73.63903,22909919
1329,45.545055,-73.63917,22909919
1330,45.544895,-73.639305,22909919
1331,45.544735,-73.63944,22909919
1332,45.544575,-73.63958,22909919
1333,45.54442,-73.63971,22909919
1334,45.54426,-73.63985,22909919
1335,45.544094,-73.63999,22909919
1336,45.543938,-73.64012,22909919
1337,45.543774,-73.64026,22909919
1338,45.543602,-73.64038,22909919
1339,45.543427,-73.6405,22909919
1340,45.543243,-73.640625,22909919
1341,45.543053,-73.64075,22909919
1342,45.542873,-73.64087,22909919
1343,45.542698,-73.64098,22909919
1344,45.542522,-73.6411,22909919
1345,45.54235,-73.64121,22909919
1346,45.54217,-73.641335,22909919
1347,45.541992,-73.64145,22909919
1348,45.541817,-73.64156,22909919
1349,45.54164,-73.641685,22909919
1350,45.541462,-73.6418,22909919
1351,45.541283,-73.64192,22909919
1352,45.5411,-73.64204,22909919
1353,45.54093,-73.64214,22909919
1354,45.540745,-73.642265,22909919
1355,45.540558,-73.64238,22909919
1356,45.54037,-73.6425,22909919
1357,45.540188,-73.64262,22909919
1358,45.54,-73.64273,22909919
1359,45.539814,-73.64285,22909919
1360,45.539623,-73.64297,22909919
1361,45.539436,-73.64309,26134850
1362,45.53925,-73.64321,26134850
1363,45.53907,-73.64333,26134850
1364,45.538895,-73.64345,26134850
1365,45.538715,-73.64356,26134850
1366,45.53854,-73.64368,26134850
1367,45.538357,-73.6438,26134850
1368,45.53818,-73.64391,26134850
1369,45.538006,-73.64403,26134850
1370,45.537827,-73.64415,26134850
1371,45.537636,-73.64427,26134850
1372,45.53744,-73.6444,26134850
1373,45.537254,-73.64452,26134850
1374,45.537056,-73.64465,26134850
1375,45.536865,-73.64478,26134850
1376,45.536694,-73.6449,26134850
1377,45.536503,-73.64502,26134850
1378,45.536316,-73.64514,26134850
1379,45.53613,-73.64526,26134850
1380,45.53594,-73.64539,26134850
1381,45.53574,-73.64552,26134850
1382,45.535553,-73.645645,26134850
1383,45.53535,-73.645775,26134850
1384,45.535152,-73.645905,37764779
1385,45.534954,-73.64602,37764779
1386,45.53477,-73.64615,37764780
1387,45.534576,-73.64628,37764780
1388,45.53438,-73.646416,37764780
1389,45.5342,-73.64654,37764780
1390,45.53402,-73.64667,37764780
1391,45.53384,-73.6468,37764780
1392,45.53366,-73.64692,37764780
1393,45.53349,-73.64704,37764780
1394,45.533318,-73.64716,37764780
1395,45.53314,-73.647285,37764780
1396,45.53296,-73.64739,37764780
1397,45.532784,-73.64751,37764780
1398,45.532608,-73.64762,37764780
1399,45.532425,-73.647736,37764780
1400,45.53225,-73.64785,37764780
1401,45.53206,-73.64797,37764780
1402,45.53187,-73.648094,37764780
1403,45.531677,-73.64821,37764780
1404,45.531494,-73.648315,37764780
1405,45.5313,-73.64844,37764780
1406,45.53111,-73.64855,37764780
1407,45.530926,-73.64868,37764780
1408,45.530735,-73.64882,37764780
1409,45.530556,-73.64895,37764780
1410,45.530373,-73.64908,37764780
1411,45.530197,-73.64921,37764780
1412,45.530025,-73.64934,37764780
1413,45.52986,-73.64947,37764780
1414,45.5297,-73.64961,37764780
1415,45.529533,-73.64976,37764780
1416,45.529373,-73.649925,37764780
1417,45.529217,-73.650085,37764780
1418,45.52906,-73.650246,37764780
1419,45.52891,-73.650406,37764780
1420,45.528748,-73.65057,37764780
1421,45.528584,-73.65074,37764780
1422,45.528423,-73.65091,37764780
1423,45.52825,-73.65108,37764780
1424,45.52809,-73.65122,37764780
1425,45.527924,-73.65136,37764780

