"1",45.4928894042968,-73.5633392333984,165264485
"2",45.4928894042968,-73.5633392333984,165264485
"3",45.4928894042968,-73.5633392333984,165264485
"4",45.4928894042968,-73.5633392333984,165264485
"5",45.4928894042968,-73.5633392333984,165264485
"6",45.4928894042968,-73.5633392333984,165264485
"7",45.4928894042968,-73.5633468627929,165264485
"8",45.4928894042968,-73.5633468627929,165264485
"9",45.4928894042968,-73.5633468627929,165264485
"10",45.4928894042968,-73.5633468627929,165264485
"11",45.4928894042968,-73.5633468627929,165264485
"12",45.4928894042968,-73.5633544921875,165264485
"13",45.4929771423339,-73.5635910034179,165264485
"14",45.4929695129394,-73.5635681152343,165264485
"15",45.492919921875,-73.5635528564453,165264485
"16",45.4929466247558,-73.5635528564453,165264485
"17",45.4929618835449,-73.5635528564453,165264485
"18",45.4929580688476,-73.5635452270507,165264485
"19",45.4929695129394,-73.5635604858398,165264485
"20",45.4929618835449,-73.5635452270507,165264485
"21",45.4929695129394,-73.5635528564453,165264485
"22",45.4929885864257,-73.5635604858398,165264485
"23",45.492992401123,-73.5635604858398,165264485
"24",45.4930000305175,-73.5635757446289,165264485
"25",45.4930076599121,-73.5635833740234,165264485
"26",45.4930152893066,-73.5635910034179,165264485
"27",45.4930229187011,-73.5635986328125,165264485
"28",45.4930267333984,-73.563606262207,165264485
"29",45.4930305480957,-73.563606262207,165264485
"30",45.4930305480957,-73.5636138916015,165264485
"31",45.4930305480957,-73.5636215209961,165264485
"32",45.4930267333984,-73.5636291503906,165264485
"33",45.4930229187011,-73.5636444091796,165264485
"34",45.4930191040039,-73.5636444091796,165264485
"35",45.4930152893066,-73.5636520385742,165264485
"36",45.4930152893066,-73.5636596679687,165264485
"37",45.4930152893066,-73.5636596679687,165264485
"38",45.4930152893066,-73.5636596679687,165264485
"39",45.4930152893066,-73.5636672973632,165264485
"40",45.4930114746093,-73.5636749267578,165264485
"41",45.4930114746093,-73.5636749267578,165264485
"42",45.4930114746093,-73.5636825561523,165264485
"43",45.4930076599121,-73.5636825561523,165264485
"44",45.4930076599121,-73.5636825561523,165264485
"45",45.4930076599121,-73.5636825561523,165264485
"46",45.4930038452148,-73.5636825561523,165264485
"47",45.4930038452148,-73.5636825561523,165264485
"48",45.4930038452148,-73.5636825561523,165264485
"49",45.4930000305175,-73.5636825561523,165264485
"50",45.4930000305175,-73.5636901855468,165264485
"51",45.4930000305175,-73.5636901855468,165264485
"52",45.4929962158203,-73.5636901855468,165264485
"53",45.4929962158203,-73.5636901855468,165264485
"54",45.4929962158203,-73.5636901855468,165264485
"55",45.4929962158203,-73.5636901855468,165264485
"56",45.4929962158203,-73.5636901855468,165264485
"57",45.4929962158203,-73.5636901855468,165264485
"58",45.4930000305175,-73.5636901855468,165264485
"59",45.4930000305175,-73.5636901855468,165264485
"60",45.4930000305175,-73.5636901855468,165264485
"61",45.4930114746093,-73.5636672973632,165264485
"62",45.4930191040039,-73.5636444091796,165264485
"63",45.4930229187011,-73.5636367797851,165264485
"64",45.4930305480957,-73.5636367797851,165264485
"65",45.4930343627929,-73.5636367797851,165264485
"66",45.4930381774902,-73.5636520385742,165264485
"67",45.4930419921875,-73.5636596679687,165264485
"68",45.4930458068847,-73.5636672973632,165264485
"69",45.4930458068847,-73.5636672973632,165264485
"70",45.4930458068847,-73.5636672973632,165264485
"71",45.493049621582,-73.5636672973632,165264485
"72",45.493049621582,-73.5636672973632,165264485
"73",45.4930534362793,-73.5636672973632,165264485
"74",45.4930534362793,-73.5636672973632,165264485
"75",45.493049621582,-73.5636672973632,165264485
"76",45.493049621582,-73.5636672973632,165264485
"77",45.493049621582,-73.5636672973632,165264485
"78",45.493049621582,-73.5636672973632,165264485
"79",45.493049621582,-73.5636672973632,165264485
"80",45.4930534362793,-73.5636672973632,165264485
"81",45.493049621582,-73.5636672973632,165264485
"82",45.493049621582,-73.5636672973632,165264485
"83",45.493049621582,-73.5636672973632,165264485
"84",45.4930305480957,-73.5636749267578,165264485
"85",45.4930038452148,-73.5636825561523,165264485
"86",45.4929885864257,-73.5636901855468,165264485
"87",45.4929656982421,-73.5636901855468,165264485
"88",45.4929504394531,-73.5636901855468,165264485
"89",45.4929275512695,-73.5636901855468,165264485
"90",45.4929008483886,-73.5636978149414,165264485
"91",45.492877960205,-73.5636978149414,165264485
"92",45.4928436279296,-73.5637130737304,165264485
"93",45.4928092956543,-73.563735961914,165264485
"94",45.4927673339843,-73.5637893676757,165264485
"95",45.4927330017089,-73.5638046264648,165264485
"96",45.4927062988281,-73.5638275146484,165264485
"97",45.4926948547363,-73.5638656616211,165264485
"98",45.4926795959472,-73.5638809204101,165264485
"99",45.4926300048828,-73.5638732910156,165264485
"100",45.4926109313964,-73.5638732910156,165264485
"101",45.4925842285156,-73.5638656616211,165264485
"102",45.4925994873046,-73.5639038085937,165264485
"103",45.4925994873046,-73.5639266967773,165264485
"104",45.4925918579101,-73.5639343261718,165264485
"105",45.4925918579101,-73.5639419555664,165264485
"106",45.4925918579101,-73.5639495849609,165264485
"107",45.4925918579101,-73.5639495849609,165264485
"108",45.4925918579101,-73.5639572143554,165264485
"109",45.4925880432128,-73.56396484375,165264485
"110",45.4925880432128,-73.56396484375,165264485
"111",45.4925880432128,-73.56396484375,165264485
"112",45.4925880432128,-73.56396484375,165264485
"113",45.4925880432128,-73.56396484375,165264485
"114",45.4925880432128,-73.56396484375,165264485
"115",45.4925880432128,-73.56396484375,165264485
"116",45.4925880432128,-73.56396484375,165264485
"117",45.4925880432128,-73.56396484375,165264485
"118",45.4925918579101,-73.56396484375,165264485
"119",45.4925918579101,-73.56396484375,165264485
"120",45.4925918579101,-73.56396484375,165264485
"121",45.4925918579101,-73.56396484375,165264485
"122",45.4925918579101,-73.56396484375,165264485
"123",45.4925956726074,-73.56396484375,165264485
"124",45.4925956726074,-73.56396484375,165264485
"125",45.4925994873046,-73.56396484375,165264485
"126",45.4925994873046,-73.56396484375,165264485
"127",45.4925994873046,-73.56396484375,165264485
"128",45.4925994873046,-73.56396484375,165264485
"129",45.4925994873046,-73.56396484375,165264485
"130",45.4926033020019,-73.56396484375,165264485
"131",45.4926033020019,-73.56396484375,165264485
"132",45.4926033020019,-73.56396484375,165264485
"133",45.4926033020019,-73.56396484375,165264485
"134",45.4926033020019,-73.56396484375,165264485
"135",45.4926033020019,-73.56396484375,165264485
"136",45.4926033020019,-73.56396484375,165264485
"137",45.4926033020019,-73.56396484375,165264485
"138",45.4926033020019,-73.56396484375,165264485
"139",45.4926033020019,-73.56396484375,165264485
"140",45.4926033020019,-73.56396484375,165264485
"141",45.4926033020019,-73.56396484375,165264485
"142",45.4926033020019,-73.56396484375,165264485
"143",45.4926033020019,-73.56396484375,165264485
"144",45.4926033020019,-73.56396484375,165264485
"145",45.4926033020019,-73.56396484375,165264485
"146",45.4926033020019,-73.56396484375,165264485
"147",45.4926033020019,-73.56396484375,165264485
"148",45.4926033020019,-73.56396484375,165264485
"149",45.4926033020019,-73.56396484375,165264485
"150",45.4926033020019,-73.56396484375,165264485
"151",45.4926033020019,-73.56396484375,165264485
"152",45.4926033020019,-73.56396484375,165264485
"153",45.4926033020019,-73.56396484375,165264485
"154",45.4926033020019,-73.56396484375,165264485
"155",45.4926033020019,-73.56396484375,165264485
"156",45.4926033020019,-73.56396484375,165264485
"157",45.4926033020019,-73.56396484375,165264485
"158",45.4926033020019,-73.56396484375,165264485
"159",45.4926033020019,-73.56396484375,165264485
"160",45.4926033020019,-73.56396484375,165264485
"161",45.4926033020019,-73.56396484375,165264485
"162",45.4926033020019,-73.56396484375,165264485
"163",45.4926033020019,-73.56396484375,165264485
"164",45.4926033020019,-73.56396484375,165264485
"165",45.4926033020019,-73.56396484375,165264485
"166",45.4926033020019,-73.56396484375,165264485
"167",45.4926033020019,-73.56396484375,165264485
"168",45.4926033020019,-73.56396484375,165264485
"169",45.4926033020019,-73.56396484375,165264485
"170",45.4926033020019,-73.56396484375,165264485
"171",45.4926033020019,-73.56396484375,165264485
"172",45.4926033020019,-73.56396484375,165264485
"173",45.4926033020019,-73.56396484375,165264485
"174",45.4926033020019,-73.56396484375,165264485
"175",45.4926033020019,-73.56396484375,165264485
"176",45.4926033020019,-73.56396484375,165264485
"177",45.4926033020019,-73.56396484375,165264485
"178",45.4926033020019,-73.56396484375,165264485
"179",45.4926033020019,-73.56396484375,165264485
"180",45.4926033020019,-73.56396484375,165264485
"181",45.4926033020019,-73.56396484375,165264485
"182",45.4926033020019,-73.56396484375,165264485
"183",45.4926033020019,-73.56396484375,165264485
"184",45.4926033020019,-73.56396484375,165264485
"185",45.4926033020019,-73.56396484375,165264485
"186",45.4926033020019,-73.56396484375,165264485
"187",45.4926033020019,-73.56396484375,165264485
"188",45.4926033020019,-73.56396484375,165264485
"189",45.4926033020019,-73.56396484375,165264485
"190",45.4926033020019,-73.56396484375,165264485
"191",45.4926033020019,-73.56396484375,165264485
"192",45.4926033020019,-73.56396484375,165264485
"193",45.4926033020019,-73.56396484375,165264485
"194",45.4926033020019,-73.56396484375,165264485
"195",45.4926033020019,-73.56396484375,165264485
"196",45.4926033020019,-73.56396484375,165264485
"197",45.4926033020019,-73.56396484375,165264485
"198",45.4926033020019,-73.56396484375,165264485
"199",45.4926033020019,-73.56396484375,165264485
"200",45.4926033020019,-73.56396484375,165264485
"201",45.4926033020019,-73.56396484375,165264485
"202",45.4926033020019,-73.56396484375,165264485
"203",45.4926033020019,-73.56396484375,165264485
"204",45.4926033020019,-73.56396484375,165264485
"205",45.4926033020019,-73.56396484375,165264485
"206",45.4926033020019,-73.56396484375,165264485
"207",45.4926033020019,-73.56396484375,165264485
"208",45.4926033020019,-73.56396484375,165264485
"209",45.4926033020019,-73.56396484375,165264485
"210",45.4926033020019,-73.56396484375,165264485
"211",45.4926033020019,-73.56396484375,165264485
"212",45.4926033020019,-73.56396484375,165264485
"213",45.4926033020019,-73.56396484375,165264485
"214",45.4926033020019,-73.56396484375,165264485
"215",45.4926033020019,-73.56396484375,165264485
"216",45.4926033020019,-73.56396484375,165264485
"217",45.4926071166992,-73.56396484375,165264485
"218",45.4926071166992,-73.56396484375,165264485
"219",45.4926071166992,-73.56396484375,165264485
"220",45.4926071166992,-73.56396484375,165264485
"221",45.4926071166992,-73.56396484375,165264485
"222",45.4926071166992,-73.56396484375,165264485
"223",45.4926071166992,-73.56396484375,165264485
"224",45.4926071166992,-73.56396484375,165264485
"225",45.4926071166992,-73.56396484375,165264485
"226",45.4926071166992,-73.56396484375,165264485
"227",45.4926071166992,-73.56396484375,165264485
"228",45.4926071166992,-73.56396484375,165264485
"229",45.4926071166992,-73.56396484375,165264485
"230",45.4926071166992,-73.56396484375,165264485
"231",45.4926071166992,-73.56396484375,165264485
"232",45.4926071166992,-73.56396484375,165264485
"233",45.4926071166992,-73.56396484375,165264485
"234",45.4926071166992,-73.56396484375,165264485
"235",45.4926071166992,-73.56396484375,165264485
"236",45.4926071166992,-73.56396484375,165264485
"237",45.4926071166992,-73.56396484375,165264485
"238",45.4926071166992,-73.5639724731445,165264485
"239",45.4926071166992,-73.5639724731445,165264485
"240",45.4926071166992,-73.5639724731445,165264485
"241",45.4926071166992,-73.5639724731445,165264485
"242",45.4926071166992,-73.5639724731445,165264485
"243",45.4926071166992,-73.5639724731445,165264485
"244",45.4926071166992,-73.5639724731445,165264485
"245",45.4926071166992,-73.5639724731445,165264485
"246",45.4926071166992,-73.5639724731445,165264485
"247",45.4926071166992,-73.5639724731445,165264485
"248",45.4926071166992,-73.5639724731445,165264485
"249",45.4926071166992,-73.5639724731445,165264485
"250",45.4926071166992,-73.5639724731445,165264485
"251",45.4926071166992,-73.5639724731445,165264485
"252",45.4926071166992,-73.5639724731445,165264485
"253",45.4926071166992,-73.5639724731445,165264485
"254",45.4926071166992,-73.5639724731445,165264485
"255",45.4926071166992,-73.5639724731445,165264485
"256",45.4926071166992,-73.5639724731445,165264485
"257",45.4926071166992,-73.5639724731445,165264485
"258",45.4926071166992,-73.5639724731445,165264485
"259",45.4926071166992,-73.5639724731445,165264485
"260",45.4926071166992,-73.5639724731445,165264485
"261",45.4926071166992,-73.5639724731445,165264485
"262",45.4926071166992,-73.5639724731445,165264485
"263",45.4926071166992,-73.5639724731445,165264485
"264",45.4926071166992,-73.5639724731445,165264485
"265",45.4926071166992,-73.5639724731445,165264485
"266",45.4926071166992,-73.5639724731445,165264485
"267",45.4926071166992,-73.5639724731445,165264485
"268",45.4926071166992,-73.5639724731445,165264485
"269",45.4926071166992,-73.5639724731445,165264485
"270",45.4926071166992,-73.5639724731445,165264485
"271",45.4926071166992,-73.5639724731445,165264485
"272",45.4926071166992,-73.5639724731445,165264485
"273",45.4926071166992,-73.5639724731445,165264485
"274",45.4926071166992,-73.5639724731445,165264485
"275",45.4926071166992,-73.5639724731445,165264485
"276",45.4926071166992,-73.5639724731445,165264485
"277",45.4926071166992,-73.5639724731445,165264485
"278",45.4926071166992,-73.5639724731445,165264485
"279",45.4926071166992,-73.5639724731445,165264485
"280",45.4926071166992,-73.5639724731445,165264485
"281",45.4926071166992,-73.5639724731445,165264485
"282",45.4926071166992,-73.5639724731445,165264485
"283",45.4926071166992,-73.5639724731445,165264485
"284",45.4926071166992,-73.5639724731445,165264485
"285",45.4926071166992,-73.5639724731445,165264485
"286",45.4926071166992,-73.5639724731445,165264485
"287",45.4926071166992,-73.5639724731445,165264485
"288",45.4926071166992,-73.5639724731445,165264485
"289",45.4926071166992,-73.5639724731445,165264485
"290",45.4926071166992,-73.5639724731445,165264485
"291",45.4926071166992,-73.5639724731445,165264485
"292",45.4926071166992,-73.5639724731445,165264485
"293",45.4926071166992,-73.5639724731445,165264485
"294",45.4926071166992,-73.5639724731445,165264485
"295",45.4926071166992,-73.5639724731445,165264485
"296",45.4926071166992,-73.5639724731445,165264485
"297",45.4926071166992,-73.5639724731445,165264485
"298",45.4926071166992,-73.5639724731445,165264485
"299",45.4926071166992,-73.5639724731445,165264485
"300",45.4926109313964,-73.56396484375,165264485
"301",45.4926147460937,-73.56396484375,165264485
"302",45.4926223754882,-73.56396484375,165264485
"303",45.4926223754882,-73.56396484375,165264485
"304",45.4926223754882,-73.5639572143554,165264485
"305",45.4926223754882,-73.5639572143554,165264485
"306",45.4926261901855,-73.5639495849609,165264485
"307",45.4926261901855,-73.5639495849609,165264485
"308",45.49263381958,-73.5639419555664,165264485
"309",45.49263381958,-73.5639419555664,165264485
"310",45.4926376342773,-73.5639419555664,165264485
"311",45.49263381958,-73.5639419555664,165264485
"312",45.49263381958,-73.5639419555664,165264485
"313",45.49263381958,-73.5639419555664,165264485
"314",45.49263381958,-73.5639495849609,165264485
"315",45.49263381958,-73.5639495849609,165264485
"316",45.49263381958,-73.5639495849609,165264485
"317",45.49263381958,-73.5639495849609,165264485
"318",45.49263381958,-73.5639495849609,165264485
"319",45.49263381958,-73.5639495849609,165264485
"320",45.49263381958,-73.5639495849609,165264485
"321",45.49263381958,-73.5639495849609,165264485
"322",45.49263381958,-73.5639495849609,165264485
"323",45.49263381958,-73.5639495849609,165264485
"324",45.49263381958,-73.5639495849609,165264485
"325",45.49263381958,-73.5639495849609,165264485
"326",45.49263381958,-73.5639495849609,165264485
"327",45.49263381958,-73.5639495849609,165264485
"328",45.49263381958,-73.5639495849609,165264485
"329",45.49263381958,-73.5639495849609,165264485
"330",45.49263381958,-73.5639495849609,165264485
"331",45.49263381958,-73.5639495849609,165264485
"332",45.49263381958,-73.5639495849609,165264485
"333",45.4926300048828,-73.5639495849609,165264485
"334",45.4926300048828,-73.5639419555664,165264485
"335",45.4926300048828,-73.5639495849609,165264485
"336",45.4926300048828,-73.5639495849609,165264485
"337",45.4926300048828,-73.5639495849609,165264485
"338",45.4926300048828,-73.5639495849609,165264485
"339",45.4926300048828,-73.5639495849609,165264485
"340",45.4926300048828,-73.5639495849609,165264485
"341",45.4926300048828,-73.5639495849609,165264485
"342",45.4926300048828,-73.5639495849609,165264485
"343",45.4926300048828,-73.5639495849609,165264485
"344",45.4926300048828,-73.5639495849609,165264485
"345",45.4926300048828,-73.5639495849609,165264485
"346",45.4926300048828,-73.5639495849609,165264485
"347",45.4926300048828,-73.5639495849609,165264485
"348",45.4926300048828,-73.5639495849609,165264485
"349",45.4926300048828,-73.5639495849609,165264485
"350",45.4926300048828,-73.5639495849609,165264485
"351",45.4926300048828,-73.5639495849609,165264485
"352",45.4926300048828,-73.5639495849609,165264485
"353",45.4926300048828,-73.5639495849609,165264485
"354",45.4926300048828,-73.5639495849609,165264485
"355",45.4926300048828,-73.5639495849609,165264485
"356",45.4926300048828,-73.5639495849609,165264485
"357",45.4926300048828,-73.5639495849609,165264485
"358",45.4926300048828,-73.5639495849609,165264485
"359",45.4926300048828,-73.5639495849609,165264485
"360",45.4926300048828,-73.5639495849609,165264485
"361",45.4926300048828,-73.5639495849609,165264485
"362",45.4926300048828,-73.5639495849609,165264485
"363",45.4926300048828,-73.5639495849609,165264485
"364",45.4926300048828,-73.5639495849609,165264485
"365",45.4926300048828,-73.5639495849609,165264485
"366",45.4926300048828,-73.5639495849609,165264485
"367",45.4926300048828,-73.5639495849609,165264485
"368",45.4926300048828,-73.5639495849609,165264485
"369",45.49263381958,-73.5639495849609,165264485
"370",45.49263381958,-73.5639495849609,165264485
"371",45.49263381958,-73.5639495849609,165264485
"372",45.49263381958,-73.5639495849609,165264485
"373",45.49263381958,-73.5639495849609,165264485
"374",45.49263381958,-73.5639495849609,165264485
"375",45.49263381958,-73.5639495849609,165264485
"376",45.49263381958,-73.5639495849609,165264485
"377",45.49263381958,-73.5639495849609,165264485
"378",45.49263381958,-73.5639495849609,165264485
"379",45.49263381958,-73.5639495849609,165264485
"380",45.49263381958,-73.5639495849609,165264485
"381",45.4926376342773,-73.5639495849609,165264485
"382",45.4926300048828,-73.5639572143554,165264485
"383",45.492618560791,-73.56396484375,165264485
"384",45.4926109313964,-73.5639724731445,165264485
"385",45.4926109313964,-73.5639724731445,165264485
"386",45.4926109313964,-73.5639724731445,165264485
"387",45.4926109313964,-73.5639724731445,165264485
"388",45.4926109313964,-73.5639724731445,165264485
"389",45.4926109313964,-73.5639724731445,165264485
"390",45.4926109313964,-73.5639724731445,165264485
"391",45.4926109313964,-73.5639724731445,165264485
"392",45.4926109313964,-73.5639724731445,165264485
"393",45.4926109313964,-73.5639724731445,165264485
"394",45.4926109313964,-73.5639724731445,165264485
"395",45.4926109313964,-73.5639724731445,165264485
"396",45.4926109313964,-73.5639724731445,165264485
"397",45.4926109313964,-73.5639724731445,165264485
"398",45.4926109313964,-73.5639724731445,165264485
"399",45.4926109313964,-73.5639724731445,165264485
"400",45.4926109313964,-73.5639724731445,165264485
"401",45.4926109313964,-73.5639724731445,165264485
"402",45.4926109313964,-73.5639724731445,165264485
"403",45.4926109313964,-73.5639724731445,165264485
"404",45.4926109313964,-73.5639724731445,165264485
"405",45.4926452636718,-73.5639572143554,165264485
"406",45.4926452636718,-73.5639572143554,165264485
"407",45.4926490783691,-73.5639495849609,165264485
"408",45.4926490783691,-73.5639495849609,165264485
"409",45.4926452636718,-73.5639495849609,165264485
"410",45.4926414489746,-73.5639495849609,165264485
"411",45.4926376342773,-73.5639114379882,165264485
"412",45.4925994873046,-73.5639495849609,165264485
"413",45.4928245544433,-73.5645599365234,573448690
"414",45.4928741455078,-73.5649108886718,573448690
"415",45.4927825927734,-73.5650482177734,133806981
"416",45.4927215576171,-73.565185546875,607184015
"417",45.4925651550293,-73.5652084350586,607184015
"418",45.4924392700195,-73.5652465820312,165264484
"419",45.4923400878906,-73.5653381347656,607184015
"420",45.4922561645507,-73.5654296875,165264484
"421",45.4921493530273,-73.5655059814453,607184015
"422",45.4920463562011,-73.5655899047851,607184015
"423",45.4919471740722,-73.565673828125,607184015
"424",45.4918518066406,-73.5657653808593,607184015
"425",45.4917488098144,-73.5658416748046,25367028
"426",45.4916458129882,-73.5659408569336,607184015
"427",45.4915580749511,-73.5659866333007,25367028
"428",45.4914627075195,-73.566047668457,607184015
"429",45.4913787841796,-73.5661239624023,607184015
"430",45.4912986755371,-73.5661926269531,25367028
"431",45.4912109375,-73.5662765502929,607184015
"432",45.4911308288574,-73.5663452148437,25367028
"433",45.4910507202148,-73.5663986206054,607184015
"434",45.4909744262695,-73.5664825439453,25367086
"435",45.4908905029296,-73.5665512084961,607184015
"436",45.4908218383789,-73.5666351318359,25367086
"437",45.4907455444335,-73.5666961669921,607184015
"438",45.4906883239746,-73.5667572021484,25367086
"439",45.490608215332,-73.5668182373046,607184015
"440",45.4905433654785,-73.5668640136718,607184015
"441",45.4904670715332,-73.5669174194336,607184015
"442",45.4903945922851,-73.5669479370117,329988460
"443",45.4903411865234,-73.5669937133789,607184015
"444",45.4903221130371,-73.567024230957,329988460
"445",45.4902992248535,-73.5670394897461,165217829
"446",45.4902763366699,-73.5670623779296,111771071
"447",45.4902687072753,-73.5670776367187,607184015
"448",45.4902534484863,-73.5670852661132,607184015
"449",45.4902305603027,-73.5670852661132,607184015
"450",45.4902305603027,-73.5670700073242,607184015
"451",45.4902229309082,-73.5670623779296,607184015
"452",45.4902267456054,-73.5670623779296,607184015
"453",45.4902267456054,-73.5670623779296,607184015
"454",45.4902305603027,-73.5670623779296,607184015
"455",45.4902305603027,-73.5670623779296,607184015
"456",45.4902229309082,-73.5670547485351,607184015
"457",45.4902267456054,-73.5670623779296,607184015
"458",45.4901962280273,-73.5671005249023,607184015
"459",45.490177154541,-73.5671310424804,329988460
"460",45.4901885986328,-73.5672302246093,329988460
"461",45.4900932312011,-73.567268371582,165217829
"462",45.4900398254394,-73.5672988891601,111771071
"463",45.489990234375,-73.5673446655273,165217829
"464",45.4899368286132,-73.5673751831054,111771071
"465",45.4898872375488,-73.5674209594726,165217829
"466",45.4898452758789,-73.5674896240234,725230629
"467",45.4897804260253,-73.5675201416015,165217829
"468",45.4897308349609,-73.5675582885742,725230629
"469",45.4896812438964,-73.5676193237304,165217829
"470",45.4896240234375,-73.5676345825195,725230629
"471",45.4895591735839,-73.567642211914,165217829
"472",45.4895248413085,-73.5677185058593,725230629
"473",45.489459991455,-73.5677719116211,165217829
"474",45.4893836975097,-73.5678329467773,725230629
"475",45.4893074035644,-73.5678787231445,454002562
"476",45.4892387390136,-73.5679397583007,725230629
"477",45.4891777038574,-73.568000793457,165217829
"478",45.4891128540039,-73.5680465698242,725230629
"479",45.4890518188476,-73.5680923461914,454002562
"480",45.4890022277832,-73.5681381225586,165217829
"481",45.4889411926269,-73.5681915283203,165217829
"482",45.4888725280761,-73.5682373046875,165217829
"483",45.4888191223144,-73.5682678222656,165217829
"484",45.4887657165527,-73.5682983398437,165217829
"485",45.4887084960937,-73.5683288574218,165217829
"486",45.4886589050293,-73.568359375,165217829
"487",45.4885940551757,-73.5683975219726,165217829
"488",45.4885444641113,-73.5684204101562,165217829
"489",45.4884986877441,-73.5684509277343,165217829
"490",45.488468170166,-73.5684814453125,165217829
"491",45.4884185791015,-73.5684967041015,165217829
"492",45.4883766174316,-73.5685195922851,586136339
"493",45.4883651733398,-73.5685501098632,165217829
"494",45.4883193969726,-73.5685882568359,586136339
"495",45.48828125,-73.568618774414,165217829
"496",45.4882316589355,-73.5686340332031,165217829
"497",45.4881973266601,-73.5686569213867,165217829
"498",45.4881629943847,-73.5686721801757,165217829
"499",45.4881286621093,-73.5687103271484,20112454
"500",45.4881019592285,-73.568733215332,165217829
"501",45.4880714416503,-73.5687484741211,20112443
"502",45.4880256652832,-73.5687637329101,165217829
"503",45.4880027770996,-73.5687789916992,20112443
"504",45.487979888916,-73.5688018798828,165217829
"505",45.4879570007324,-73.5688247680664,20112443
"506",45.4879302978515,-73.5688400268554,165217829
"507",45.4879188537597,-73.56884765625,165217829
"508",45.4879112243652,-73.56884765625,165217829
"509",45.4879074096679,-73.56884765625,165217829
"510",45.4879035949707,-73.5688400268554,165217829
"511",45.4878997802734,-73.5688323974609,165217829
"512",45.4878959655761,-73.5688323974609,165217829
"513",45.4878959655761,-73.5688323974609,165217829
"514",45.4878692626953,-73.5688400268554,20112443
"515",45.4878273010253,-73.568862915039,20112443
"516",45.4877662658691,-73.5688781738281,20112443
"517",45.4877204895019,-73.5688934326171,20112443
"518",45.4876594543457,-73.5689239501953,20112443
"519",45.4876251220703,-73.5689620971679,165217829
"520",45.4875755310058,-73.5690002441406,20112443
"521",45.4875259399414,-73.5690460205078,20112443
"522",45.4874687194824,-73.5690765380859,165217829
"523",45.4874229431152,-73.5691146850586,165217829
"524",45.4873733520507,-73.5691452026367,165217829
"525",45.4873275756835,-73.5691757202148,165217829
"526",45.4872894287109,-73.5692062377929,165217829
"527",45.4872589111328,-73.5692367553711,165217829
"528",45.4872207641601,-73.5692520141601,165217829
"529",45.4871749877929,-73.5692596435546,165217829
"530",45.4871177673339,-73.5692977905273,20112444
"531",45.4870567321777,-73.5693283081054,165217829
"532",45.487003326416,-73.5693664550781,20112444
"533",45.4869384765625,-73.5694122314453,165217829
"534",45.4868812561035,-73.5694503784179,20112444
"535",45.4868431091308,-73.5694961547851,165217829
"536",45.4867897033691,-73.5695266723632,20112444
"537",45.4867439270019,-73.569580078125,165217829
"538",45.4866867065429,-73.5696182250976,20112444
"539",45.4866409301757,-73.5696563720703,165217829
"540",45.4865951538085,-73.5696945190429,20112445
"541",45.4865531921386,-73.5697174072265,165217829
"542",45.4865112304687,-73.5697555541992,20112445
"543",45.4864807128906,-73.5697860717773,165217829
"544",45.4864387512207,-73.56982421875,20112445
"545",45.4863929748535,-73.5698699951171,20112445
"546",45.4863471984863,-73.5699081420898,165217829
"547",45.4862899780273,-73.5699615478515,20112445
"548",45.4862365722656,-73.5700225830078,165217829
"549",45.4861679077148,-73.570083618164,165217829
"550",45.4861145019531,-73.5701522827148,20112445
"551",45.4860496520996,-73.5702209472656,20112445
"552",45.4859809875488,-73.5702896118164,165217829
"553",45.485912322998,-73.5703582763671,165217829
"554",45.485855102539,-73.5704193115234,165217829
"555",45.4857902526855,-73.5704879760742,165217829
"556",45.485740661621,-73.5705642700195,165217829
"557",45.4856910705566,-73.5706481933593,165217829
"558",45.4856452941894,-73.5707397460937,165217829
"559",45.4855804443359,-73.5708312988281,165217829
"560",45.4855346679687,-73.570930480957,165217829
"561",45.4854698181152,-73.5710144042968,165217829
"562",45.4854087829589,-73.5711059570312,165217829
"563",45.4853477478027,-73.5712051391601,165217829
"564",45.48530960083,-73.5712966918945,165217829
"565",45.4852333068847,-73.5713806152343,165217829
"566",45.4851875305175,-73.5714721679687,165217829
"567",45.4851303100585,-73.5715637207031,165217829
"568",45.4850578308105,-73.5716934204101,165217829
"569",45.4850044250488,-73.5718002319336,20178489
"570",45.4849166870117,-73.5718841552734,545490137
"571",45.4848594665527,-73.5719985961914,20178489
"572",45.4848098754882,-73.5721130371093,545490137
"573",45.484748840332,-73.5722122192382,545490137
"574",45.4846725463867,-73.5723037719726,545490137
"575",45.4846267700195,-73.5724105834961,545490137
"576",45.4845504760742,-73.572525024414,545490137
"577",45.4845123291015,-73.5726318359375,545490137
"578",45.4843978881835,-73.5727386474609,545490137
"579",45.4843444824218,-73.5728302001953,545490137
"580",45.4843635559082,-73.5729904174804,545490137
"581",45.4842681884765,-73.5730667114257,545490137
"582",45.4842185974121,-73.5731811523437,20112435
"583",45.4841651916503,-73.5733184814453,545490137
"584",45.4840507507324,-73.5733566284179,152081854
"585",45.4839668273925,-73.5734634399414,545490137
"586",45.483901977539,-73.5735549926757,545490137
"587",45.4838371276855,-73.5736770629882,545490137
"588",45.483787536621,-73.5737686157226,463671427
"589",45.4837379455566,-73.5738449096679,435432015
"590",45.4836845397949,-73.5739440917968,463671427
"591",45.4836235046386,-73.5740127563476,463671599
"592",45.4835777282714,-73.5740890502929,463671427
"593",45.4835357666015,-73.5741424560546,151554216
"594",45.4835014343261,-73.5741729736328,151554216
"595",45.4834823608398,-73.5742492675781,463671427
"596",45.4834785461425,-73.5742645263671,151554216
"597",45.4834823608398,-73.5743255615234,463671427
"598",45.4834899902343,-73.574348449707,463671599
"599",45.4834861755371,-73.5743331909179,463671599
"600",45.4834823608398,-73.5743255615234,463671599
"601",45.4834861755371,-73.5743179321289,463671599
"602",45.4834785461425,-73.5743255615234,463671599
"603",45.4834747314453,-73.5743179321289,463671599
"604",45.4834747314453,-73.5743103027343,463671599
"605",45.483470916748,-73.5743179321289,463671599
"606",45.483470916748,-73.5743103027343,463671599
"607",45.4834747314453,-73.5743103027343,463671599
"608",45.4834747314453,-73.5743103027343,463671599
"609",45.4834785461425,-73.5743179321289,463671599
"610",45.4834785461425,-73.5743179321289,463671599
"611",45.4834785461425,-73.5743179321289,463671599
"612",45.4834747314453,-73.5743179321289,463671599
"613",45.4834747314453,-73.5743179321289,463671599
"614",45.4834747314453,-73.5743179321289,463671599
"615",45.4834747314453,-73.5743179321289,463671599
"616",45.4834785461425,-73.5743179321289,463671599
"617",45.4834785461425,-73.5743179321289,463671599
"618",45.4834785461425,-73.5743179321289,463671599
"619",45.4834785461425,-73.5743179321289,463671599
"620",45.4834823608398,-73.5743179321289,463671599
"621",45.4834251403808,-73.5743865966796,463671599
"622",45.4833602905273,-73.5745239257812,463671429
"623",45.4833068847656,-73.5746154785156,151554216
"624",45.4832649230957,-73.57470703125,463671429
"625",45.483226776123,-73.5747375488281,151554216
"626",45.4831886291503,-73.5748062133789,463671429
"627",45.4831657409668,-73.5748672485351,430814807
"628",45.4831199645996,-73.5749435424804,463671429
"629",45.4830665588378,-73.5749893188476,430814807
"630",45.4829902648925,-73.5750350952148,463671429
"631",45.4829483032226,-73.575080871582,430814807
"632",45.4828987121582,-73.5751495361328,463671429
"633",45.4828453063964,-73.5752182006836,430814807
"634",45.482810974121,-73.5752944946289,145140490
"635",45.482795715332,-73.5753479003906,463671429
"636",45.4827919006347,-73.5754013061523,430814807
"637",45.4827690124511,-73.5754241943359,463671428
"638",45.4827499389648,-73.5754470825195,145140490
"639",45.4827613830566,-73.575454711914,145140490
"640",45.4827537536621,-73.5754623413086,145140490
"641",45.4827499389648,-73.5754776000976,145140490
"642",45.4827461242675,-73.575454711914,145140490
"643",45.4827499389648,-73.5754776000976,145140490
"644",45.4827537536621,-73.5754776000976,145140490
"645",45.4827537536621,-73.5754776000976,145140490
"646",45.4827499389648,-73.5754776000976,145140490
"647",45.4827499389648,-73.5754776000976,145140490
"648",45.4827461242675,-73.5754699707031,145140490
"649",45.4827461242675,-73.5754699707031,145140490
"650",45.4827423095703,-73.5754699707031,145140490
"651",45.4827461242675,-73.5754699707031,145140490
"652",45.4827499389648,-73.5754776000976,145140490
"653",45.4827499389648,-73.5754776000976,145140490
"654",45.4827499389648,-73.5754776000976,145140490
"655",45.4827499389648,-73.5754776000976,145140490
"656",45.4827308654785,-73.5755462646484,463671429
"657",45.4827079772949,-73.5755844116211,145140490
"658",45.4826545715332,-73.5756607055664,463671429
"659",45.4825973510742,-73.5757827758789,463671428
"660",45.4825248718261,-73.5758514404296,463671429
"661",45.4824867248535,-73.5759048461914,463671428
"662",45.4824295043945,-73.5760040283203,430814807
"663",45.4823760986328,-73.5760803222656,463671428
"664",45.4823417663574,-73.5761642456054,20112431
"665",45.4822959899902,-73.5762557983398,463671428
"666",45.4822616577148,-73.5763320922851,20112431
"667",45.4822006225585,-73.5764083862304,463671428
"668",45.4821510314941,-73.5764694213867,20112431
"669",45.4821128845214,-73.5765380859375,463671428
"670",45.4820938110351,-73.5766220092773,20112431
"671",45.4820098876953,-73.5766906738281,463671428
"672",45.4819602966308,-73.576789855957,20112431
"673",45.4819183349609,-73.5768508911132,463671428
"674",45.4818840026855,-73.5769805908203,20112431
"675",45.48189163208,-73.5770874023437,463671428
"676",45.4817695617675,-73.5772018432617,463671428
"677",45.4817123413085,-73.5772933959961,463671428
"678",45.4816207885742,-73.5773315429687,463671428
"679",45.4815711975097,-73.5774688720703,463671428
"680",45.4815139770507,-73.5775604248046,463671428
"681",45.4814529418945,-73.5776672363281,463671428
"682",45.4813957214355,-73.5777740478515,463671428
"683",45.4813346862793,-73.5778579711914,453957426
"684",45.4812927246093,-73.5778503417968,453962673
"685",45.4813690185546,-73.5777587890625,453962673
"686",45.4813728332519,-73.5777359008789,453962673
"687",45.4813728332519,-73.5777511596679,453962673
"688",45.4813652038574,-73.577766418457,453962673
"689",45.4813690185546,-73.5777740478515,453962673
"690",45.4813575744628,-73.5777587890625,453962673
"691",45.4813575744628,-73.5777511596679,453962673
"692",45.4813613891601,-73.5777511596679,453962673
"693",45.4813537597656,-73.5777511596679,453962673
"694",45.4813537597656,-73.5777511596679,453962673
"695",45.4813537597656,-73.5777435302734,453962673
"696",45.4813575744628,-73.5777435302734,453962673
"697",45.4813575744628,-73.5777359008789,453962673
"698",45.4813613891601,-73.5777359008789,453962673
"699",45.4813652038574,-73.5777359008789,453962673
"700",45.4813652038574,-73.5777359008789,453962673
"701",45.4813652038574,-73.5777359008789,453962673
"702",45.4813652038574,-73.5777359008789,453962673
"703",45.4813652038574,-73.5777359008789,453962673
"704",45.4813652038574,-73.5777359008789,453962673
"705",45.4813652038574,-73.5777359008789,453962673
"706",45.4813652038574,-73.5777359008789,453962673
"707",45.4813652038574,-73.5777359008789,453962673
"708",45.4813652038574,-73.5777359008789,453962673
"709",45.4813652038574,-73.5777359008789,453962673
"710",45.4813652038574,-73.5777359008789,453962673
"711",45.4813652038574,-73.5777359008789,453962673
"712",45.4813652038574,-73.5777359008789,453962673
"713",45.4813652038574,-73.5777359008789,453962673
"714",45.4813652038574,-73.5777359008789,453962673
"715",45.4813652038574,-73.5777359008789,453962673
"716",45.4813652038574,-73.5777359008789,453962673
"717",45.4813652038574,-73.5777359008789,453962673
"718",45.4813652038574,-73.5777359008789,453962673
"719",45.4813652038574,-73.5777359008789,453962673
"720",45.4813652038574,-73.5777359008789,453962673
"721",45.4813652038574,-73.5777359008789,453962673
"722",45.4813652038574,-73.5777359008789,453962673
"723",45.4813652038574,-73.5777359008789,453962673
"724",45.4813652038574,-73.5777359008789,453962673
"725",45.4813652038574,-73.5777359008789,453962673
"726",45.4813652038574,-73.5777359008789,453962673
"727",45.4813652038574,-73.5777359008789,453962673
"728",45.4813652038574,-73.5777359008789,453962673
"729",45.4813652038574,-73.5777359008789,453962673
"730",45.4813652038574,-73.5777359008789,453962673
"731",45.4813652038574,-73.5777359008789,453962673
"732",45.4813652038574,-73.5777359008789,453962673
"733",45.4813652038574,-73.5777359008789,453962673
"734",45.4813652038574,-73.5777359008789,453962673
"735",45.4813652038574,-73.5777359008789,453962673
"736",45.4813652038574,-73.5777359008789,453962673
"737",45.4813652038574,-73.5777359008789,453962673
"738",45.4813652038574,-73.5777359008789,453962673
"739",45.4813652038574,-73.5777359008789,453962673
"740",45.4813652038574,-73.5777359008789,453962673
"741",45.4813690185546,-73.5777206420898,453962673
"742",45.4813728332519,-73.5777053833007,453962673
"743",45.4813728332519,-73.5777053833007,453962673
"744",45.4813766479492,-73.5777053833007,453962673
"745",45.4813804626464,-73.5776977539062,453962673
"746",45.4813804626464,-73.5776977539062,453962673
"747",45.4813842773437,-73.5776977539062,453962673
"748",45.481388092041,-73.5776901245117,453962673
"749",45.481388092041,-73.5776824951171,453962673
"750",45.4813842773437,-73.5776824951171,453962673
"751",45.481388092041,-73.5777130126953,453962673
"752",45.481388092041,-73.5777130126953,453962673
"753",45.4813842773437,-73.5777435302734,463671428
"754",45.4813690185546,-73.577766418457,463671428
"755",45.4813575744628,-73.5777740478515,463671428
"756",45.481346130371,-73.5777893066406,463671428
"757",45.4813346862793,-73.5778045654296,463671428
"758",45.4813194274902,-73.5778274536132,463671428
"759",45.4813041687011,-73.5778427124023,463671428
"760",45.4812889099121,-73.5778656005859,463671428
"761",45.4812774658203,-73.577880859375,463671428
"762",45.4812660217285,-73.5779037475586,453957426
"763",45.4812583923339,-73.5779190063476,463671428
"764",45.4812545776367,-73.5779342651367,463671428
"765",45.4812507629394,-73.5779418945312,463671428
"766",45.4812355041503,-73.5779647827148,231387462
"767",45.481216430664,-73.5779800415039,463671428
"768",45.4811630249023,-73.5779418945312,463671428
"769",45.4811172485351,-73.5779037475586,453962672
"770",45.4810791015625,-73.5778732299804,453962672
"771",45.4810333251953,-73.5778274536132,453962672
"772",45.4809837341308,-73.5777816772461,453962672
"773",45.4809226989746,-73.5777282714843,453962672
"774",45.4808654785156,-73.5776901245117,463667723
"775",45.4808044433593,-73.5776443481445,463667723
"776",45.4807472229003,-73.5775985717773,463667723
"777",45.4806861877441,-73.5775680541992,463667723
"778",45.4806289672851,-73.5775451660156,463667723
"779",45.4805679321289,-73.5775604248046,463667723
"780",45.4805107116699,-73.5775756835937,231363440
"781",45.4804573059082,-73.5776138305664,463667723
"782",45.4804077148437,-73.5776596069336,231363440
"783",45.4803390502929,-73.5777359008789,37807544
"784",45.4802665710449,-73.5777816772461,37807544
"785",45.4801864624023,-73.5778274536132,37807544
"786",45.4800987243652,-73.5778656005859,37807544
"787",45.4800224304199,-73.577896118164,37807544
"788",45.47993850708,-73.5779113769531,37807544
"789",45.4798469543457,-73.5779113769531,473728694
"790",45.4797592163085,-73.5779113769531,231363440
"791",45.4796638488769,-73.5779037475586,473728693
"792",45.4795722961425,-73.5778656005859,473728693
"793",45.4794769287109,-73.5778198242187,163593798
"794",45.479377746582,-73.5777511596679,163593798
"795",45.4792938232421,-73.5776977539062,163593798
"796",45.4792022705078,-73.5776290893554,163593798
"797",45.4791221618652,-73.5775680541992,163593798
"798",45.4790420532226,-73.5774765014648,163593798
"799",45.4789695739746,-73.577392578125,163593798
"800",45.4788856506347,-73.5773086547851,163593798
"801",45.4787979125976,-73.5772094726562,163593798
"802",45.4787063598632,-73.5771102905273,163593798
"803",45.4786186218261,-73.5770034790039,163593798
"804",45.4785194396972,-73.5768966674804,163593798
"805",45.4784317016601,-73.5767974853515,24166415
"806",45.4783401489257,-73.5766906738281,24166415
"807",45.4782485961914,-73.5765838623046,24166415
"808",45.4782485961914,-73.5765838623046,24166407
"809",45.4771080017089,-73.5749359130859,24166407
"810",45.4762878417968,-73.5743179321289,24166418
"811",45.4761962890625,-73.5742568969726,24166418
"812",45.4761199951171,-73.5742034912109,24166418
"813",45.4760246276855,-73.574104309082,24166418
"814",45.4759635925293,-73.5740280151367,24166418
"815",45.4758872985839,-73.5739593505859,24166418
"816",45.4758033752441,-73.5738677978515,24166418
"817",45.4757270812988,-73.5737915039062,24166418
"818",45.4756507873535,-73.5737075805664,24166418
"819",45.4755706787109,-73.5736465454101,24166418
"820",45.4755020141601,-73.5736083984375,122023938
"821",45.4754447937011,-73.5735397338867,122023938
"822",45.4753799438476,-73.573486328125,122023938
"823",45.4753227233886,-73.5734634399414,122023938
"824",45.4752807617187,-73.5735473632812,122023968
"825",45.4752235412597,-73.5735626220703,730000994
"826",45.4751434326171,-73.5735702514648,122023968
"827",45.47509765625,-73.5736236572265,730000994
"828",45.4750595092773,-73.5736846923828,122023968
"829",45.4750518798828,-73.5737609863281,730000994
"830",45.4750595092773,-73.5738372802734,730000994
"831",45.4750747680664,-73.5739288330078,730000994
"832",45.4750938415527,-73.5740051269531,730000994
"833",45.4751358032226,-73.5740661621093,730000994
"834",45.4751510620117,-73.5741348266601,730000994
"835",45.4751777648925,-73.5742111206054,730000994
"836",45.4752197265625,-73.5742950439453,730000994
"837",45.4752540588378,-73.5744018554687,730000994
"838",45.4752693176269,-73.5745010375976,730000994
"839",45.4752540588378,-73.5746002197265,730000994
"840",45.4752464294433,-73.5746917724609,730000994
"841",45.4752235412597,-73.5747909545898,730000994
"842",45.4751663208007,-73.5749053955078,730000994
"843",45.4751014709472,-73.5749969482421,730000994
"844",45.4750213623046,-73.5750732421875,730000994
"845",45.4749450683593,-73.5751266479492,730000994
"846",45.474853515625,-73.5751647949218,730000994
"847",45.4747581481933,-73.5751876831054,730000994
"848",45.4746551513671,-73.5752029418945,730000994
"849",45.474552154541,-73.5752182006836,730000994
"850",45.4744644165039,-73.575210571289,730000994
"851",45.4743614196777,-73.5752258300781,730000994
"852",45.4742469787597,-73.5752639770507,730000994
"853",45.4741439819335,-73.575325012207,730000994
"854",45.4740257263183,-73.5753707885742,730000994
"855",45.4739112854003,-73.5754470825195,730000994
"856",45.4738044738769,-73.5755386352539,730000994
"857",45.4737129211425,-73.5756378173828,730000994
"858",45.4736175537109,-73.5757598876953,730000994
"859",45.473518371582,-73.5758514404296,40662763
"860",45.473403930664,-73.5759658813476,741870409
"861",45.473289489746,-73.5760650634765,40662763
"862",45.4731788635253,-73.576171875,539307664
"863",45.4730758666992,-73.5762634277343,539307664
"864",45.472972869873,-73.5763626098632,741870409
"865",45.472858428955,-73.5764541625976,741870409
"866",45.4727439880371,-73.5765609741211,539307664
"867",45.4726333618164,-73.5766677856445,741870409
"868",45.4725227355957,-73.5767822265625,741870409
"869",45.4724159240722,-73.5768966674804,539307664
"870",45.472297668457,-73.5770111083984,539307664
"871",45.4721908569335,-73.5771255493164,539307664
"872",45.4720802307128,-73.5772399902343,539307664
"873",45.4719657897949,-73.5773468017578,741870409
"874",45.471824645996,-73.5774765014648,539307664
"875",45.4716758728027,-73.5776138305664,640638138
"876",45.4715156555175,-73.577766418457,539307664
"877",45.4713478088378,-73.5779113769531,539307664
"878",45.4711761474609,-73.5780715942382,640638138
"879",45.4710083007812,-73.5782165527343,539307664
"880",45.470832824707,-73.5783615112304,539307664
"881",45.4706649780273,-73.5785064697265,539307664
"882",45.4705047607421,-73.5786361694336,539307664
"883",45.470359802246,-73.5787887573242,539307664
"884",45.4702110290527,-73.5789260864257,539307664
"885",45.4700622558593,-73.5790634155273,640638138
"886",45.469913482666,-73.5791702270507,640638138
"887",45.4697685241699,-73.5792770385742,640638138
"888",45.4695968627929,-73.5793762207031,539307664
"889",45.4694442749023,-73.5794677734375,640638138
"890",45.4692916870117,-73.5795440673828,640638138
"891",45.4691429138183,-73.5796203613281,539307664
"892",45.4690017700195,-73.5796966552734,539307664
"893",45.4688529968261,-73.5797500610351,367708218
"894",45.4687271118164,-73.5798187255859,367708218
"895",45.4685897827148,-73.5798950195312,539307664
"896",45.4684524536132,-73.5799713134765,539307664
"897",45.4683151245117,-73.5800476074218,521922035
"898",45.468162536621,-73.5801239013671,539307664
"899",45.4679718017578,-73.5802230834961,539307664
"900",45.4678268432617,-73.5803070068359,539307664
"901",45.4676895141601,-73.5803833007812,539307664
"902",45.4675598144531,-73.5804672241211,521922035
"903",45.4674072265625,-73.5805587768554,521922035
"904",45.46728515625,-73.5806427001953,539307664
"905",45.4671211242675,-73.5807418823242,521922035
"906",45.4670143127441,-73.5808334350586,521922035
"907",45.4668884277343,-73.5809631347656,539307664
"908",45.4667625427246,-73.5810852050781,521922035
"909",45.4666213989257,-73.5811920166015,539307664
"910",45.4665069580078,-73.5813217163086,539307665
"911",45.4663887023925,-73.5814132690429,539307665
"912",45.4662780761718,-73.58154296875,653814228
"913",45.4661598205566,-73.5816802978515,539307665
"914",45.4660606384277,-73.5818405151367,653814228
"915",45.4659729003906,-73.5819778442382,653814228
"916",45.4658813476562,-73.5821075439453,653814228
"917",45.4658088684082,-73.5822219848632,653814228
"918",45.4657173156738,-73.5823287963867,653814228
"919",45.4656105041503,-73.5824203491211,653814228
"920",45.4654884338378,-73.5825271606445,653814228
"921",45.4653892517089,-73.5826187133789,653814228
"922",45.4652709960937,-73.5827102661132,653814228
"923",45.4651832580566,-73.5828399658203,653814228
"924",45.465087890625,-73.5829467773437,653814228
"925",45.4649963378906,-73.5830764770507,675208633
"926",45.4649238586425,-73.5832138061523,675208633
"927",45.4648551940918,-73.5833587646484,675208633
"928",45.4648170471191,-73.5835189819336,675208633
"929",45.4647750854492,-73.5836944580078,675208633
"930",45.4647483825683,-73.5838928222656,675208633
"931",45.464729309082,-73.5840988159179,675208632
"932",45.4647102355957,-73.5843276977539,675208612
"933",45.4647140502929,-73.5845413208007,675208632
"934",45.4647102355957,-73.5847625732421,675208612
"935",45.4647026062011,-73.5849838256836,742062735
"936",45.4647026062011,-73.5851974487304,675208612
"937",45.4646987915039,-73.5854110717773,742062735
"938",45.4646987915039,-73.5856018066406,653814233
"939",45.4646987915039,-73.5858154296875,653814233
"940",45.4647216796875,-73.5860595703125,653814233
"941",45.4647216796875,-73.5862655639648,653814233
"942",45.4647102355957,-73.5864562988281,548618767
"943",45.4647102355957,-73.5866546630859,653814233
"944",45.4646835327148,-73.5868453979492,653814235
"945",45.4646835327148,-73.5870742797851,653814233
"946",45.4646911621093,-73.5872802734375,653814235
"947",45.4646759033203,-73.5874633789062,675208616
"948",45.4646797180175,-73.5876770019531,653814235
"949",45.4646606445312,-73.5878753662109,653814237
"950",45.4646492004394,-73.5880737304687,653814237
"951",45.4646797180175,-73.5882797241211,653814237
"952",45.4646835327148,-73.5884628295898,675208616
"953",45.4646911621093,-73.5886840820312,653814237
"954",45.4646987915039,-73.5889053344726,653814237
"955",45.4647026062011,-73.5891189575195,675208616
"956",45.4646949768066,-73.5893402099609,653814237
"957",45.4646949768066,-73.5895614624023,653814240
"958",45.4646911621093,-73.5897598266601,675208618
"959",45.4647064208984,-73.5899887084961,675208621
"960",45.4647064208984,-73.5902023315429,675208618
"961",45.464729309082,-73.5904769897461,675208621
"962",45.4647216796875,-73.5906906127929,653814225
"963",45.4647216796875,-73.5909042358398,675208621
"964",45.4647216796875,-73.5911102294921,653814225
"965",45.4647178649902,-73.591323852539,675208621
"966",45.4647064208984,-73.5915374755859,653814225
"967",45.4646987915039,-73.5917663574218,675208621
"968",45.4647102355957,-73.5920257568359,675208628
"969",45.4646911621093,-73.5922317504882,675208628
"970",45.4646873474121,-73.5924530029296,675208628
"971",45.4646797180175,-73.5926437377929,675208628
"972",45.4647026062011,-73.5928726196289,675208628
"973",45.4647331237793,-73.5930786132812,675208628
"974",45.4647674560546,-73.5933074951171,675208628
"975",45.46480178833,-73.5935363769531,675208628
"976",45.4648399353027,-73.593765258789,675208628
"977",45.4648933410644,-73.5939788818359,675208628
"978",45.4649467468261,-73.5941848754882,675208628
"979",45.4649925231933,-73.5944137573242,675208628
"980",45.4650573730468,-73.5945968627929,675208628
"981",45.4651107788085,-73.5947875976562,675208628
"982",45.4651756286621,-73.594970703125,675208628
"983",45.465232849121,-73.5951690673828,675208628
"984",45.4653053283691,-73.5953369140625,675208628
"985",45.4653892517089,-73.5955047607421,675208624
"986",45.4654693603515,-73.5956649780273,675208628
"987",45.4655380249023,-73.595832824707,675208627
"988",45.4656219482421,-73.5959930419921,675208624
"989",45.4657135009765,-73.5961685180664,675208624
"990",45.4658050537109,-73.596321105957,675208629
"991",45.4659156799316,-73.5964813232421,589004859
"992",45.466022491455,-73.5966339111328,554314846
"993",45.466136932373,-73.5967712402343,589004859
"994",45.4662551879882,-73.5969161987304,589004859
"995",45.4663696289062,-73.5970687866211,589004859
"996",45.4665031433105,-73.5972290039062,589004859
"997",45.4666366577148,-73.5973892211914,589004859
"998",45.4667625427246,-73.5975341796875,518860900
"999",45.4668540954589,-73.59765625,420297559
"1000",45.4669685363769,-73.597785949707,518860900
"1001",45.4670639038085,-73.5979080200195,420297559
"1002",45.4671936035156,-73.5980529785156,420297558
"1003",45.4673118591308,-73.5981903076171,420297559
"1004",45.4674491882324,-73.5983428955078,783324463
"1005",45.4675750732421,-73.5984802246093,783324463
"1006",45.4676856994628,-73.5986022949218,783324463
"1007",45.4678001403808,-73.5987472534179,783324463
"1008",45.4679069519043,-73.5988845825195,783324463
"1009",45.4680213928222,-73.5990219116211,783324463
"1010",45.468147277832,-73.5991668701171,783324463
"1011",45.4682655334472,-73.5993041992187,783324463
"1012",45.4683876037597,-73.5994491577148,783324463
"1013",45.4685096740722,-73.5996017456054,783324463
"1014",45.4686279296875,-73.5997543334961,783324463
"1015",45.46875,-73.5998992919921,783324463
"1016",45.4688568115234,-73.6000442504882,783324463
"1017",45.4689788818359,-73.6001892089843,783324463
"1018",45.4690933227539,-73.600341796875,783324463
"1019",45.4692192077636,-73.6005020141601,783324463
"1020",45.4693336486816,-73.6006698608398,783324463
"1021",45.4694366455078,-73.600830078125,783324463
"1022",45.469554901123,-73.6010055541992,783324463
"1023",45.4696731567382,-73.6011505126953,783324463
"1024",45.4697685241699,-73.6013412475586,783324463
"1025",45.4698600769043,-73.6015167236328,783324463
"1026",45.4699440002441,-73.6016845703125,783324463
"1027",45.470043182373,-73.6018600463867,783324463
"1028",45.4701347351074,-73.6020355224609,783324463
"1029",45.4702072143554,-73.6022262573242,783324463
"1030",45.4702911376953,-73.6024093627929,783324463
"1031",45.470359802246,-73.6025924682617,783324463
"1032",45.4704360961914,-73.602798461914,783324463
"1033",45.4705085754394,-73.6029968261718,783324463
"1034",45.4705734252929,-73.6032104492187,783324463
"1035",45.4706306457519,-73.6034317016601,783324463
"1036",45.4706993103027,-73.6036376953125,783324463
"1037",45.4707946777343,-73.6038589477539,783324463
"1038",45.4708595275878,-73.6040878295898,783324463
"1039",45.470890045166,-73.6043014526367,783324463
"1040",45.4709396362304,-73.604507446289,783324463
"1041",45.4710044860839,-73.604736328125,783324463
"1042",45.4710655212402,-73.6049728393554,783324463
"1043",45.471134185791,-73.6052169799804,783324463
"1044",45.4712181091308,-73.6054458618164,606106632
"1045",45.4712791442871,-73.6056518554687,606106632
"1046",45.4713516235351,-73.6058654785156,606106632
"1047",45.4714241027832,-73.6060714721679,606106632
"1048",45.4715003967285,-73.6062698364257,606106632
"1049",45.471580505371,-73.6064758300781,484638766
"1050",45.4716758728027,-73.6066818237304,484638765
"1051",45.4717826843261,-73.6068572998046,561082393
"1052",45.471881866455,-73.607063293457,25850427
"1053",45.4719696044921,-73.6072540283203,484638769
"1054",45.4720573425293,-73.6074142456054,561082393
"1055",45.4721717834472,-73.6075973510742,484638769
"1056",45.4722099304199,-73.6077880859375,484638769
"1057",45.4722938537597,-73.6079711914062,624417963
"1058",45.4723587036132,-73.6081771850586,484638769
"1059",45.4724388122558,-73.6083602905273,624417963
"1060",45.4725074768066,-73.6085586547851,624417963
"1061",45.4725761413574,-73.6087646484375,400819501
"1062",45.47265625,-73.6089553833007,624417963
"1063",45.4727439880371,-73.6091613769531,400819501
"1064",45.4728355407714,-73.6093673706054,548718299
"1065",45.472915649414,-73.6095657348632,176209979
"1066",45.4730224609375,-73.6097793579101,648868183
"1067",45.4731216430664,-73.6099777221679,484638769
"1068",45.4732360839843,-73.6101989746093,25850450
"1069",45.4733085632324,-73.6103973388671,25850450
"1070",45.4733963012695,-73.6106033325195,484638769
"1071",45.4734802246093,-73.6107940673828,548718292
"1072",45.4735412597656,-73.6110153198242,217818901
"1073",45.4736595153808,-73.6112442016601,548718292
"1074",45.4737472534179,-73.611457824707,35178532
"1075",45.4738388061523,-73.6116638183593,548718292
"1076",45.4739303588867,-73.6118621826171,35178532
"1077",45.4740104675293,-73.6120529174804,548718292
"1078",45.4740943908691,-73.6122512817382,176209982
"1079",45.4741897583007,-73.6124649047851,548718292
"1080",45.4742774963378,-73.6126556396484,548718292
"1081",45.4743499755859,-73.6128692626953,35178532
"1082",45.4744415283203,-73.6130676269531,548718292
"1083",45.4745216369628,-73.61328125,35178532
"1084",45.474624633789,-73.6134643554687,548718292
"1085",45.4747161865234,-73.6136856079101,35178532
"1086",45.4748153686523,-73.613899230957,548718292
"1087",45.4748954772949,-73.6141052246093,548718292
"1088",45.474983215332,-73.6143035888671,456602162
"1089",45.4750900268554,-73.6145095825195,548718292
"1090",45.4751892089843,-73.6146926879882,456602162
"1091",45.4752693176269,-73.6148910522461,20572237
"1092",45.475357055664,-73.6150817871093,548718292
"1093",45.4754676818847,-73.6152572631836,20572237
"1094",45.4755668640136,-73.6154479980468,548718280
"1095",45.475658416748,-73.6156387329101,20572237
"1096",45.4757614135742,-73.6158294677734,20572236
"1097",45.4758758544921,-73.6160049438476,20572237
"1098",45.475975036621,-73.6161956787109,20572236
"1099",45.47607421875,-73.6163787841796,475071630
"1100",45.4776039123535,-73.6185073852539,548718289
"1101",45.4776916503906,-73.6186141967773,177235873
"1102",45.4777908325195,-73.6187591552734,24221229
"1103",45.4779319763183,-73.6189270019531,177235873
"1104",45.4780616760253,-73.6190719604492,24221229
"1105",45.4781837463378,-73.6192398071289,24221229
"1106",45.4783210754394,-73.6193618774414,177235873
"1107",45.478416442871,-73.6194534301757,177235873
"1108",45.4785652160644,-73.61962890625,24221229
"1109",45.4787101745605,-73.6197052001953,24221229
"1110",45.4788284301757,-73.6198348999023,24221229
"1111",45.478946685791,-73.6199798583984,177235873
"1112",45.4790878295898,-73.6200866699218,177235873
"1113",45.4792251586914,-73.6202163696289,177235873
"1114",45.4793739318847,-73.6203384399414,177235873
"1115",45.4795036315918,-73.6204605102539,177235873
"1116",45.4796257019043,-73.620620727539,177235873
"1117",45.4797439575195,-73.6207733154296,177235873
"1118",45.479866027832,-73.6209106445312,24221229
"1119",45.4799880981445,-73.6210556030273,24221229
"1120",45.4801406860351,-73.6212081909179,177235873
"1121",45.4802551269531,-73.6213836669921,177235873
"1122",45.4803390502929,-73.6215667724609,177235873
"1123",45.4804611206054,-73.6217269897461,177235873
"1124",45.4805450439453,-73.6219100952148,177235873
"1125",45.4806022644043,-73.6220550537109,177235873
"1126",45.4806976318359,-73.6222686767578,177235873
"1127",45.4808158874511,-73.6225051879882,177235873
"1128",45.4808921813964,-73.6226959228515,176210471
"1129",45.4809837341308,-73.6228942871093,176210471
"1130",45.4810485839843,-73.6231155395507,177235873
"1131",45.4811782836914,-73.6233673095703,548718283
"1132",45.481273651123,-73.6236038208007,177235873
"1133",45.4813652038574,-73.6238021850586,548718283
"1134",45.4814682006835,-73.6240158081054,177235873
"1135",45.4815673828125,-73.6242294311523,548718283
"1136",45.4816665649414,-73.6244659423828,177235873
"1137",45.4817657470703,-73.6246871948242,301860779
"1138",45.4818534851074,-73.6249084472656,301860779
"1139",45.4819717407226,-73.6251602172851,177235873
"1140",45.4820709228515,-73.6254196166992,301860779
"1141",45.4821739196777,-73.6256561279296,301860779
"1142",45.4822845458984,-73.6259002685546,177235873
"1143",45.48237991333,-73.6261138916015,301860779
"1144",45.4824829101562,-73.626350402832,177235873
"1145",45.4825744628906,-73.6265792846679,301860779
"1146",45.482666015625,-73.6267700195312,301860779
"1147",45.4827651977539,-73.6269760131836,177235873
"1148",45.4828643798828,-73.6271591186523,301860779
"1149",45.4829635620117,-73.6273956298828,177235873
"1150",45.483055114746,-73.6276168823242,301860779
"1151",45.4831466674804,-73.6277847290039,301860779
"1152",45.4832458496093,-73.6279907226562,177235873
"1153",45.4833335876464,-73.628189086914,301860779
"1154",45.4834327697753,-73.6284255981445,177235873
"1155",45.4835205078125,-73.6286239624023,177235873
"1156",45.4836235046386,-73.6288528442382,177235873
"1157",45.4837265014648,-73.6291046142578,177235873
"1158",45.4838218688964,-73.6293182373046,453302660
"1159",45.4839210510253,-73.6295318603515,177235873
"1160",45.4840126037597,-73.6297531127929,453302660
"1161",45.4841156005859,-73.6299972534179,177235873
"1162",45.4842147827148,-73.630256652832,453302660
"1163",45.4843139648437,-73.6304702758789,177235873
"1164",45.4844207763671,-73.6306915283203,453302660
"1165",45.484519958496,-73.6309280395507,177235873
"1166",45.4846076965332,-73.6311492919921,453302660
"1167",45.4847030639648,-73.6313705444336,177235873
"1168",45.4848175048828,-73.6315383911132,453302660
"1169",45.4849205017089,-73.631721496582,177235873
"1170",45.4850120544433,-73.631965637207,453302660
"1171",45.485107421875,-73.6321411132812,177235873
"1172",45.4851989746093,-73.6323547363281,548718283
"1173",45.4852790832519,-73.6325988769531,177235873
"1174",45.4853935241699,-73.6328353881836,453302660
"1175",45.4855041503906,-73.6330642700195,177235873
"1176",45.4856262207031,-73.6332473754882,548718283
"1177",45.4856948852539,-73.6335067749023,177235873
"1178",45.4857940673828,-73.6336975097656,548718283
"1179",45.4858894348144,-73.6339035034179,177235873
"1180",45.4859886169433,-73.6341247558593,548718283
"1181",45.4860877990722,-73.6343383789062,177235873
"1182",45.4861793518066,-73.6345596313476,177235873
"1183",45.48628616333,-73.6347885131836,177235873
"1184",45.486400604248,-73.6349868774414,177235873
"1185",45.4864997863769,-73.6352157592773,20194992
"1186",45.4865951538085,-73.6354293823242,177235873
"1187",45.4866905212402,-73.6356582641601,20194992
"1188",45.4867935180664,-73.6358566284179,177235873
"1189",45.486888885498,-73.6361007690429,20194992
"1190",45.4869918823242,-73.6362762451171,177235873
"1191",45.4870872497558,-73.6365127563476,20194992
"1192",45.4871864318847,-73.636734008789,177235873
"1193",45.4872817993164,-73.636962890625,177235873
"1194",45.4873695373535,-73.6371612548828,177235873
"1195",45.4874572753906,-73.6373672485351,177235873
"1196",45.4875602722168,-73.6375961303711,548718283
"1197",45.4876518249511,-73.6377944946289,177235873
"1198",45.4877471923828,-73.6379852294921,548718283
"1199",45.4878349304199,-73.6382064819336,177235873
"1200",45.4879341125488,-73.6384201049804,548718283
"1201",45.4880294799804,-73.6386184692382,177235873
"1202",45.4881210327148,-73.638801574707,548718283
"1203",45.4882087707519,-73.6390151977539,177235873
"1204",45.4883003234863,-73.6392364501953,548718283
"1205",45.4883804321289,-73.6394424438476,177235873
"1206",45.4884605407714,-73.6396713256836,177235876
"1207",45.4885520935058,-73.6398468017578,177235873
"1208",45.4886589050293,-73.6400680541992,548718283
"1209",45.4887504577636,-73.6402816772461,177235873
"1210",45.4888305664062,-73.6404876708984,177235876
"1211",45.4889068603515,-73.6406784057617,177235873
"1212",45.4889984130859,-73.6408615112304,177235876
"1213",45.489086151123,-73.6410522460937,177235876
"1214",45.4891777038574,-73.6412506103515,177235873
"1215",45.4892616271972,-73.6414413452148,177235876
"1216",45.4893531799316,-73.641616821289,177235873
"1217",45.4894332885742,-73.6417999267578,177235876
"1218",45.4895095825195,-73.6419906616211,177235876
"1219",45.4895973205566,-73.6421508789062,177235873
"1220",45.489688873291,-73.642349243164,177235873
"1221",45.4897651672363,-73.6425247192382,177235873
"1222",45.4898490905761,-73.642707824707,177235873
"1223",45.4899253845214,-73.642837524414,548718283
"1224",45.4900016784668,-73.6430282592773,177235873
"1225",45.4900894165039,-73.6431808471679,261634453
"1226",45.4901657104492,-73.6433944702148,177235873
"1227",45.4902420043945,-73.6435775756836,548718283
"1228",45.4903259277343,-73.6437530517578,177235873
"1229",45.4904060363769,-73.643928527832,261634453
"1230",45.490493774414,-73.6440963745117,177235873
"1231",45.4905738830566,-73.6442260742187,261634453
"1232",45.4906616210937,-73.6444244384765,177235873
"1233",45.4907417297363,-73.6446151733398,261634453
"1234",45.4908218383789,-73.6448059082031,177235873
"1235",45.4909057617187,-73.6449890136718,261634453
"1236",45.4909744262695,-73.6451797485351,177235873
"1237",45.4910507202148,-73.6453628540039,176210449
"1238",45.4911384582519,-73.6455612182617,177235873
"1239",45.4912300109863,-73.645767211914,261634453
"1240",45.4913139343261,-73.6459732055664,177235873
"1241",45.4914016723632,-73.6461486816406,177235873
"1242",45.4914894104003,-73.6463470458984,261634453
"1243",45.4915695190429,-73.6465530395507,177235873
"1244",45.4916610717773,-73.6467819213867,261634453
"1245",45.4917526245117,-73.64697265625,177235873
"1246",45.4918479919433,-73.6471481323242,261634453
"1247",45.4919281005859,-73.6473617553711,177235873
"1248",45.4920120239257,-73.6475448608398,261634453
"1249",45.4920806884765,-73.6477355957031,177235873
"1250",45.4921569824218,-73.6479415893554,261634453
"1251",45.4922409057617,-73.6481323242187,177235873
"1252",45.4923210144043,-73.648323059082,177235873
"1253",45.4923973083496,-73.6485214233398,177235874
"1254",45.4924812316894,-73.6487045288086,177235873
"1255",45.4925727844238,-73.64892578125,177235874
"1256",45.4926605224609,-73.6491394042968,177235873
"1257",45.4927444458007,-73.6493453979492,177235874
"1258",45.492820739746,-73.6495285034179,177235873
"1259",45.4928932189941,-73.6497344970703,177235873
"1260",45.4929771423339,-73.649917602539,177235879
"1261",45.4930534362793,-73.6501007080078,177235873
"1262",45.4931259155273,-73.6502838134765,177235879
"1263",45.4931983947753,-73.6504669189453,177235879
"1264",45.4932785034179,-73.6506576538086,272953305
"1265",45.4933738708496,-73.6508178710937,177235880
"1266",45.4934425354003,-73.6510238647461,272953305
"1267",45.4935340881347,-73.6512222290039,272953305
"1268",45.4936256408691,-73.6513977050781,177235880
"1269",45.4937057495117,-73.6516036987304,272953305
"1270",45.4938049316406,-73.6517944335937,272953305
"1271",45.4939002990722,-73.6519699096679,272953305
"1272",45.4939918518066,-73.6521606445312,272953305
"1273",45.4940910339355,-73.6523513793945,272953305
"1274",45.4941825866699,-73.6525573730468,272953305
"1275",45.494285583496,-73.6527252197265,272953305
"1276",45.4944038391113,-73.6529159545898,272953305
"1277",45.4945220947265,-73.6530838012695,543651996
"1278",45.4946060180664,-73.6532135009765,543651996
"1279",45.4947319030761,-73.6534118652343,543651996
"1280",45.4948348999023,-73.6535720825195,543651996
"1281",45.4949226379394,-73.6537094116211,543651996
"1282",45.4950370788574,-73.6538467407226,543651996
"1283",45.4951515197753,-73.654052734375,543651996
"1284",45.4952545166015,-73.6542358398437,543651996
"1285",45.4953727722168,-73.6544418334961,543651996
"1286",45.4954872131347,-73.6546096801757,543651996
"1287",45.4955902099609,-73.65478515625,543651996
"1288",45.4956970214843,-73.6549453735351,543651996
"1289",45.495807647705,-73.6551208496093,543651996
"1290",45.4958915710449,-73.655288696289,543651996
"1291",45.4960021972656,-73.6554565429687,543651996
"1292",45.496109008789,-73.6556320190429,543651996
"1293",45.4962196350097,-73.6557998657226,543651996
"1294",45.4963226318359,-73.6559600830078,543651996
"1295",45.4964332580566,-73.656135559082,543651996
"1296",45.4965362548828,-73.6563110351562,543651996
"1297",45.4966468811035,-73.6564788818359,543651996
"1298",45.4967498779296,-73.6566467285156,543651996
"1299",45.4968681335449,-73.6568374633789,543651996
"1300",45.4969787597656,-73.6570129394531,543651996
"1301",45.497085571289,-73.6571731567382,543651996
"1302",45.4971885681152,-73.6573333740234,543651996
"1303",45.4972991943359,-73.6575088500976,543651996
"1304",45.4974060058593,-73.6576995849609,543651996
"1305",45.49751663208,-73.6578750610351,543651996
"1306",45.4976043701171,-73.6580505371093,543651996
"1307",45.4977416992187,-73.6582260131836,543651996
"1308",45.4978446960449,-73.6584167480468,543651996
"1309",45.497947692871,-73.6585845947265,543651996
"1310",45.498062133789,-73.6587829589843,543651996
"1311",45.4981880187988,-73.6589584350586,543651996
"1312",45.4982986450195,-73.6591415405273,543651996
"1313",45.4984321594238,-73.6593246459961,543651996
"1314",45.4985618591308,-73.6595230102539,543651996
"1315",45.4986839294433,-73.6597137451171,543651996
"1316",45.4988021850585,-73.6598892211914,543651996
"1317",45.4989318847656,-73.6600799560546,543651996
"1318",45.4990501403808,-73.6602706909179,543651996
"1319",45.4991645812988,-73.6604461669921,543651996
"1320",45.4992866516113,-73.660659790039,543651996
"1321",45.4994087219238,-73.6608428955078,543651996
"1322",45.4995307922363,-73.6610107421875,543651996
"1323",45.4996337890625,-73.6611785888671,543651996
"1324",45.4997406005859,-73.6613464355468,543651996
"1325",45.4998588562011,-73.6615142822265,543651996
"1326",45.4999732971191,-73.6616821289062,543651996
"1327",45.5000877380371,-73.6618270874023,543651996
"1328",45.5002059936523,-73.6619873046875,543651996
"1329",45.5003395080566,-73.6621475219726,543651996
"1330",45.5004577636718,-73.6623001098632,543651996
"1331",45.5005874633789,-73.6624679565429,543651996
"1332",45.5007171630859,-73.6626205444336,543651996
"1333",45.5008544921875,-73.6627731323242,543651996
"1334",45.5009880065918,-73.6629104614257,543651996
"1335",45.5011291503906,-73.6630477905273,543651996
"1336",45.5012550354003,-73.6631698608398,543651996
"1337",45.5013885498046,-73.6632995605468,543651996
"1338",45.5015411376953,-73.6634292602539,543651996
"1339",45.5016708374023,-73.6635360717773,543651996
"1340",45.5018043518066,-73.6636581420898,543651996
"1341",45.5019302368164,-73.6637725830078,26134969
"1342",45.5020637512207,-73.6638946533203,26134969
"1343",45.502197265625,-73.6640243530273,26134969
"1344",45.5023307800293,-73.6641235351562,26134969
"1345",45.5024681091308,-73.6642227172851,26134969
"1346",45.5025978088378,-73.6643142700195,26134969
"1347",45.5027160644531,-73.6643829345703,128169283
"1348",45.5028343200683,-73.6644592285156,128169283
"1349",45.5029487609863,-73.6645202636718,128169283
"1350",45.5030479431152,-73.6645889282226,128169283
"1351",45.5031585693359,-73.6646652221679,128169283
"1352",45.5032653808593,-73.6647338867187,22892025
"1353",45.50337600708,-73.664810180664,22892025
"1354",45.5034713745117,-73.6648864746093,22892025
"1355",45.5035705566406,-73.6649703979492,22892025
"1356",45.503677368164,-73.665054321289,21172575
"1357",45.5037727355957,-73.6651458740234,21172575
"1358",45.5038719177246,-73.6652603149414,22892025
"1359",45.5039482116699,-73.6653976440429,22892025
"1360",45.5040206909179,-73.6655197143554,456578070
"1361",45.5040855407714,-73.6656417846679,22892025
"1362",45.5041275024414,-73.6657562255859,456578070
"1363",45.5041770935058,-73.6658782958984,21181187
"1364",45.5042266845703,-73.666015625,456578070
"1365",45.5042610168457,-73.6661987304687,456578070
"1366",45.5042839050293,-73.6663131713867,456578070
"1367",45.5043258666992,-73.6664581298828,456578070
"1368",45.5043563842773,-73.6665725708007,456578070
"1369",45.5043678283691,-73.6667022705078,404292738
"1370",45.5043869018554,-73.6668243408203,456578070
"1371",45.5044059753418,-73.6669616699218,404292738
"1372",45.5044288635253,-73.667121887207,404292738
"1373",45.5044326782226,-73.667251586914,398943482
"1374",45.5044441223144,-73.6674041748046,569078006
"1375",45.5044479370117,-73.6675491333007,404292738
"1376",45.5044479370117,-73.6676712036132,404292738
"1377",45.5044326782226,-73.6678085327148,569078006
"1378",45.5044174194335,-73.6678924560546,398943485
"1379",45.5043983459472,-73.6680145263671,569078006
"1380",45.5043830871582,-73.6681289672851,569078006
"1381",45.5043563842773,-73.6682205200195,569078006
"1382",45.5043296813964,-73.6683273315429,569078006
"1383",45.5042991638183,-73.6684341430664,398943485
"1384",45.5042648315429,-73.6685409545898,398943485
"1385",45.5042304992675,-73.6686630249023,398943485
"1386",45.5042076110839,-73.6687927246093,398943485
"1387",45.5041923522949,-73.6689147949218,398943485
"1388",45.5041809082031,-73.6690444946289,324615479
"1389",45.5041694641113,-73.6691436767578,398943485
"1390",45.5041999816894,-73.6692123413086,324615479
"1391",45.5042839050293,-73.6692657470703,324615479
"1392",45.5043716430664,-73.6693038940429,484501930
"1393",45.504467010498,-73.6693344116211,484501930
"1394",45.5045471191406,-73.6692581176757,324615479
"1395",45.5046348571777,-73.6692352294921,324615479
"1396",45.5047416687011,-73.6691970825195,324615479
"1397",45.5048522949218,-73.6691589355468,324615479
"1398",45.5049438476562,-73.6691284179687,324615479
"1399",45.5050392150878,-73.6691055297851,324615479
"1400",45.5051155090332,-73.6690902709961,324615479
"1401",45.5051841735839,-73.669075012207,324615479
"1402",45.5052299499511,-73.6690597534179,324615479
"1403",45.5052452087402,-73.6690597534179,324615479
"1404",45.505256652832,-73.6690521240234,324615479
"1405",45.5052604675293,-73.6690597534179,324615479
"1406",45.5052680969238,-73.6690521240234,324615479
"1407",45.5052757263183,-73.6690521240234,324615479
"1408",45.5052795410156,-73.6690444946289,324615479
"1409",45.5052795410156,-73.6690521240234,324615479
"1410",45.5052795410156,-73.6690444946289,324615479
"1411",45.5052833557128,-73.6690444946289,324615479
"1412",45.5053062438964,-73.6690444946289,324615479
"1413",45.50532913208,-73.6690216064453,324615479
"1414",45.5053596496582,-73.6690597534179,324615479
"1415",45.505386352539,-73.6690597534179,324615477
"1416",45.505386352539,-73.6690826416015,324615479
"1417",45.5053215026855,-73.6691131591796,324615479
"1418",45.5052986145019,-73.6691665649414,324615479
"1419",45.5052070617675,-73.6691741943359,324615479
"1420",45.5051307678222,-73.6691970825195,324615479
"1421",45.5050354003906,-73.6692352294921,324615479
"1422",45.5049209594726,-73.6692733764648,324615479
"1423",45.5048027038574,-73.6693115234375,324615479
"1424",45.5046920776367,-73.6693420410156,324615479
"1425",45.5045890808105,-73.6693649291992,324615479
"1426",45.5044975280761,-73.6693801879882,324615479
"1427",45.5043983459472,-73.6693954467773,324615479
"1428",45.5043487548828,-73.6693878173828,324615479
"1429",45.5042839050293,-73.6693878173828,324615479
"1430",45.5042304992675,-73.6693878173828,324615479
"1431",45.5042076110839,-73.6693725585937,324615479
"1432",45.5041580200195,-73.6693725585937,324615479
"1433",45.504093170166,-73.6693649291992,484501928
"1434",45.5040130615234,-73.6693267822265,484501928
"1435",45.5039367675781,-73.6692886352539,484501929
"1436",45.5038566589355,-73.6692276000976,484501928
"1437",45.5037612915039,-73.6691436767578,484501928
"1438",45.503677368164,-73.6690673828125,484501929
"1439",45.5035820007324,-73.6689758300781,484501929
"1440",45.5035209655761,-73.6687927246093,484501929
"1441",45.5034751892089,-73.6686553955078,484501929
"1442",45.5033950805664,-73.6685104370117,484501929
"1443",45.5033264160156,-73.6683807373046,484501929
"1444",45.5033149719238,-73.6683807373046,484501929
"1445",45.5032958984375,-73.6684036254882,569078006
"1446",45.5033378601074,-73.6684417724609,569078006
"1447",45.5033340454101,-73.6684799194336,569078006
"1448",45.5033378601074,-73.6684951782226,569078006
"1449",45.5033416748046,-73.6684799194336,569078006
"1450",45.5033264160156,-73.6684341430664,456569635
"1451",45.5033264160156,-73.6683959960937,484501929
"1452",45.5032844543457,-73.6682968139648,484501929
"1453",45.5032539367675,-73.6681900024414,484501929
"1454",45.5032081604003,-73.6680831909179,456569635
"1455",45.5031471252441,-73.6679458618164,456569635
"1456",45.5030899047851,-73.6678085327148,456569635
"1457",45.5030326843261,-73.6676712036132,456569635
"1458",45.5029792785644,-73.6675262451171,398943483
"1459",45.5029335021972,-73.6673965454101,398943483
"1460",45.5029029846191,-73.667251586914,398943483
"1461",45.5028762817382,-73.6671066284179,398943483
"1462",45.502872467041,-73.6669464111328,398943483
"1463",45.5028648376464,-73.6667709350586,398943483
"1464",45.5028991699218,-73.6666107177734,398943483
"1465",45.5029182434082,-73.6664428710937,398943483
"1466",45.5029411315918,-73.666275024414,398943483
"1467",45.5029754638671,-73.6661071777343,398943483
"1468",45.5030136108398,-73.6659622192382,398943483
"1469",45.5030708312988,-73.6658096313476,26134961
"1470",45.5031242370605,-73.6656875610351,26134961
"1471",45.503189086914,-73.6655654907226,26134961
"1472",45.5032653808593,-73.6654510498046,26134961
"1473",45.5033569335937,-73.6653442382812,26134961
"1474",45.5034675598144,-73.6652374267578,26134961
"1475",45.5035781860351,-73.6651611328125,26134961
"1476",45.503677368164,-73.6650772094726,26134961
"1477",45.503791809082,-73.6650314331054,26134961
"1478",45.5039291381835,-73.6649932861328,26134961
"1479",45.5040626525878,-73.6649627685546,26134961
"1480",45.5041961669921,-73.6649169921875,26134961
"1481",45.5043411254882,-73.6648712158203,26134961
"1482",45.5044937133789,-73.6648330688476,26134961
"1483",45.5046463012695,-73.6647720336914,26134961
"1484",45.504783630371,-73.6646957397461,21172575
"1485",45.5049247741699,-73.6646194458007,21172575
"1486",45.5050773620605,-73.6645202636718,21172575
"1487",45.5052223205566,-73.6644134521484,128169246
"1488",45.5053787231445,-73.6642990112304,128169246
"1489",45.5055351257324,-73.664192199707,128169246
"1490",45.5056915283203,-73.664077758789,128169246
"1491",45.5058441162109,-73.6639709472656,128169246
"1492",45.506004333496,-73.6638641357421,128169246
"1493",45.5061683654785,-73.6637573242187,128169246
"1494",45.5063323974609,-73.6636581420898,128169246
"1495",45.506492614746,-73.6635589599609,128169246
"1496",45.5066566467285,-73.6634674072265,128169246
"1497",45.5068092346191,-73.6633682250976,128169246
"1498",45.506965637207,-73.6632690429687,128169246
"1499",45.5071258544921,-73.6631774902343,128169246
"1500",45.5072860717773,-73.663101196289,128169246
"1501",45.507453918457,-73.6629867553711,128169246
"1502",45.5076179504394,-73.6629028320312,128169246
"1503",45.5077781677246,-73.6628036499023,128169246
"1504",45.5079460144043,-73.6626968383789,128169246
"1505",45.5081024169921,-73.6625900268554,128169246
"1506",45.5082664489746,-73.6624908447265,128169246
"1507",45.5084228515625,-73.6623916625976,128169246
"1508",45.5085792541503,-73.6623001098632,128169246
"1509",45.508731842041,-73.6622161865234,128169246
"1510",45.5088806152343,-73.6621170043945,128169246
"1511",45.5090370178222,-73.6620101928711,128169246
"1512",45.5091934204101,-73.6619186401367,128169246
"1513",45.5093345642089,-73.6618270874023,128169246
"1514",45.5094871520996,-73.6617355346679,128169246
"1515",45.5096397399902,-73.6616439819336,128169246
"1516",45.5097923278808,-73.6615447998046,128169246
"1517",45.5099258422851,-73.6613998413086,128169246
"1518",45.5100936889648,-73.6612930297851,26134904
"1519",45.5102310180664,-73.6612014770507,26134904
"1520",45.510398864746,-73.6610946655273,26134904
"1521",45.5105361938476,-73.6610336303711,26134904
"1522",45.5106925964355,-73.6609115600586,26134904
"1523",45.5108451843261,-73.6608428955078,26134904
"1524",45.5109977722168,-73.6607513427734,26134904
"1525",45.5111389160156,-73.6606521606445,26134904
"1526",45.5112915039062,-73.6605758666992,26134904
"1527",45.5114440917968,-73.6604766845703,26134904
"1528",45.5115852355957,-73.6603927612304,26134904
"1529",45.5117454528808,-73.6602783203125,26134904
"1530",45.5118865966796,-73.6601867675781,26134904
"1531",45.5120277404785,-73.6600875854492,26134904
"1532",45.5121841430664,-73.6599884033203,26134904
"1533",45.5123291015625,-73.6599044799804,437561680
"1534",45.5124702453613,-73.659797668457,437561680
"1535",45.5126190185546,-73.6596984863281,437561680
"1536",45.512767791748,-73.6596069335937,437561680
"1537",45.512939453125,-73.6594848632812,437561680
"1538",45.5131072998046,-73.6593780517578,437561680
"1539",45.5132713317871,-73.6592788696289,437561680
"1540",45.513442993164,-73.6591796875,437561680
"1541",45.5136108398437,-73.659065246582,437561680
"1542",45.5137748718261,-73.6589584350586,437561680
"1543",45.5139541625976,-73.6588973999023,437561680
"1544",45.5141067504882,-73.6587677001953,437561680
"1545",45.5142593383789,-73.6586608886718,437561680
"1546",45.514419555664,-73.6585617065429,437561680
"1547",45.5145759582519,-73.658462524414,437561680
"1548",45.5147323608398,-73.6583557128906,437561680
"1549",45.5148773193359,-73.6582641601562,437561680
"1550",45.515022277832,-73.6581649780273,437561680
"1551",45.5151634216308,-73.6580581665039,437561680
"1552",45.5153045654296,-73.6579437255859,437561680
"1553",45.5154418945312,-73.6578598022461,437561680
"1554",45.5155868530273,-73.6577835083007,437561680
"1555",45.5157241821289,-73.6576766967773,437561680
