"1",45.50913,-73.56156,454215277
"2",45.50918,-73.56152,454215277
"3",45.50923,-73.56146,454215277
"4",45.50929,-73.5614,454215277
"5",45.50934,-73.56132,454215277
"6",45.5094,-73.56125,454215275
"7",45.50946,-73.56118,454215275
"8",45.50953,-73.56111,454215275
"9",45.5096,-73.56104,454215275
"10",45.50967,-73.56098,454215275
"11",45.50973,-73.5609,454215275
"12",45.50981,-73.56082,454215275
"13",45.50989,-73.56074,454215275
"14",45.50997,-73.56063,454215275
"15",45.51005,-73.56054,454215275
"16",45.51013,-73.56047,454215275
"17",45.51022,-73.56037,454238785
"18",45.5103,-73.56032,454238785
"19",45.51037,-73.56024,454238785
"20",45.51047,-73.56025,454238785
"21",45.51053,-73.56023,454238785
"22",45.51059,-73.56018,454238785
"23",45.51064,-73.56012,454238785
"24",45.5107,-73.56007,454238785
"25",45.51076,-73.55999,454238787
"26",45.51083,-73.55993,454238786
"27",45.51091,-73.55988,454238786
"28",45.51096,-73.55982,454238786
"29",45.511,-73.55976,454238786
"30",45.51104,-73.55973,454238786
"31",45.51108,-73.55969,454238786
"32",45.51109,-73.55966,454238786
"33",45.51111,-73.55964,454238786
"34",45.51114,-73.55958,454238786
"35",45.51114,-73.55956,458245870
"36",45.51114,-73.55952,19908072
"37",45.51113,-73.55948,454238788
"38",45.51112,-73.55943,454238788
"39",45.5111,-73.55939,454238788
"40",45.51109,-73.55934,454238788
"41",45.51106,-73.55929,454238788
"42",45.51104,-73.55925,454238788
"43",45.51103,-73.55921,454238788
"44",45.51101,-73.55917,454238788
"45",45.511,-73.55913,454238788
"46",45.51099,-73.55909,454238788
"47",45.51097,-73.55904,454238788
"48",45.51095,-73.55899,454238788
"49",45.51092,-73.55893,454238788
"50",45.5109,-73.55888,454238788
"51",45.51088,-73.55884,454238788
"52",45.51086,-73.55878,454238788
"53",45.51084,-73.55873,454238788
"54",45.51081,-73.55867,454238788
"55",45.51079,-73.55861,454238788
"56",45.51078,-73.55856,454238788
"57",45.51076,-73.55851,454238788
"58",45.51074,-73.55846,454238788
"59",45.51073,-73.55842,454238788
"60",45.51071,-73.55839,454238788
"61",45.51071,-73.55836,454238788
"62",45.5107,-73.55834,454238788
"63",45.5107,-73.55832,454238788
"64",45.51069,-73.55829,454238788
"65",45.51068,-73.55825,454238788
"66",45.51067,-73.55823,454238788
"67",45.51067,-73.55822,454238788
"68",45.51065,-73.55819,454238789
"69",45.51063,-73.55815,454238789
"70",45.51058,-73.55807,454238789
"71",45.51054,-73.55799,454238789
"72",45.51051,-73.55791,454238789
"73",45.51047,-73.55782,454238789
"74",45.51044,-73.55773,454238789
"75",45.51041,-73.55765,454238789
"76",45.51037,-73.55757,454238789
"77",45.51034,-73.5575,454238789
"78",45.51032,-73.55744,454238789
"79",45.5103,-73.55739,454238789
"80",45.51028,-73.55737,454238789
"81",45.51027,-73.55735,454238789
"82",45.51027,-73.55735,454238789
"83",45.51027,-73.55735,454238789
"84",45.51027,-73.55735,454238789
"85",45.51027,-73.55735,454238789
"86",45.51027,-73.55735,454238789
"87",45.51027,-73.55735,454238789
"88",45.51027,-73.55735,454238789
"89",45.51025,-73.55737,454238789
"90",45.51024,-73.55735,454238789
"91",45.51023,-73.55733,454238789
"92",45.51021,-73.5573,454238789
"93",45.5102,-73.55728,454238789
"94",45.5102,-73.55728,454238789
"95",45.5102,-73.55728,454238789
"96",45.5102,-73.55728,454238789
"97",45.5102,-73.55728,454238789
"98",45.5102,-73.55728,454238789
"99",45.51019,-73.55727,454238789
"100",45.51019,-73.55727,454238789
"101",45.51018,-73.55726,454238789
"102",45.51017,-73.55725,454238789
"103",45.51017,-73.55725,454238789
"104",45.51017,-73.55725,454238789
"105",45.51017,-73.55725,454238789
"106",45.51017,-73.55725,454238789
"107",45.51017,-73.55725,454238789
"108",45.51017,-73.55725,454238789
"109",45.51015,-73.55726,454238789
"110",45.51015,-73.55726,454238789
"111",45.51014,-73.55724,454238789
"112",45.51013,-73.55723,454238789
"113",45.51012,-73.55721,454238789
"114",45.51012,-73.5572,454238789
"115",45.51012,-73.55719,454238789
"116",45.51011,-73.55717,454238789
"117",45.5101,-73.55715,454238789
"118",45.51009,-73.55712,454238789
"119",45.51006,-73.5571,454238789
"120",45.51002,-73.5571,450724839
"121",45.50998,-73.55711,454238789
"122",45.50989,-73.55719,450724839
"123",45.50985,-73.55721,454238789
"124",45.50981,-73.55724,450724839
"125",45.50978,-73.55725,610252211
"126",45.50976,-73.55727,450724839
"127",45.50974,-73.55728,610252211
"128",45.50973,-73.55728,352905364
"129",45.50973,-73.55729,352905363
"130",45.50973,-73.55729,352905363
"131",45.50973,-73.55729,352905363
"132",45.50973,-73.55729,352905363
"133",45.50973,-73.55729,352905363
"134",45.50973,-73.55729,352905363
"135",45.50973,-73.55729,352905363
"136",45.50973,-73.55729,352905363
"137",45.50973,-73.55729,352905363
"138",45.50973,-73.55729,352905363
"139",45.50973,-73.55729,352905363
"140",45.50973,-73.55729,352905363
"141",45.50973,-73.55729,352905363
"142",45.50973,-73.55729,352905363
"143",45.50973,-73.55729,352905363
"144",45.50973,-73.55729,352905363
"145",45.50973,-73.55729,352905363
"146",45.50973,-73.55729,352905363
"147",45.50973,-73.55729,352905363
"148",45.50973,-73.55729,352905363
"149",45.50973,-73.55729,352905363
"150",45.50973,-73.55729,352905363
"151",45.50973,-73.55729,352905363
"152",45.50973,-73.55729,352905363
"153",45.50971,-73.55731,450724839
"154",45.50968,-73.55732,610252211
"155",45.50963,-73.55734,352905363
"156",45.50957,-73.55736,450724839
"157",45.5095,-73.55739,610252211
"158",45.50945,-73.55742,352905364
"159",45.50938,-73.55745,610252211
"160",45.50933,-73.55747,352905364
"161",45.50925,-73.5575,352905363
"162",45.50918,-73.55754,352905364
"163",45.50909,-73.55759,34287015
"164",45.50901,-73.55763,352905364
"165",45.50893,-73.55767,34287015
"166",45.50885,-73.55771,352905364
"167",45.50878,-73.55776,34287015
"168",45.50871,-73.55781,352905364
"169",45.50865,-73.55786,352905364
"170",45.50859,-73.5579,188982949
"171",45.50852,-73.55794,352905364
"172",45.50846,-73.55798,188982947
"173",45.50838,-73.55803,352905364
"174",45.50829,-73.55809,188982947
"175",45.5082,-73.55815,352905364
"176",45.50812,-73.55821,352905364
"177",45.50803,-73.55829,320900388
"178",45.50794,-73.55837,352905364
"179",45.50786,-73.55845,352905364
"180",45.50778,-73.55853,352905364
"181",45.50771,-73.55858,352905364
"182",45.50767,-73.55863,352905364
"183",45.50763,-73.55867,352905364
"184",45.50761,-73.55869,352905364
"185",45.50758,-73.55871,352905364
"186",45.50757,-73.55874,352905364
"187",45.50757,-73.55877,458264621
"188",45.50756,-73.55881,352905364
"189",45.50757,-73.55885,458264621
"190",45.50763,-73.55895,352905364
"191",45.50767,-73.55906,632315310
"192",45.50771,-73.55915,632315309
"193",45.50777,-73.55929,632315310
"194",45.50779,-73.55936,632315310
"195",45.50782,-73.55942,632315310
"196",45.50785,-73.55949,632315312
"197",45.50788,-73.55957,632315310
"198",45.50792,-73.55968,632315312
"199",45.50797,-73.55978,632315310
"200",45.50802,-73.55987,19893611
"201",45.50806,-73.55994,19893611
"202",45.5081,-73.56003,164974773
"203",45.50813,-73.56009,19893611
"204",45.50815,-73.56015,164974773
"205",45.50817,-73.56019,632315312
"206",45.50819,-73.56023,164974773
"207",45.50821,-73.56027,19893611
"208",45.50823,-73.56033,164974773
"209",45.50825,-73.56038,733522443
"210",45.50827,-73.56042,164974773
"211",45.50829,-73.56046,733522443
"212",45.50831,-73.5605,164974773
"213",45.50834,-73.56057,733522443
"214",45.50836,-73.56063,164974773
"215",45.50839,-73.56071,733522443
"216",45.50842,-73.56076,164974773
"217",45.50845,-73.56081,733522443
"218",45.50847,-73.56088,164974773
"219",45.5085,-73.56095,164974773
"220",45.50853,-73.561,164974773
"221",45.50854,-73.56104,164974773
"222",45.50854,-73.56105,733522443
"223",45.50854,-73.56106,164974773
"224",45.50854,-73.56107,164974773
"225",45.50854,-73.56107,733522443
"226",45.50854,-73.56107,733522443
"227",45.50854,-73.56107,733522443
"228",45.50854,-73.56107,733522443
"229",45.50854,-73.56107,733522443
"230",45.50854,-73.56107,733522443
"231",45.50854,-73.56107,733522443
"232",45.50854,-73.56107,733522443
"233",45.50854,-73.56107,733522443
"234",45.50854,-73.56107,733522443
"235",45.50854,-73.56107,733522443
"236",45.50854,-73.56107,733522443
"237",45.50854,-73.56107,733522443
"238",45.50854,-73.56107,733522443
"239",45.50854,-73.56107,733522443
"240",45.50854,-73.56107,733522443
"241",45.50854,-73.56107,733522443
"242",45.50857,-73.56109,164974773
"243",45.50858,-73.5611,164974773
"244",45.50859,-73.56113,164974773
"245",45.50859,-73.56116,164974773
"246",45.5086,-73.5612,164974773
"247",45.50862,-73.56124,164974773
"248",45.50864,-73.56127,164974773
"249",45.50866,-73.56131,164974773
"250",45.50869,-73.56136,164974773
"251",45.50873,-73.56143,632315308
"252",45.50875,-73.56152,632315308
"253",45.50879,-73.56157,632315307
"254",45.50882,-73.56165,632315308
"255",45.50885,-73.56174,464936533
"256",45.50888,-73.56183,464936533
"257",45.50893,-73.56191,464936533
"258",45.50896,-73.56198,464936533
"259",45.50899,-73.56206,464936533
"260",45.50904,-73.56212,464936533
"261",45.50909,-73.56221,464936533
"262",45.50913,-73.56234,332695584
"263",45.50918,-73.56244,332695584
"264",45.50923,-73.56257,45560662
"265",45.50929,-73.56266,332695584
"266",45.50933,-73.56278,332695584
"267",45.50938,-73.56288,332695584
"268",45.50943,-73.56296,332695584
"269",45.50947,-73.56304,332695584
"270",45.50951,-73.56312,332695584
"271",45.50955,-73.56321,332695584
"272",45.50963,-73.56337,332695584
"273",45.50966,-73.56343,332695584
"274",45.50968,-73.5635,332695584
"275",45.5097,-73.56355,332695584
"276",45.50972,-73.56359,332695584
"277",45.50974,-73.56362,332695584
"278",45.50975,-73.56365,332695584
"279",45.50975,-73.56366,332695584
"280",45.50975,-73.56366,332695584
"281",45.50976,-73.56369,332695584
"282",45.50978,-73.56369,332695584
"283",45.50979,-73.56371,332695584
"284",45.50979,-73.56371,332695584
"285",45.50979,-73.56371,332695584
"286",45.50979,-73.56371,332695584
"287",45.50979,-73.56371,332695584
"288",45.5098,-73.5637,332695584
"289",45.5098,-73.5637,332695584
"290",45.5098,-73.56371,332695584
"291",45.50981,-73.56375,332695584
"292",45.50982,-73.56381,332695584
"293",45.50985,-73.56387,453989324
"294",45.50988,-73.56394,453989324
"295",45.50991,-73.564,453989324
"296",45.50995,-73.56408,332695584
"297",45.50999,-73.56416,332695584
"298",45.51004,-73.56426,332695584
"299",45.51008,-73.56436,332695584
"300",45.51013,-73.56443,332695584
"301",45.51017,-73.56451,332695584
"302",45.5102,-73.56458,332695584
"303",45.51024,-73.56464,332695584
"304",45.51027,-73.56472,332695584
"305",45.51031,-73.56479,332695584
"306",45.51035,-73.56488,332695584
"307",45.51039,-73.56495,332695584
"308",45.5104,-73.565,332695584
"309",45.51041,-73.56504,332695584
"310",45.51042,-73.56507,332695584
"311",45.51044,-73.56512,332695584
"312",45.51045,-73.56513,332695584
"313",45.51046,-73.56512,332695584
"314",45.51046,-73.56512,332695584
"315",45.51046,-73.56511,332695584
"316",45.51046,-73.56511,332695584
"317",45.51046,-73.56511,332695584
"318",45.51046,-73.56511,332695584
"319",45.51046,-73.56511,332695584
"320",45.51046,-73.56511,332695584
"321",45.51046,-73.56511,332695584
"322",45.51046,-73.56511,332695584
"323",45.51046,-73.56511,332695584
"324",45.51046,-73.56511,332695584
"325",45.51046,-73.56511,332695584
"326",45.51046,-73.56511,332695584
"327",45.51047,-73.56513,332695584
"328",45.51049,-73.56516,332695584
"329",45.51051,-73.5652,332695584
"330",45.51052,-73.5653,332695584
"331",45.51057,-73.56536,332695584
"332",45.51061,-73.56544,332695584
"333",45.51065,-73.56554,329989915
"334",45.5107,-73.56564,329989915
"335",45.51075,-73.56574,329989915
"336",45.51081,-73.56585,329989915
"337",45.51086,-73.56596,332695584
"338",45.51091,-73.56606,165334553
"339",45.51096,-73.56616,332695584
"340",45.51102,-73.56627,165334553
"341",45.51107,-73.56636,332695584
"342",45.51111,-73.56645,165334553
"343",45.51116,-73.56654,165334553
"344",45.51119,-73.56663,165334553
"345",45.51122,-73.56671,165334553
"346",45.51128,-73.56679,165334551
"347",45.51133,-73.56691,274693150
"348",45.51137,-73.56705,165334551
"349",45.51144,-73.56719,274693150
"350",45.5115,-73.56733,274693150
"351",45.51155,-73.56746,274693150
"352",45.51161,-73.56759,274693150
"353",45.51167,-73.56772,274693150
"354",45.51174,-73.56785,274693150
"355",45.51179,-73.56797,274693150
"356",45.51185,-73.56808,274693150
"357",45.5119,-73.56817,141607352
"358",45.51195,-73.56827,141607352
"359",45.51201,-73.56837,141607352
"360",45.51205,-73.56847,141607352
"361",45.5121,-73.56858,141607352
"362",45.51215,-73.56868,141607352
"363",45.51219,-73.56877,141607352
"364",45.51224,-73.56887,141607352
"365",45.51228,-73.56896,141607352
"366",45.51231,-73.56904,141607352
"367",45.51234,-73.56913,141607352
"368",45.51237,-73.56917,141607352
"369",45.51239,-73.56922,141607352
"370",45.51241,-73.56921,141607352
"371",45.51242,-73.56924,141607352
"372",45.51243,-73.56925,141607352
"373",45.51243,-73.56925,141607352
"374",45.51243,-73.56925,141607352
"375",45.51243,-73.56925,141607352
"376",45.51243,-73.56925,141607352
"377",45.51243,-73.56925,141607352
"378",45.51243,-73.56925,141607352
"379",45.51243,-73.56925,141607352
"380",45.51243,-73.56925,141607352
"381",45.51243,-73.56925,141607352
"382",45.51243,-73.56925,141607352
"383",45.51243,-73.56925,141607352
"384",45.51241,-73.56922,141607352
"385",45.51241,-73.56922,141607352
"386",45.51241,-73.56922,141607352
"387",45.51241,-73.56922,141607352
"388",45.51241,-73.56922,141607352
"389",45.51241,-73.56922,141607352
"390",45.51241,-73.56922,141607352
"391",45.51241,-73.56922,141607352
"392",45.5124,-73.56921,141607352
"393",45.5124,-73.56922,141607352
"394",45.51242,-73.56926,141607352
"395",45.51244,-73.5693,141607352
"396",45.51246,-73.56934,141607352
"397",45.51249,-73.56938,141607352
"398",45.51252,-73.56941,465381659
"399",45.51256,-73.56943,453989328
"400",45.51262,-73.56939,465381659
"401",45.51267,-73.56934,465381659
"402",45.51273,-73.56931,465381659
"403",45.51281,-73.56925,465381659
"404",45.51286,-73.56923,465381659
"405",45.5129,-73.56922,465381659
"406",45.51293,-73.5692,465381659
"407",45.51292,-73.56918,465414953
"408",45.51294,-73.56915,465381659
"409",45.51295,-73.56912,465381659
"410",45.51296,-73.56911,465381659
"411",45.51295,-73.56907,27544889
"412",45.51295,-73.56903,19908068
"413",45.51291,-73.56897,19908068
"414",45.51286,-73.56894,19908068
"415",45.51284,-73.5689,19908068
"416",45.51281,-73.56885,19908068
"417",45.51278,-73.56882,141607352
"418",45.51275,-73.56878,141607352
"419",45.51272,-73.56876,141607352
"420",45.5127,-73.56874,141607352
"421",45.51268,-73.56871,141607352
"422",45.51267,-73.56867,141607352
"423",45.51265,-73.56863,141607352
"424",45.51265,-73.56853,141607352
"425",45.51262,-73.56847,141607352
"426",45.51258,-73.56837,19908068
"427",45.51254,-73.5683,19908068
"428",45.51252,-73.56824,19908068
"429",45.5125,-73.56817,19908068
"430",45.5125,-73.56813,19908068
"431",45.5125,-73.56809,19908068
"432",45.51249,-73.56806,19908068
"433",45.51247,-73.56801,19908068
"434",45.51243,-73.56798,19908068
"435",45.5124,-73.56792,19908068
"436",45.51239,-73.56785,19908068
"437",45.51236,-73.56779,19908068
"438",45.51233,-73.56773,19908068
"439",45.5123,-73.56767,19908068
"440",45.51228,-73.56761,19908068
"441",45.51225,-73.56755,19908068
"442",45.51223,-73.56751,19908068
"443",45.51222,-73.56751,19908068
"444",45.51222,-73.56748,19908068
"445",45.5122,-73.56746,19908068
"446",45.51219,-73.56743,19908068
"447",45.51217,-73.56741,19908068
"448",45.51216,-73.56738,19908068
"449",45.51214,-73.56735,19908068
"450",45.51213,-73.56732,19908068
"451",45.51211,-73.56728,19908068
"452",45.51209,-73.56723,19908068
"453",45.51207,-73.56717,19908068
"454",45.51203,-73.5671,19908068
"455",45.512,-73.56703,19908068
"456",45.51197,-73.56697,19908068
"457",45.51194,-73.56691,19908068
"458",45.51192,-73.56686,19908068
"459",45.51191,-73.56683,19908068
"460",45.5119,-73.56681,19908068
"461",45.51191,-73.56681,19908068
"462",45.51191,-73.56681,19908068
"463",45.51191,-73.56681,19908068
"464",45.51191,-73.56681,19908068
"465",45.51191,-73.56681,19908068
"466",45.51191,-73.5668,19908068
"467",45.51191,-73.56679,19908068
"468",45.51191,-73.56678,19908068
"469",45.51188,-73.56677,19908068
"470",45.51187,-73.56674,19908068
"471",45.51188,-73.56669,41551804
"472",45.51189,-73.56662,41551807
"473",45.51194,-73.56654,41551807
"474",45.51201,-73.56651,41551807
"475",45.51207,-73.56648,41551807
"476",45.51214,-73.56647,41551807
"477",45.51221,-73.56644,41551807
"478",45.51228,-73.56642,41551807
"479",45.51234,-73.56641,41551807
"480",45.51239,-73.56639,41551807
"481",45.51245,-73.56638,41551807
"482",45.51252,-73.56636,41551807
"483",45.51259,-73.56634,41551807
"484",45.51265,-73.56631,41551807
"485",45.5127,-73.56629,41551807
"486",45.51275,-73.56628,41551807
"487",45.51279,-73.56625,41551807
"488",45.51283,-73.56624,41551807
"489",45.5129,-73.5662,41551807
"490",45.51296,-73.56619,41551807
"491",45.51301,-73.56618,41551807
"492",45.51307,-73.56617,41551807
"493",45.51314,-73.56615,41551807
"494",45.51321,-73.56612,41551807
"495",45.51327,-73.5661,41551807
"496",45.51334,-73.56608,41551807
"497",45.51341,-73.56604,41551807
"498",45.51348,-73.566,465381271
"499",45.51357,-73.56599,465381271
"500",45.51367,-73.56598,465381271
"501",45.51375,-73.56595,465381271
"502",45.51381,-73.56593,465381271
"503",45.51388,-73.56592,465381271
"504",45.51396,-73.56588,465381271
"505",45.51403,-73.56586,465381271
"506",45.5141,-73.56583,465381271
"507",45.51417,-73.56583,465381271
"508",45.51424,-73.56579,465381271
"509",45.51432,-73.56577,465381271
"510",45.51439,-73.56574,465381271
"511",45.51443,-73.5657,465381271
"512",45.51452,-73.56566,465381271
"513",45.51459,-73.56564,465381271
"514",45.51468,-73.56562,465381271
"515",45.51478,-73.56558,465381269
"516",45.51486,-73.56555,465381269
"517",45.51493,-73.56552,465381269
"518",45.515,-73.5655,465381269
"519",45.51506,-73.56549,465381269
"520",45.51515,-73.56548,465381269
"521",45.5152,-73.56546,465381269
"522",45.51526,-73.56545,465381269
"523",45.51532,-73.56543,465381269
"524",45.51538,-73.56542,465381269
"525",45.51544,-73.56541,465381269
"526",45.51548,-73.5654,465381269
"527",45.51553,-73.56539,465380605
"528",45.51558,-73.56538,465380605
"529",45.51566,-73.56535,465380605
"530",45.51572,-73.56533,465380605
"531",45.51576,-73.56535,465380605
"532",45.5158,-73.56532,465380605
"533",45.51582,-73.5653,465380604
"534",45.51582,-73.5653,465380604
"535",45.51585,-73.56533,465380604
"536",45.51585,-73.56533,465380604
"537",45.51585,-73.56533,465380604
"538",45.51585,-73.56533,465380604
"539",45.51585,-73.56533,465380604
"540",45.51585,-73.56533,465380604
"541",45.51585,-73.56533,465380604
"542",45.51585,-73.56533,465380604
"543",45.51585,-73.56533,465380604
"544",45.51585,-73.56533,465380604
"545",45.51585,-73.56533,465380604
"546",45.51585,-73.56533,465380604
"547",45.51585,-73.56533,465380604
"548",45.51585,-73.56533,465380604
"549",45.51585,-73.56533,465380604
"550",45.51585,-73.56533,465380604
"551",45.51586,-73.56532,465380605
"552",45.51589,-73.5653,465380605
"553",45.51594,-73.56527,465380604
"554",45.51601,-73.56525,465380604
"555",45.51607,-73.56523,465380604
"556",45.51614,-73.56521,465380604
"557",45.51621,-73.56518,465380604
"558",45.51625,-73.56517,465380604
"559",45.51633,-73.56514,465380604
"560",45.51639,-73.56514,465380604
"561",45.51646,-73.56512,465380604
"562",45.51655,-73.56511,465380604
"563",45.51662,-73.56508,465380604
"564",45.51669,-73.56503,465380604
"565",45.51676,-73.56497,465380604
"566",45.51685,-73.56496,465380604
"567",45.5169,-73.5649,465380604
"568",45.51693,-73.56487,453989316
"569",45.51695,-73.56482,453989316
"570",45.51696,-73.56476,127790962
"571",45.51695,-73.56469,36675287
"572",45.51691,-73.5646,741889016
"573",45.51687,-73.56451,36675287
"574",45.51682,-73.5644,741889016
"575",45.51675,-73.56427,741889016
"576",45.5167,-73.56414,741889016
"577",45.51664,-73.564,741889016
"578",45.51658,-73.56386,741889016
"579",45.51652,-73.56373,366701672
"580",45.51647,-73.5636,366701672
"581",45.51641,-73.56346,366701672
"582",45.51634,-73.56333,561726592
"583",45.51628,-73.56319,561726589
"584",45.51621,-73.56304,561726589
"585",45.51607,-73.56274,561726589
"586",45.51601,-73.5626,561733176
"587",45.51594,-73.56246,561733176
"588",45.51587,-73.56232,741889015
"589",45.5158,-73.56219,741889015
"590",45.51574,-73.56206,741889015
"591",45.51566,-73.56194,741889015
"592",45.5156,-73.56183,741889015
"593",45.51556,-73.56173,741889015
"594",45.5155,-73.56161,741889015
"595",45.51545,-73.56151,741889015
"596",45.51539,-73.56143,741889015
"597",45.51538,-73.56136,741889015
"598",45.51536,-73.5613,561733177
"599",45.5153,-73.56125,561733177
"600",45.51524,-73.56122,561733177
"601",45.51519,-73.56119,561733177
"602",45.51511,-73.56131,371185038
"603",45.51506,-73.56139,371185038
"604",45.515,-73.56146,371185038
"605",45.51493,-73.56151,371185038
"606",45.51488,-73.56157,371185038
"607",45.51482,-73.56162,371185038
"608",45.51477,-73.56166,371185038
"609",45.51471,-73.56171,371185038
"610",45.51465,-73.56175,329989915
"611",45.51459,-73.56181,26134691
"612",45.51453,-73.56188,329989915
"613",45.51445,-73.56194,329989915
"614",45.51437,-73.56201,329989915
"615",45.5143,-73.56207,329989915
"616",45.51422,-73.56214,329989915
"617",45.51415,-73.56219,329989915
"618",45.51407,-73.56225,26442468
"619",45.51401,-73.56231,329989915
"620",45.51395,-73.56238,26442468
"621",45.51387,-73.56245,329989915
"622",45.5138,-73.5625,26442468
"623",45.51373,-73.56255,329989915
"624",45.51366,-73.56259,26442468
"625",45.51361,-73.56263,329989915
"626",45.51362,-73.56264,329989915
"627",45.51361,-73.56267,26442468
"628",45.51359,-73.5627,19908076
"629",45.51359,-73.5627,329989915
"630",45.51359,-73.5627,329989915
"631",45.51359,-73.5627,329989915
"632",45.51359,-73.5627,329989915
"633",45.51359,-73.5627,329989915
"634",45.51359,-73.5627,329989915
"635",45.51359,-73.5627,329989915
"636",45.51359,-73.5627,329989915
"637",45.51359,-73.5627,329989915
"638",45.51357,-73.5627,329989915
"639",45.51357,-73.5627,329989915
"640",45.51357,-73.5627,329989915
"641",45.51357,-73.5627,329989915
"642",45.51357,-73.56273,26442468
"643",45.51357,-73.56273,329989915
"644",45.51356,-73.56274,19908076
"645",45.51354,-73.56275,329989915
"646",45.51352,-73.56277,26442468
"647",45.5135,-73.5628,329989915
"648",45.51348,-73.56284,26442468
"649",45.51347,-73.56289,19908076
"650",45.51355,-73.563,26442468
"651",45.51359,-73.56307,19909867
"652",45.51363,-73.56316,26442468
"653",45.51367,-73.56324,26442468
"654",45.51371,-73.56333,26442468
"655",45.51375,-73.56342,26442468
"656",45.51378,-73.5635,26442468
"657",45.51382,-73.56359,26442468
"658",45.51385,-73.56366,26442468
"659",45.51388,-73.56373,26442468
"660",45.51391,-73.5638,41551739
"661",45.51394,-73.56387,26442468
"662",45.51397,-73.56394,26442468
"663",45.51399,-73.564,26442468
"664",45.51403,-73.56409,26442468
"665",45.51404,-73.56411,26442468
"666",45.51404,-73.56412,26442468
"667",45.51404,-73.56415,26442468
"668",45.51404,-73.56417,26442468
"669",45.51404,-73.5642,19909866
"670",45.51402,-73.56421,19909866
"671",45.514,-73.56423,19909866
"672",45.51398,-73.56425,19909866
"673",45.51397,-73.56427,19909866
"674",45.51396,-73.56428,19909866
"675",45.51395,-73.56429,19909866
"676",45.51395,-73.56431,19909866
"677",45.51394,-73.56433,19909866
"678",45.51391,-73.56436,19909866
"679",45.51388,-73.56438,19909866
"680",45.51384,-73.56442,19909866
"681",45.5138,-73.56444,19909866
"682",45.51377,-73.56446,19909866
"683",45.51375,-73.56447,19909866
"684",45.51373,-73.56446,19909866
"685",45.5137,-73.56442,41551813
"686",45.51369,-73.56431,41551813
"687",45.51367,-73.56425,41551813
"688",45.51365,-73.5642,41551813
"689",45.51364,-73.56414,41551813
"690",45.51361,-73.5641,41551813
"691",45.51359,-73.56407,41551813
"692",45.51357,-73.56405,41551813
"693",45.51356,-73.56403,41551813
"694",45.51351,-73.56402,41551813
"695",45.51347,-73.56404,41551813
"696",45.51344,-73.56406,41551813
"697",45.51342,-73.5641,41551813
"698",45.51341,-73.56414,41551813
"699",45.51341,-73.56419,41551813
"700",45.51344,-73.56426,41551813
"701",45.51347,-73.56431,41551813
"702",45.5135,-73.56437,41551813
"703",45.51352,-73.56442,41551813
"704",45.51355,-73.56446,41551813
"705",45.51356,-73.5645,41551813
"706",45.51356,-73.56453,41551813
"707",45.51356,-73.56457,41551813
"708",45.51354,-73.56461,19909866
"709",45.5135,-73.56465,19909866
"710",45.51347,-73.56469,19909866
"711",45.51344,-73.56473,19909866
"712",45.5134,-73.56475,41551826
"713",45.51336,-73.56479,41551826
"714",45.5133,-73.56483,41551826
"715",45.51325,-73.56488,41551826
"716",45.5132,-73.56492,41551826
"717",45.51315,-73.56496,41551826
"718",45.51311,-73.565,41551826
"719",45.51307,-73.56504,41551826
"720",45.51305,-73.56507,41551826
"721",45.51306,-73.56513,41551826
"722",45.51309,-73.56522,664145565
"723",45.51312,-73.56529,664145565
"724",45.51315,-73.56537,664145565
"725",45.51318,-73.56546,664145565
"726",45.51321,-73.56549,664145565
"727",45.51324,-73.56558,664145565
"728",45.51327,-73.56565,664145565
"729",45.5133,-73.56571,664145565
"730",45.51332,-73.56577,664145565
"731",45.51334,-73.56581,19908073
"732",45.51336,-73.56584,664145565
"733",45.51336,-73.56585,664145565
"734",45.51336,-73.56585,664145565
"735",45.51336,-73.56585,664145565
"736",45.51336,-73.56585,664145565
"737",45.51336,-73.56585,664145565
"738",45.51336,-73.56585,664145565
"739",45.51336,-73.56585,664145565
"740",45.51336,-73.56585,664145565
"741",45.51336,-73.56585,664145565
"742",45.51336,-73.56585,664145565
"743",45.51336,-73.56585,664145565
"744",45.51336,-73.56585,664145565
"745",45.51336,-73.56585,664145565
"746",45.51336,-73.56585,664145565
"747",45.51336,-73.56585,664145565
"748",45.51336,-73.56585,664145565
"749",45.51336,-73.56585,664145565
"750",45.51335,-73.56584,19908073
"751",45.51335,-73.56584,19908073
"752",45.51335,-73.56584,19908073
"753",45.51335,-73.56584,19908073
"754",45.51335,-73.56584,19908073
"755",45.51335,-73.56584,19908073
"756",45.51337,-73.56585,664145565
"757",45.51337,-73.56585,664145565
"758",45.51337,-73.56585,664145565
"759",45.51337,-73.56585,664145565
"760",45.51337,-73.56585,664145565
"761",45.51337,-73.56585,664145565
"762",45.51334,-73.56579,664145565
"763",45.51334,-73.56579,664145565
"764",45.51334,-73.56579,664145565
"765",45.51334,-73.56579,664145565
"766",45.51334,-73.56579,664145565
"767",45.51334,-73.56579,664145565
"768",45.51334,-73.56579,664145565
"769",45.51334,-73.56579,664145565
"770",45.51334,-73.56579,664145565
"771",45.51334,-73.56579,664145565
"772",45.51334,-73.56579,664145565
"773",45.51334,-73.56579,664145565
"774",45.51335,-73.5658,19908073
"775",45.51336,-73.56583,664145565
"776",45.51337,-73.56588,664145565
"777",45.51337,-73.56592,19908073
"778",45.51338,-73.56598,664145565
"779",45.51337,-73.56604,41551807
"780",45.51334,-73.56609,465381271
"781",45.51326,-73.56614,41551807
"782",45.51321,-73.56616,41551743
"783",45.51311,-73.56624,41551807
"784",45.51306,-73.56628,41551807
"785",45.51302,-73.56632,41551807
"786",45.51297,-73.56634,41551807
"787",45.51294,-73.56635,41551807
"788",45.51291,-73.56635,41551807
"789",45.51288,-73.56637,41551807
"790",45.51287,-73.56641,41551807
"791",45.51287,-73.56645,41551807
"792",45.51286,-73.56648,41551810
"793",45.51282,-73.56654,41551807
"794",45.51281,-73.56658,41551810
"795",45.51285,-73.56664,41551807
"796",45.51287,-73.56667,41551810
"797",45.51289,-73.56671,41551810
"798",45.51291,-73.56674,41551810
"799",45.51293,-73.56678,41551810
"800",45.51294,-73.56681,41551810
"801",45.51296,-73.56683,41551810
"802",45.51298,-73.56686,41551810
"803",45.513,-73.56689,41551810
"804",45.51302,-73.56693,41551810
"805",45.51305,-73.56698,41551810
"806",45.51307,-73.56702,41551810
"807",45.5131,-73.56707,41551810
"808",45.51312,-73.56712,41551810
"809",45.51315,-73.56716,41551810
"810",45.51317,-73.56721,141607352
"811",45.5132,-73.56727,41551810
"812",45.51324,-73.56736,141607352
"813",45.51327,-73.56742,141607352
"814",45.5133,-73.56749,141607352
"815",45.51333,-73.56756,141607352
"816",45.51337,-73.56761,141607352
"817",45.51341,-73.56768,141607352
"818",45.51344,-73.56771,141607352
"819",45.51346,-73.56776,141607352
"820",45.51349,-73.56782,41551810
"821",45.51353,-73.56788,141607352
"822",45.51358,-73.56793,141607352
"823",45.51363,-73.56801,141607352
"824",45.51366,-73.5681,141607352
"825",45.51369,-73.56818,141607352
"826",45.51373,-73.56827,141607352
"827",45.51378,-73.56834,141607352
"828",45.51379,-73.5684,141607352
"829",45.51381,-73.56847,141607352
"830",45.51385,-73.56853,141607352
"831",45.51388,-73.56857,141607352
"832",45.51389,-73.56859,141607352
"833",45.51389,-73.56863,141607352
"834",45.5139,-73.56864,141607352
"835",45.5139,-73.56866,141607352
"836",45.5139,-73.56867,141607352
"837",45.5139,-73.56868,141607352
"838",45.51391,-73.56867,141607352
"839",45.51392,-73.56868,141607352
"840",45.51392,-73.56868,141607352
"841",45.51392,-73.56868,141607352
"842",45.51392,-73.56868,141607352
"843",45.51392,-73.56868,141607352
"844",45.51392,-73.56869,141607352
"845",45.51392,-73.5687,41551810
"846",45.51391,-73.56871,465414952
"847",45.51391,-73.56873,41551810
"848",45.51392,-73.56875,465414952
"849",45.51393,-73.56879,41551810
"850",45.51396,-73.56887,41551810
"851",45.51399,-73.56895,465414952
"852",45.51403,-73.56901,41551810
"853",45.51408,-73.56907,465381658
"854",45.5141,-73.56918,41551810
"855",45.51415,-73.56927,38718514
"856",45.51419,-73.56936,41551810
"857",45.51424,-73.56944,38718514
"858",45.51429,-73.56952,41551810
"859",45.51433,-73.5696,38718514
"860",45.51438,-73.5697,41551810
"861",45.51441,-73.56978,38718514
"862",45.51449,-73.56995,41551810
"863",45.51454,-73.57005,41551810
"864",45.51457,-73.57015,41551810
"865",45.51462,-73.57025,41551810
"866",45.51466,-73.57035,41551810
"867",45.51472,-73.57045,41551810
"868",45.51477,-73.57056,41551810
"869",45.51482,-73.57065,41551810
"870",45.51487,-73.57073,41551810
"871",45.51492,-73.57083,41551810
"872",45.51497,-73.57093,41551810
"873",45.51502,-73.57103,41551810
"874",45.51507,-73.57111,41551810
"875",45.5151,-73.57117,41551810
"876",45.51513,-73.57121,4889333
"877",45.51515,-73.57126,41551810
"878",45.51517,-73.57128,4889333
"879",45.51518,-73.57129,41551810
"880",45.51519,-73.5713,4889333
"881",45.5152,-73.5713,4889333
"882",45.5152,-73.5713,41551810
"883",45.51519,-73.57132,4889333
"884",45.51521,-73.57135,41551810
"885",45.51524,-73.57139,4889333
"886",45.51527,-73.57144,41551810
"887",45.51531,-73.5715,4889333
"888",45.51534,-73.57157,41551810
"889",45.51538,-73.57166,4889333
"890",45.51542,-73.57174,41551810
"891",45.51545,-73.57182,41551810
"892",45.51548,-73.57189,41551810
"893",45.51552,-73.57196,41551810
"894",45.51556,-73.57204,41551810
"895",45.5156,-73.57215,41551810
"896",45.51565,-73.57226,41551810
"897",45.51569,-73.57237,41551810
"898",45.51574,-73.57247,41551810
"899",45.51577,-73.57255,41551810
"900",45.51581,-73.57265,41551810
"901",45.51591,-73.57284,465366315
"902",45.51595,-73.57294,41551810
"903",45.51599,-73.57302,465366315
"904",45.51602,-73.57309,41551810
"905",45.51605,-73.57315,465366315
"906",45.51609,-73.57324,41551810
"907",45.51615,-73.57334,465366315
"908",45.51619,-73.57344,41551810
"909",45.51624,-73.57354,465366315
"910",45.51627,-73.57361,41551810
"911",45.51631,-73.57368,27394455
"912",45.51634,-73.57374,143939591
"913",45.51637,-73.57378,27394455
"914",45.51638,-73.57381,41551810
"915",45.51638,-73.57384,27394455
"916",45.51639,-73.57386,143939591
"917",45.5164,-73.57387,27394455
"918",45.51641,-73.57389,41551810
"919",45.51641,-73.57392,27394455
"920",45.51642,-73.57398,143939591
"921",45.51642,-73.57404,27394455
"922",45.5164,-73.57408,465367055
"923",45.51637,-73.57414,465367055
"924",45.51631,-73.57419,465367055
"925",45.51626,-73.57423,465367055
"926",45.51619,-73.57429,465368631
"927",45.51613,-73.57433,465367055
"928",45.5161,-73.57435,465368631
"929",45.51607,-73.57436,465367055
"930",45.51605,-73.57436,465368631
"931",45.51603,-73.57436,465367055
"932",45.51602,-73.57436,465367055
"933",45.51602,-73.57436,465367055
"934",45.51602,-73.57436,465367055
"935",45.51599,-73.57435,465368631
"936",45.51598,-73.57435,465367055
"937",45.51598,-73.57435,465368631
"938",45.51598,-73.57434,465368631
"939",45.51598,-73.57434,465368631
"940",45.51598,-73.57434,465368631
"941",45.51598,-73.57434,465368631
"942",45.51597,-73.57435,465367055
"943",45.51597,-73.57435,465368631
"944",45.51595,-73.57435,465367055
"945",45.51592,-73.57433,19908079
"946",45.51589,-73.5743,19908079
"947",45.51586,-73.57425,19908079
"948",45.51584,-73.5742,19908079
"949",45.51584,-73.57413,19908079
"950",45.51582,-73.57408,19908079
"951",45.5158,-73.57404,19908079
"952",45.51578,-73.57401,19908079
"953",45.51577,-73.574,4889333
"954",45.51575,-73.57397,19908079
"955",45.51574,-73.57395,4889333
"956",45.51572,-73.57392,19908079
"957",45.5157,-73.57389,4889333
"958",45.51572,-73.57389,19908079
"959",45.51572,-73.57387,19908079
"960",45.51572,-73.57387,19908079
"961",45.51572,-73.57387,19908079
"962",45.51572,-73.57387,19908079
"963",45.51572,-73.57387,19908079
"964",45.51572,-73.57387,19908079
"965",45.51572,-73.57387,19908079
"966",45.51572,-73.57387,19908079
"967",45.51572,-73.57387,19908079
"968",45.51572,-73.57387,19908079
"969",45.51572,-73.57387,19908079
"970",45.51572,-73.57387,19908079
"971",45.51572,-73.57387,19908079
"972",45.51572,-73.57387,19908079
"973",45.51572,-73.57387,19908079
"974",45.51572,-73.57387,19908079
"975",45.51572,-73.57387,19908079
"976",45.51572,-73.57387,19908079
"977",45.51572,-73.57387,19908079
"978",45.51572,-73.57387,19908079
"979",45.51572,-73.57387,19908079
"980",45.51572,-73.57387,19908079
"981",45.51572,-73.57387,19908079
"982",45.51572,-73.57387,19908079
"983",45.51572,-73.57387,19908079
"984",45.51572,-73.57387,19908079
"985",45.51572,-73.57387,19908079
"986",45.51573,-73.57392,4889333
"987",45.51573,-73.57392,4889333
"988",45.51573,-73.57392,4889333
"989",45.51574,-73.57391,4889333
"990",45.51574,-73.57391,4889333
"991",45.51574,-73.57391,4889333
"992",45.51574,-73.57391,4889333
"993",45.51574,-73.57391,4889333
"994",45.51574,-73.57391,4889333
"995",45.51574,-73.57391,4889333
"996",45.51574,-73.57391,4889333
"997",45.51574,-73.57391,4889333
"998",45.51574,-73.57391,4889333
"999",45.51574,-73.57391,4889333
"1000",45.51574,-73.57391,4889333
"1001",45.51574,-73.57391,4889333
"1002",45.51574,-73.57391,4889333
"1003",45.51574,-73.57391,4889333
"1004",45.51574,-73.57391,4889333
"1005",45.51574,-73.57391,4889333
"1006",45.51574,-73.57391,4889333
"1007",45.51574,-73.57391,4889333
"1008",45.51574,-73.57391,4889333
"1009",45.51574,-73.57391,4889333
"1010",45.51574,-73.57391,4889333
"1011",45.51574,-73.57391,4889333
"1012",45.51574,-73.57391,4889333
"1013",45.51574,-73.57391,4889333
"1014",45.51574,-73.57391,4889333
"1015",45.51574,-73.57391,4889333
"1016",45.51574,-73.57391,4889333
"1017",45.51574,-73.57391,4889333
"1018",45.51574,-73.57391,4889333
"1019",45.51574,-73.57391,4889333
"1020",45.51574,-73.57391,4889333
"1021",45.51574,-73.57391,4889333
"1022",45.51574,-73.57391,4889333
"1023",45.51574,-73.57391,4889333
"1024",45.51574,-73.57391,4889333
"1025",45.51574,-73.57391,4889333
"1026",45.51574,-73.57391,4889333
"1027",45.51574,-73.57391,4889333
"1028",45.51574,-73.57391,4889333
"1029",45.51574,-73.57391,4889333
"1030",45.51574,-73.57391,4889333
"1031",45.51574,-73.57391,4889333
"1032",45.51574,-73.57391,4889333
"1033",45.51574,-73.57391,4889333
"1034",45.51574,-73.57391,4889333
"1035",45.51574,-73.57391,4889333
"1036",45.51574,-73.57391,4889333
"1037",45.51574,-73.57391,4889333
"1038",45.51574,-73.57391,4889333
"1039",45.51574,-73.57391,4889333
"1040",45.51574,-73.57391,4889333
"1041",45.51574,-73.57391,4889333
"1042",45.51574,-73.57391,4889333
"1043",45.51574,-73.57391,4889333
"1044",45.51574,-73.57391,4889333
"1045",45.51574,-73.57391,4889333
"1046",45.51574,-73.57391,4889333
"1047",45.51574,-73.57391,4889333
"1048",45.51574,-73.57391,4889333
"1049",45.51574,-73.57391,4889333
"1050",45.51574,-73.57391,4889333
"1051",45.51574,-73.57391,4889333
"1052",45.51574,-73.57391,4889333
"1053",45.51574,-73.57391,4889333
"1054",45.51574,-73.57391,4889333
"1055",45.51574,-73.57391,4889333
"1056",45.51574,-73.57391,4889333
"1057",45.51574,-73.57391,4889333
"1058",45.51574,-73.57391,4889333
"1059",45.51574,-73.57391,4889333
"1060",45.51574,-73.57391,4889333
"1061",45.51574,-73.57391,4889333
"1062",45.51574,-73.57391,4889333
"1063",45.51574,-73.57391,4889333
"1064",45.51574,-73.57391,4889333
"1065",45.51574,-73.57391,4889333
"1066",45.51574,-73.57391,4889333
"1067",45.51574,-73.57391,4889333
"1068",45.51574,-73.57391,4889333
"1069",45.51574,-73.57391,4889333
"1070",45.51574,-73.57391,4889333
"1071",45.51574,-73.57391,4889333
"1072",45.51574,-73.57391,4889333
"1073",45.51574,-73.57391,4889333
"1074",45.51574,-73.57391,4889333
"1075",45.51574,-73.57391,4889333
"1076",45.51574,-73.57391,4889333
"1077",45.51574,-73.57391,4889333
"1078",45.51574,-73.57391,4889333
"1079",45.51574,-73.57391,4889333
"1080",45.51574,-73.57391,4889333
"1081",45.51574,-73.57391,4889333
"1082",45.51574,-73.57391,4889333
"1083",45.51574,-73.57391,4889333
"1084",45.51574,-73.57391,4889333
"1085",45.51574,-73.57391,4889333
"1086",45.51574,-73.57391,4889333
"1087",45.51574,-73.57391,4889333
"1088",45.51574,-73.57391,4889333
"1089",45.51574,-73.57391,4889333
"1090",45.51574,-73.57391,4889333
"1091",45.51574,-73.57391,4889333
"1092",45.51574,-73.57391,4889333
"1093",45.51574,-73.57391,4889333
"1094",45.51574,-73.57391,4889333
"1095",45.51574,-73.57391,4889333
"1096",45.51574,-73.57391,4889333
"1097",45.51574,-73.57391,4889333
"1098",45.51574,-73.57391,4889333
"1099",45.51574,-73.57391,4889333
"1100",45.51574,-73.57391,4889333
"1101",45.51574,-73.57391,4889333
"1102",45.51574,-73.57391,4889333
"1103",45.51574,-73.57391,4889333
"1104",45.51574,-73.57391,4889333
"1105",45.51574,-73.57391,4889333
"1106",45.51574,-73.57391,4889333
"1107",45.51574,-73.57391,4889333
"1108",45.51574,-73.57391,4889333
"1109",45.51574,-73.57391,4889333
"1110",45.51574,-73.57391,4889333
"1111",45.51574,-73.57391,4889333
"1112",45.51574,-73.57391,4889333
"1113",45.51574,-73.57391,4889333
"1114",45.51574,-73.57391,4889333
"1115",45.51574,-73.57391,4889333
"1116",45.51574,-73.57391,4889333
"1117",45.51574,-73.57391,4889333
"1118",45.51574,-73.57391,4889333
"1119",45.51574,-73.57391,4889333
"1120",45.51574,-73.57391,4889333
"1121",45.51574,-73.57391,4889333
"1122",45.51574,-73.57391,4889333
"1123",45.51574,-73.57391,4889333
"1124",45.51574,-73.57391,4889333
"1125",45.51574,-73.57391,4889333
"1126",45.51574,-73.57391,4889333
"1127",45.51574,-73.57391,4889333
"1128",45.51574,-73.57391,4889333
"1129",45.51574,-73.57391,4889333
"1130",45.51574,-73.57391,4889333
"1131",45.51574,-73.57391,4889333
"1132",45.51574,-73.57391,4889333
"1133",45.51574,-73.57391,4889333
"1134",45.51574,-73.57391,4889333
"1135",45.51574,-73.57391,4889333
"1136",45.51574,-73.57391,4889333
"1137",45.51574,-73.57391,4889333
"1138",45.51574,-73.57391,4889333
"1139",45.51574,-73.57391,4889333
"1140",45.51574,-73.57391,4889333
"1141",45.51574,-73.57391,4889333
"1142",45.51574,-73.57391,4889333
"1143",45.51574,-73.57391,4889333
"1144",45.51574,-73.57391,4889333
"1145",45.51574,-73.57391,4889333
"1146",45.51574,-73.57391,4889333
"1147",45.51574,-73.57391,4889333
"1148",45.51574,-73.57391,4889333
"1149",45.51574,-73.57391,4889333
"1150",45.51574,-73.57391,4889333
"1151",45.51574,-73.57391,4889333
"1152",45.51574,-73.57391,4889333
"1153",45.51574,-73.57391,4889333
"1154",45.51574,-73.57391,4889333
"1155",45.51575,-73.57389,4889333
"1156",45.51575,-73.57389,4889333
"1157",45.51574,-73.57389,4889333
"1158",45.51573,-73.57388,4889333
"1159",45.51572,-73.57386,4889333
"1160",45.51571,-73.57383,4889333
"1161",45.51569,-73.57379,4889333
"1162",45.51566,-73.57372,4889333
"1163",45.51565,-73.57366,4889333
"1164",45.51562,-73.57358,4889333
"1165",45.5156,-73.57351,4889333
"1166",45.51557,-73.57345,4889333
"1167",45.51555,-73.57338,4889333
"1168",45.51552,-73.57331,4889333
"1169",45.51549,-73.57325,4889333
"1170",45.51546,-73.57317,4889333
"1171",45.51543,-73.57312,4889333
"1172",45.51539,-73.57306,19908079
"1173",45.51536,-73.57298,19908079
"1174",45.51533,-73.57292,19908079
"1175",45.51531,-73.57284,19908079
"1176",45.51528,-73.57276,19908079
"1177",45.51524,-73.57268,19908079
"1178",45.5152,-73.57261,19908079
"1179",45.51514,-73.57246,19908079
"1180",45.51512,-73.57239,19908079
"1181",45.51507,-73.57233,19908079
"1182",45.51506,-73.57223,19908079
"1183",45.51503,-73.57218,19908079
"1184",45.515,-73.57213,19908079
"1185",45.51497,-73.57208,19908079
"1186",45.51495,-73.57203,19908079
"1187",45.51493,-73.572,19908079
"1188",45.51492,-73.57196,19908079
"1189",45.5149,-73.57193,19908079
"1190",45.51489,-73.5719,19908079
"1191",45.51489,-73.57189,19908079
"1192",45.51487,-73.57186,19908079
"1193",45.51485,-73.57183,19908079
"1194",45.51483,-73.57179,19908079
"1195",45.51481,-73.57175,19908079
"1196",45.51478,-73.57171,19908079
"1197",45.51476,-73.57167,19908079
"1198",45.51475,-73.57159,19908079
"1199",45.51473,-73.57155,19908079
"1200",45.5147,-73.57147,19908079
"1201",45.51467,-73.57139,19908079
"1202",45.51464,-73.57134,19908079
"1203",45.51462,-73.57127,19908079
"1204",45.51458,-73.57119,19908079
"1205",45.51454,-73.57112,19908079
"1206",45.5145,-73.57104,19908079
"1207",45.51447,-73.57096,19908079
"1208",45.51442,-73.57087,19908079
"1209",45.51439,-73.57079,19908079
"1210",45.51434,-73.57071,19908079
"1211",45.5143,-73.57062,19908079
"1212",45.51427,-73.57054,19908079
"1213",45.51423,-73.57045,19908079
"1214",45.51419,-73.57037,19908079
"1215",45.51416,-73.57029,19908079
"1216",45.51412,-73.5702,19908079
"1217",45.5141,-73.57013,19908079
"1218",45.51401,-73.56997,19908079
"1219",45.51398,-73.56989,19908079
"1220",45.51394,-73.56985,19908079
"1221",45.5139,-73.56979,19908079
"1222",45.51386,-73.56971,19908079
"1223",45.51382,-73.56962,19908079
"1224",45.51379,-73.56955,19908079
"1225",45.51375,-73.56945,19908079
"1226",45.51372,-73.56938,19908079
"1227",45.5137,-73.56932,19908079
"1228",45.51368,-73.56928,19908079
"1229",45.51368,-73.56923,19908079
"1230",45.51367,-73.56923,19908079
"1231",45.51367,-73.56923,19908079
"1232",45.51367,-73.56923,19908079
"1233",45.51367,-73.56923,19908079
"1234",45.51367,-73.56923,19908079
"1235",45.51367,-73.56923,19908079
"1236",45.51367,-73.56923,19908079
"1237",45.51367,-73.56923,19908079
"1238",45.51367,-73.56923,19908079
"1239",45.51367,-73.56923,19908079
"1240",45.51367,-73.56923,19908079
"1241",45.51367,-73.56923,19908079
"1242",45.51367,-73.56923,19908079
"1243",45.51367,-73.56923,19908079
"1244",45.51367,-73.56923,19908079
"1245",45.51367,-73.56923,19908079
"1246",45.51367,-73.56923,19908079
"1247",45.51367,-73.56923,19908079
"1248",45.51367,-73.56923,19908079
"1249",45.51367,-73.56923,19908079
"1250",45.51367,-73.56923,19908079
"1251",45.51367,-73.56923,19908079
"1252",45.51367,-73.56923,19908079
"1253",45.51367,-73.56923,19908079
"1254",45.51367,-73.56923,19908079
"1255",45.51367,-73.56923,19908079
"1256",45.51367,-73.56923,19908079
"1257",45.51367,-73.56923,19908079
"1258",45.51367,-73.56923,19908079
"1259",45.51367,-73.56923,19908079
"1260",45.51367,-73.56923,19908079
"1261",45.51367,-73.56923,19908079
"1262",45.51367,-73.56923,19908079
"1263",45.51367,-73.56923,19908079
"1264",45.51367,-73.56923,19908079
"1265",45.51367,-73.56923,19908079
"1266",45.51367,-73.56923,19908079
"1267",45.51367,-73.56923,19908079
"1268",45.51367,-73.56923,19908079
"1269",45.51367,-73.56923,19908079
"1270",45.51367,-73.56923,19908079
"1271",45.51367,-73.56923,19908079
"1272",45.51367,-73.56923,19908079
"1273",45.51367,-73.56923,19908079
"1274",45.51367,-73.56923,19908079
"1275",45.51367,-73.56923,19908079
"1276",45.51367,-73.56923,19908079
"1277",45.51367,-73.56923,19908079
"1278",45.51367,-73.56923,19908079
"1279",45.51367,-73.56923,19908079
"1280",45.51367,-73.56923,19908079
"1281",45.51367,-73.56923,19908079
"1282",45.51367,-73.56923,19908079
"1283",45.51367,-73.56923,19908079
"1284",45.51367,-73.56923,19908079
"1285",45.51367,-73.56923,19908079
"1286",45.51367,-73.56923,19908079
"1287",45.51367,-73.56923,19908079
"1288",45.51366,-73.56921,19908079
"1289",45.51365,-73.5692,19908079
"1290",45.51363,-73.56918,19908079
"1291",45.5136,-73.56913,19908079
"1292",45.51359,-73.5691,19908079
"1293",45.5136,-73.56903,465414952
"1294",45.51364,-73.56899,465414953
"1295",45.51368,-73.56895,465414952
"1296",45.51372,-73.5689,465414952
"1297",45.5138,-73.56886,465414952
"1298",45.51387,-73.56881,465414952
"1299",45.51397,-73.56878,465381658
"1300",45.51406,-73.56874,465381658
"1301",45.51414,-73.5687,465381658
"1302",45.51423,-73.5687,465381658
"1303",45.51432,-73.56867,465381658
"1304",45.51437,-73.56865,465381658
"1305",45.51443,-73.56863,465381658
"1306",45.51447,-73.56862,465381658
"1307",45.51449,-73.5686,465381658
"1308",45.5145,-73.5686,465381658
"1309",45.51451,-73.56859,465381658
"1310",45.51451,-73.56859,465381658
"1311",45.51451,-73.56859,465381658
"1312",45.51451,-73.56859,465381658
"1313",45.51451,-73.56859,465381658
"1314",45.51451,-73.56859,465381658
"1315",45.51451,-73.56859,465381658
"1316",45.51451,-73.56859,465381658
"1317",45.51451,-73.56859,465381658
"1318",45.51451,-73.56859,465381658
"1319",45.51451,-73.56859,465381658
"1320",45.51451,-73.56859,465381658
"1321",45.51451,-73.56859,465381658
"1322",45.51451,-73.56859,465381658
"1323",45.51451,-73.56859,465381658
"1324",45.51451,-73.56859,465381658
"1325",45.51451,-73.56859,465381658
"1326",45.51451,-73.56859,465381658
"1327",45.51451,-73.56859,465381658
"1328",45.51451,-73.56859,465381658
"1329",45.51451,-73.56859,465381658
"1330",45.51451,-73.56859,465381658
"1331",45.51451,-73.56859,465381658
"1332",45.51451,-73.56859,465381658
"1333",45.51451,-73.56859,465381658
"1334",45.51451,-73.56859,465381658
"1335",45.51451,-73.56859,465381658
"1336",45.51451,-73.56859,465381658
"1337",45.51451,-73.56859,465381658
"1338",45.51451,-73.56859,465381658
"1339",45.51451,-73.56859,465381658
"1340",45.51451,-73.56859,465381658
"1341",45.51451,-73.56859,465381658
"1342",45.51451,-73.56859,465381658
"1343",45.51451,-73.56859,465381658
"1344",45.51451,-73.56859,465381658
"1345",45.51451,-73.56859,465381658
"1346",45.51451,-73.56859,465381658
"1347",45.51451,-73.56859,465381658
"1348",45.51451,-73.56859,465381658
"1349",45.51451,-73.56859,465381658
"1350",45.51451,-73.56859,465381658
"1351",45.51453,-73.56857,465381658
"1352",45.51453,-73.56857,465381658
"1353",45.51455,-73.56854,465381658
"1354",45.51459,-73.56851,465381658
"1355",45.51464,-73.56847,465381657
"1356",45.51471,-73.56844,465381657
"1357",45.51479,-73.56841,465381657
"1358",45.51487,-73.56837,465381657
"1359",45.51495,-73.56834,465381657
"1360",45.51502,-73.56832,465381657
"1361",45.51514,-73.56827,465381657
"1362",45.51524,-73.56822,26699202
"1363",45.51534,-73.56818,26699202
"1364",45.51545,-73.56813,26699202
"1365",45.51553,-73.5681,26699202
"1366",45.5156,-73.56807,26699202
"1367",45.51565,-73.56803,26699202
"1368",45.51568,-73.56802,26699202
"1369",45.51569,-73.56802,26699202
"1370",45.51569,-73.56802,26699202
"1371",45.51569,-73.56802,26699202
"1372",45.51569,-73.56802,26699202
"1373",45.51569,-73.56802,26699202
"1374",45.51569,-73.56802,26699202
"1375",45.51569,-73.56802,26699202
"1376",45.51569,-73.56802,26699202
"1377",45.51569,-73.56802,26699202
"1378",45.51569,-73.56802,26699202
"1379",45.51569,-73.56802,26699202
"1380",45.51569,-73.56802,26699202
"1381",45.51569,-73.56802,26699202
"1382",45.51569,-73.56802,26699202
"1383",45.51569,-73.56802,26699202
"1384",45.51569,-73.56802,26699202
"1385",45.51569,-73.56802,26699202
"1386",45.51569,-73.56802,26699202
"1387",45.51569,-73.56802,26699202
"1388",45.51569,-73.56802,26699202
"1389",45.51569,-73.56802,26699202
"1390",45.51569,-73.56802,26699202
"1391",45.51569,-73.56802,26699202
"1392",45.51569,-73.56802,26699202
"1393",45.51569,-73.56802,26699202
"1394",45.51569,-73.56802,26699202
"1395",45.51569,-73.56802,26699202
"1396",45.51569,-73.56802,26699202
"1397",45.51569,-73.56802,26699202
"1398",45.51569,-73.56802,26699202
"1399",45.51569,-73.56802,26699202
"1400",45.51569,-73.56802,26699202
"1401",45.51569,-73.56802,26699202
"1402",45.51569,-73.56802,26699202
"1403",45.51569,-73.56802,26699202
"1404",45.51569,-73.56802,26699202
"1405",45.5157,-73.56806,26699202
"1406",45.51571,-73.56806,26699202
"1407",45.51577,-73.56804,26699202
"1408",45.51583,-73.56801,26699202
"1409",45.5159,-73.56797,26699202
"1410",45.51601,-73.56793,26699202
"1411",45.51612,-73.56788,26699202
"1412",45.51622,-73.56784,26699202
"1413",45.51631,-73.5678,26699202
"1414",45.51641,-73.56776,26699202
"1415",45.5165,-73.56773,26699202
"1416",45.5166,-73.5677,26699202
"1417",45.51668,-73.56767,26699202
"1418",45.51677,-73.56762,26699202
"1419",45.51685,-73.56758,26699202
"1420",45.51695,-73.56754,215446977
"1421",45.51704,-73.56747,215446977
"1422",45.51715,-73.56741,215446977
"1423",45.51727,-73.56735,215446977
"1424",45.51738,-73.5673,215446977
"1425",45.51748,-73.56726,215446977
"1426",45.51758,-73.5672,215446977
"1427",45.51765,-73.56716,215446977
"1428",45.51773,-73.56712,215446977
"1429",45.51777,-73.56711,215446977
"1430",45.5178,-73.56707,215446977
"1431",45.51783,-73.56705,215446977
"1432",45.51784,-73.56704,215446977
"1433",45.51786,-73.56706,36675277
"1434",45.51786,-73.56705,329692109
"1435",45.51786,-73.56705,329692109
"1436",45.51786,-73.56705,329692109
"1437",45.51785,-73.56701,329692109
"1438",45.51785,-73.567,36675277
"1439",45.51786,-73.56701,36675277
"1440",45.51786,-73.56701,36675277
"1441",45.51786,-73.56701,36675277
"1442",45.51786,-73.56699,36675277
"1443",45.51786,-73.56698,36675277
"1444",45.51788,-73.56696,36675277
"1445",45.51792,-73.56694,36675277
"1446",45.51796,-73.56693,36675277
"1447",45.51804,-73.56691,36675277
"1448",45.51812,-73.56687,36675277
"1449",45.5182,-73.56682,453989327
"1450",45.51829,-73.56679,453989327
"1451",45.51838,-73.56674,453989327
"1452",45.51846,-73.56669,453989327
"1453",45.51861,-73.56671,453989327
"1454",45.51866,-73.56669,453989327
"1455",45.51869,-73.56668,453989327
"1456",45.51872,-73.56665,453989327
"1457",45.51874,-73.56664,453989327
"1458",45.51876,-73.56662,453989327
"1459",45.51876,-73.56661,453989326
"1460",45.51877,-73.5666,453989327
"1461",45.5188,-73.5666,453989327
"1462",45.51882,-73.56659,453989327
"1463",45.51888,-73.56656,453989327
"1464",45.51893,-73.56654,453989327
"1465",45.51901,-73.56649,453989326
"1466",45.51911,-73.56645,453989326
"1467",45.51923,-73.56641,453989326
"1468",45.51933,-73.56639,453989326
"1469",45.51942,-73.56636,453989326
"1470",45.51951,-73.56632,36675279
"1471",45.51959,-73.56629,36675279
"1472",45.5197,-73.56624,36675279
"1473",45.5198,-73.56619,36675279
"1474",45.5199,-73.56615,36675279
"1475",45.52001,-73.56609,36675279
"1476",45.52012,-73.56603,126012207
"1477",45.52025,-73.56597,126012207
"1478",45.52038,-73.56591,126012207
"1479",45.52052,-73.56587,126012207
"1480",45.52064,-73.56581,126012207
"1481",45.52076,-73.56575,126012206
"1482",45.52088,-73.56569,126012206
"1483",45.521,-73.56564,126012206
"1484",45.52113,-73.5656,126012206
"1485",45.52126,-73.56558,360141652
"1486",45.52141,-73.56556,360141652
"1487",45.52153,-73.56555,218948504
"1488",45.52167,-73.56555,218948504
"1489",45.5218,-73.56555,218948504
"1490",45.52191,-73.56556,360141651
"1491",45.52204,-73.56556,218948503
"1492",45.52213,-73.56555,218948503
"1493",45.52222,-73.56554,218948503
"1494",45.52229,-73.56554,218948503
"1495",45.52234,-73.56554,218948503
"1496",45.52237,-73.56554,218948503
"1497",45.52239,-73.56553,218948503
"1498",45.52241,-73.56553,218948503
"1499",45.52243,-73.56553,218948503
"1500",45.52243,-73.56553,218948503
"1501",45.52243,-73.56553,218948503
"1502",45.52243,-73.56553,218948503
"1503",45.52243,-73.56553,218948503
"1504",45.52243,-73.56553,218948503
"1505",45.52243,-73.56553,218948503
"1506",45.52243,-73.56553,218948503
"1507",45.52243,-73.56553,218948503
"1508",45.52243,-73.56553,218948503
"1509",45.52243,-73.56553,218948503
"1510",45.52243,-73.56553,218948503
"1511",45.52243,-73.56553,218948503
"1512",45.52243,-73.56553,218948503
"1513",45.52243,-73.56553,218948503
"1514",45.52243,-73.56553,218948503
"1515",45.52243,-73.56553,218948503
"1516",45.52243,-73.56553,218948503
"1517",45.52243,-73.56553,218948503
"1518",45.52243,-73.56553,218948503
"1519",45.52243,-73.56553,218948503
"1520",45.52243,-73.56553,218948503
"1521",45.52243,-73.56553,218948503
"1522",45.52243,-73.56553,218948503
"1523",45.52243,-73.56553,218948503
"1524",45.52243,-73.56553,218948503
"1525",45.52243,-73.56557,19903935
"1526",45.52247,-73.56552,19903935
"1527",45.52252,-73.56554,19903935
"1528",45.52257,-73.56552,463886953
"1529",45.52265,-73.56549,463886953
"1530",45.52275,-73.56547,463886953
"1531",45.52285,-73.56543,463886953
"1532",45.52296,-73.56542,463886953
"1533",45.52307,-73.5654,463886952
"1534",45.52317,-73.56536,463886952
"1535",45.52328,-73.56533,329065112
"1536",45.52339,-73.5653,360141653
"1537",45.5235,-73.56528,360141653
"1538",45.52361,-73.56525,360141653
"1539",45.52372,-73.56522,360141653
"1540",45.52384,-73.56518,463886955
"1541",45.52394,-73.56515,463886955
"1542",45.52404,-73.56512,463886955
"1543",45.52415,-73.56509,463886955
"1544",45.52426,-73.56507,463886955
"1545",45.52436,-73.56504,463886955
"1546",45.52447,-73.56501,463886955
"1547",45.52458,-73.56498,463886955
"1548",45.52468,-73.56494,463886954
"1549",45.52479,-73.5649,463886954
"1550",45.52488,-73.56486,463886954
"1551",45.52496,-73.56484,463886954
"1552",45.52503,-73.56483,463886954
"1553",45.52507,-73.56481,463886954
"1554",45.52511,-73.5648,463886954
"1555",45.52513,-73.56479,463886954
"1556",45.52513,-73.5648,455449062
"1557",45.52513,-73.5648,455449062
"1558",45.52513,-73.5648,455449062
"1559",45.52513,-73.5648,455449062
"1560",45.52513,-73.5648,455449062
"1561",45.52513,-73.5648,455449062
"1562",45.52513,-73.5648,455449062
"1563",45.52513,-73.5648,455449062
"1564",45.52513,-73.5648,455449062
"1565",45.52513,-73.5648,455449062
"1566",45.52513,-73.5648,455449062
"1567",45.52513,-73.5648,455449062
"1568",45.52513,-73.5648,455449062
"1569",45.52513,-73.5648,455449062
"1570",45.52513,-73.5648,455449062
"1571",45.52513,-73.5648,455449062
"1572",45.52513,-73.5648,455449062
"1573",45.52513,-73.5648,455449062
"1574",45.52513,-73.5648,455449062
"1575",45.52513,-73.5648,455449062
"1576",45.52513,-73.5648,455449062
"1577",45.52513,-73.5648,455449062
"1578",45.52513,-73.5648,455449062
"1579",45.52513,-73.5648,455449062
"1580",45.52513,-73.5648,455449062
"1581",45.52513,-73.5648,455449062
"1582",45.52513,-73.5648,455449062
"1583",45.52513,-73.5648,455449062
"1584",45.52513,-73.56478,455449062
"1585",45.52515,-73.56477,463886954
"1586",45.52519,-73.56477,463886954
"1587",45.52524,-73.56473,463886954
"1588",45.52532,-73.56469,463886954
"1589",45.52541,-73.56467,455449062
"1590",45.5255,-73.56464,455449062
"1591",45.52561,-73.56462,455449062
"1592",45.52571,-73.56457,455449062
"1593",45.52581,-73.56453,455449062
"1594",45.52591,-73.5645,455449062
"1595",45.52602,-73.56446,455449062
"1596",45.52612,-73.56443,455449062
"1597",45.52623,-73.56439,455449062
"1598",45.52633,-73.56436,455449062
"1599",45.52643,-73.56433,455449062
"1600",45.52652,-73.5643,455449062
"1601",45.52661,-73.56428,455449062
"1602",45.5267,-73.56426,455449062
"1603",45.52677,-73.56423,455449062
"1604",45.52686,-73.56421,455449062
"1605",45.52695,-73.56418,455449062
"1606",45.52705,-73.56415,455449061
"1607",45.52715,-73.56412,455449061
"1608",45.52724,-73.56408,455449061
"1609",45.52734,-73.56406,455449061
"1610",45.52743,-73.56403,455449061
"1611",45.52753,-73.564,455449061
"1612",45.52759,-73.56395,455449061
"1613",45.52765,-73.56393,455449061
"1614",45.52769,-73.5639,455449061
"1615",45.52775,-73.56388,455449061
"1616",45.52779,-73.56383,37625473
"1617",45.52783,-73.56377,37625473
"1618",45.52784,-73.5637,37625473
"1619",45.52783,-73.56363,37625473
"1620",45.52778,-73.56351,37625473
"1621",45.52772,-73.5634,37625473
"1622",45.52768,-73.56333,37625473
"1623",45.52763,-73.56321,37625473
"1624",45.52759,-73.56307,37625473
"1625",45.52754,-73.56297,37625473
"1626",45.5275,-73.56288,37625473
"1627",45.52746,-73.56279,37625473
"1628",45.52743,-73.56273,37625473
"1629",45.5274,-73.56267,37625473
"1630",45.52738,-73.56263,37625473
"1631",45.52736,-73.56257,37625473
"1632",45.52732,-73.56251,37625473
"1633",45.52729,-73.56243,37625473
"1634",45.52729,-73.56241,37625473
"1635",45.52727,-73.56238,37625473
"1636",45.52726,-73.56235,37625473
"1637",45.52727,-73.56234,37625473
"1638",45.52727,-73.56232,37625473
"1639",45.52727,-73.56232,37625473
"1640",45.52726,-73.56231,37625473
"1641",45.52725,-73.56229,37625473
"1642",45.52725,-73.56229,37625473
"1643",45.52724,-73.56229,37625473
"1644",45.52724,-73.56229,37625473
"1645",45.52723,-73.56227,37625473
"1646",45.52722,-73.56225,37625473
"1647",45.52721,-73.56223,37625473
"1648",45.52719,-73.56221,37625473
"1649",45.52718,-73.5622,37625473
"1650",45.52716,-73.56218,37625473
"1651",45.52712,-73.56211,37625473
"1652",45.5271,-73.56203,37625473
"1653",45.52708,-73.56195,37625473
"1654",45.52705,-73.56187,37625473
"1655",45.52702,-73.56179,37625473
"1656",45.52698,-73.56169,37625473
"1657",45.52693,-73.5616,37625473
"1658",45.52688,-73.5615,37625473
"1659",45.52684,-73.56141,37625473
"1660",45.52681,-73.56132,37625473
"1661",45.52679,-73.56125,37625473
"1662",45.52677,-73.5612,37625473
"1663",45.52675,-73.56117,37625473
"1664",45.52673,-73.56114,37625473
"1665",45.52672,-73.56112,37625473
"1666",45.52671,-73.5611,37625473
"1667",45.52669,-73.56109,37625473
"1668",45.52669,-73.56109,37625473
"1669",45.52669,-73.56109,37625473
"1670",45.52669,-73.56109,37625473
"1671",45.52669,-73.56109,37625473
"1672",45.52669,-73.56109,37625473
"1673",45.52669,-73.56109,37625473
"1674",45.52669,-73.56109,37625473
"1675",45.52669,-73.56109,37625473
"1676",45.52669,-73.56109,37625473
"1677",45.52669,-73.56109,37625473
"1678",45.52669,-73.56109,37625473
"1679",45.52669,-73.56109,37625473
"1680",45.52669,-73.56109,37625473
"1681",45.52669,-73.56109,37625473
"1682",45.52669,-73.56109,37625473
"1683",45.52669,-73.56109,37625473
"1684",45.52669,-73.56109,37625473
"1685",45.52669,-73.56109,37625473
"1686",45.52669,-73.56109,37625473
"1687",45.52669,-73.56109,37625473
"1688",45.52669,-73.56109,37625473
"1689",45.52669,-73.56109,37625473
"1690",45.52669,-73.56109,37625473
"1691",45.52669,-73.56109,37625473
"1692",45.52669,-73.56109,37625473
"1693",45.52669,-73.56109,37625473
"1694",45.52665,-73.561,37625473
"1695",45.52662,-73.56092,37625473
"1696",45.52658,-73.56084,37625473
"1697",45.52655,-73.56078,37625473
"1698",45.52652,-73.5607,37625473
"1699",45.52649,-73.56064,37625473
"1700",45.52646,-73.56057,37625473
"1701",45.52643,-73.56051,37625473
"1702",45.5264,-73.56043,37625473
"1703",45.52637,-73.56036,37625473
"1704",45.52633,-73.56028,37625473
"1705",45.52629,-73.56021,37625473
"1706",45.52626,-73.56014,37625473
"1707",45.52622,-73.56005,37625473
"1708",45.52617,-73.55996,37625473
"1709",45.52613,-73.55987,37625473
"1710",45.52607,-73.55976,37625473
"1711",45.52602,-73.55966,37625473
"1712",45.52598,-73.55953,37625473
